﻿症例.基本情報.がん種.OncoTree..名称.,症例.背景情報.病理診断名,y
,前立腺基底細胞癌,BCCP
,adenocarcinoma,PRAD
,metastatic adenocarcinoma in the lymph node,PRAD
,Adenocarcinoma of the prostate,PRAD
,prostatic adenocarcinoma,PRAD
,Adenocarcinoma,PRAD
Prostate Adenocarcinoma (PRAD)_前立腺腺癌,Adenocarcinoma,PRAD
,腺がん,PRAD
,腺癌,PRAD
,adenocarcinoma of prostate,PRAD
,"AdenocarcinomaA, prostate",PRAD
,前立腺がん,PRAD
,"Adenocarcinoma,NOS",PRAD
,Adenocarcinoma of the prostate.,PRAD
,前立腺癌(adenocarcinoma）,PRAD
,前立腺腺癌,PRAD
Prostate (PROSTATE)_前立腺,腺癌，NOS,PRAD
,adenocarcinoma（去勢抵抗性前立腺癌）,PRAD
,adenicarcinoma,PRAD
,"Adenocarcinoma,前立腺癌・多発骨転移",PRAD
,Carcinoma of prostate gland（前立腺癌）,PRAD
,Adenocarcinoma of the prostate gland,PRAD
,"prostatic adenocarcinoma, acinar adenocarcinoma",PRAD
,adenocarcinoma （前立腺癌）,PRAD
,前立腺癌 Gleason Score 4+4 = 8 (前立腺がん),PRAD
,Adenocarcinoma of prostate,PRAD
Prostate (PROSTATE)_前立腺,腺癌,PRAD
,adenocarcinoma（前立腺癌・多発骨転移）,PRAD
,Poorly differentiated adenocarcinoma (前立腺癌),PRAD
,adenocarcinoma (前立腺癌),PRAD
,Adenocarcinoma（前立腺癌）,PRAD
,adenocarcinoma with small cell carcinoma　　前立腺小細胞がん,PRAD
,Adenocarcinoma（前立腺がん）,PRAD
,"Poorly differentiated adenocarcinoma
    poorly differentiated adenocarcinoma(前立腺癌)",PRAD
,adenocarcinoma (前立腺癌、多発骨転移）,PRAD
,adenocarcinoma(前立腺癌）,PRAD
,adenocarcinoma（前立腺癌・多発リンパ節転移）,PRAD
,"Adenocarcinoma, prostate （前立腺癌）",PRAD
,adenocarcinoma (前立腺癌）,PRAD
,Adenocarcinoma of the Prostate.,PRAD
,前立腺癌（低分化腺癌）,PRAD
,　　Prostatic adenocarcinoma,PRAD
Prostate Small Cell Carcinoma (PRSCC)_前立腺小細胞癌,Small cell neuroendocrinecarcinoma,PRAD
,adenocarcinoma（前立腺癌）,PRAD
,低分化がん,PRAD
,Prostate acinar adenocarcinoma,PRAD
Prostate Adenocarcinoma (PRAD)_前立腺腺癌,Prostate Adenocarcinoma ,PRAD
Prostate Adenocarcinoma (PRAD)_前立腺腺癌,"por,低分化腺癌",PRAD
Prostate Adenocarcinoma (PRAD)_前立腺腺癌,Prostatic adenocarcinoma,PRAD
Prostate Adenocarcinoma (PRAD)_前立腺腺癌,前立腺癌　腺房腺癌,PRAD
Prostate Adenocarcinoma (PRAD)_前立腺腺癌,"adenocarcinoma, prostate (前立腺癌)",PRAD
Prostate Adenocarcinoma (PRAD)_前立腺腺癌,Metastatic cancer of liver,PRAD
,"adenocarcinoma
    adenocarcinoma（前立腺癌）",PRAD
Prostate Adenocarcinoma (PRAD)_前立腺腺癌,Prostate acinar adenocarcinoma,PRAD
Prostate Adenocarcinoma (PRAD)_前立腺腺癌,adenocarcinoma (前立腺癌）,PRAD
Prostate Adenocarcinoma (PRAD)_前立腺腺癌,Adenocarcinoma of the prostate,PRAD
Prostate Adenocarcinoma (PRAD)_前立腺腺癌,"Adenocarcinoma,acinar type",PRAD
Prostate Adenocarcinoma (PRAD)_前立腺腺癌,前立腺癌,PRAD
Prostate Adenocarcinoma (PRAD)_前立腺腺癌,adenocarcinoma,PRAD
Prostate Adenocarcinoma (PRAD)_前立腺腺癌,Prostate acinar adenocarcinoma (前立腺　腺房腺癌),PRAD
Prostate Adenocarcinoma (PRAD)_前立腺腺癌,tubular adenocarcinoma,PRAD
Prostate (PROSTATE)_前立腺,粘液腺癌,PRAD
Prostate Adenocarcinoma (PRAD)_前立腺腺癌,Poorly differentiated adenocarcinoma,PRAD
Prostate Adenocarcinoma (PRAD)_前立腺腺癌,Prostate cancer,PRAD
Prostate Adenocarcinoma (PRAD)_前立腺腺癌,"adenocarcinoma, prostate (前立腺癌）",PRAD
Prostate Adenocarcinoma (PRAD)_前立腺腺癌,Adenocarcinoma (前立腺癌),PRAD
Prostate Adenocarcinoma (PRAD)_前立腺腺癌,腺癌,PRAD
Prostate Adenocarcinoma (PRAD)_前立腺腺癌,metastatic adenocarcinoma of prostate origin,PRAD
Prostate Adenocarcinoma (PRAD)_前立腺腺癌,Prostate adenocarcinoma,PRAD
,adenocarcinoma(前立腺癌・多発骨転移・リンパ節転移),PRAD
Prostate Adenocarcinoma (PRAD)_前立腺腺癌,well differentiated adenocarcinoma,PRAD
Prostate Adenocarcinoma (PRAD)_前立腺腺癌,前立腺腺癌　GS4＋5,PRAD
Prostate Adenocarcinoma (PRAD)_前立腺腺癌,,PRAD
Prostate Adenocarcinoma (PRAD)_前立腺腺癌,腺癌，NOS,PRAD
Prostate Adenocarcinoma (PRAD)_前立腺腺癌,低分化腺癌,PRAD
,ADENOCARCINOMA,PRAD
Prostate Adenocarcinoma (PRAD)_前立腺腺癌,前立腺腺癌,PRAD
Prostate Adenocarcinoma (PRAD)_前立腺腺癌,Prostate acinar adenocinoma(前立腺癌),PRAD
Prostate Adenocarcinoma (PRAD)_前立腺腺癌,adenocarcinoma(rectal invasion (+)) prostate neadle biopsy,PRAD
Prostate Adenocarcinoma (PRAD)_前立腺腺癌,Adenocarcinoma　GS4+4,PRAD
Prostate Adenocarcinoma (PRAD)_前立腺腺癌,adenocarcinoma prostate,PRAD
,"腺癌
腺癌",PRAD
Prostate Adenocarcinoma (PRAD)_前立腺腺癌,acinar adenocarcinoma,PRAD
Prostate Adenocarcinoma (PRAD)_前立腺腺癌,前立腺　Ductal adenocarcinoma (GS 4+4=8),PRAD
Prostate Adenocarcinoma (PRAD)_前立腺腺癌,"前立腺癌
前立腺癌",PRAD
Prostate Adenocarcinoma (PRAD)_前立腺腺癌,Adenocarcinoma　GS5+5,PRAD
Prostate Adenocarcinoma (PRAD)_前立腺腺癌,Adenocarcinoma GS4+5,PRAD
Prostate Adenocarcinoma (PRAD)_前立腺腺癌,Adenocarcinoma（Gleason　score　4＋5＝9），prostate，biopsy,PRAD
Prostate Adenocarcinoma (PRAD)_前立腺腺癌,Adenocarcinoma of prostate,PRAD
Prostate Adenocarcinoma (PRAD)_前立腺腺癌,"adenocarcinoma, prostate",PRAD
Prostate Adenocarcinoma (PRAD)_前立腺腺癌,Adenocarcinoma of the prostate.,PRAD
Prostate Adenocarcinoma (PRAD)_前立腺腺癌,前立腺低分化腺癌,PRAD
Prostate Adenocarcinoma (PRAD)_前立腺腺癌,"Adenocarcinoma, highest Gleason score:4+5",PRAD
Prostate Adenocarcinoma (PRAD)_前立腺腺癌,"adenocarcinoma, prostate （前立腺癌）",PRAD
Prostate Adenocarcinoma (PRAD)_前立腺腺癌,前立腺がん,PRAD
Prostate Adenocarcinoma (PRAD)_前立腺腺癌,Prostate Adenocarcinoma,PRAD
Prostate Adenocarcinoma (PRAD)_前立腺腺癌,adenocarcinoma、Gleason score5+4,PRAD
Prostate Adenocarcinoma (PRAD)_前立腺腺癌,ADENOCARCINOMA,PRAD
Prostate Adenocarcinoma (PRAD)_前立腺腺癌,poorly differentiated adenocarcinoma Gleason Score 4+3 ,PRAD
Prostate Adenocarcinoma (PRAD)_前立腺腺癌,Adenocarcinoma(por),PRAD
,adenocarcinoma (去勢抵抗性前立腺がん、多発骨転移）,PRAD
Prostate Adenocarcinoma (PRAD)_前立腺腺癌,前立腺導管癌,PRAD
Prostate Adenocarcinoma (PRAD)_前立腺腺癌,Adenocarcinoma of the prostate gland,PRAD
Prostate Adenocarcinoma (PRAD)_前立腺腺癌,Adenocarcinoma　GS8~10,PRAD
Prostate Adenocarcinoma (PRAD)_前立腺腺癌,Gleason score 4+5,PRAD
Prostate Adenocarcinoma (PRAD)_前立腺腺癌,"Adenocarcinoma,Gleason score 4+4",PRAD
Prostate Adenocarcinoma (PRAD)_前立腺腺癌,"Adenocarcinoma（por,mod)　GS4+4 6/8",PRAD
Prostate Adenocarcinoma (PRAD)_前立腺腺癌,Adenocarcinoma(por)　GS5+5,PRAD
Prostate Adenocarcinoma (PRAD)_前立腺腺癌,"Poorly differentiated carcinoma,propable prostatic carcinoma",PRAD
Prostate Adenocarcinoma (PRAD)_前立腺腺癌,adenocarcinoma of the prostate,PRAD
,Adenocarcinoma　(前立腺癌）,PRAD
Prostate Adenocarcinoma (PRAD)_前立腺腺癌,Prostate cancer Adenocarcinoma GS5＋４＝９,PRAD
Prostate Adenocarcinoma (PRAD)_前立腺腺癌,Adenocarcinom of Prostate,PRAD
Prostate Adenocarcinoma (PRAD)_前立腺腺癌,Adenocarcinoma　GS4+5,PRAD
Prostate Adenocarcinoma (PRAD)_前立腺腺癌,Moderately〜Poorly differentiated adenocarcinoma,PRAD
Prostate Adenocarcinoma (PRAD)_前立腺腺癌,Invasive adenocarcinoma of the prostate,PRAD
Prostate Adenocarcinoma (PRAD)_前立腺腺癌,adenocarcinoma Gleason score 4+4,PRAD
Prostate Adenocarcinoma (PRAD)_前立腺腺癌,"Adenocarcinoma, Gleason score 5+5=10",PRAD
Prostate Adenocarcinoma (PRAD)_前立腺腺癌,Adenocarcinoma　Gleason score 4+4=8,PRAD
Prostate Adenocarcinoma (PRAD)_前立腺腺癌,Adenocarcinoma（前立腺癌）,PRAD
Prostate Adenocarcinoma (PRAD)_前立腺腺癌,"Adenocarcinoma(por,mod)　GS4+5",PRAD
Prostate Adenocarcinoma (PRAD)_前立腺腺癌,"Aenocarcimona, Gleason score 5+5",PRAD
Prostate Adenocarcinoma (PRAD)_前立腺腺癌,"Adenocarcinoma, Gleason score 9(4+5), WHO Grade group 5（前立腺癌）",PRAD
Prostate Adenocarcinoma (PRAD)_前立腺腺癌,"Prostati cancer of both lobes,biopsy",PRAD
Prostate Adenocarcinoma (PRAD)_前立腺腺癌,Prostatib adenocarcinoma,PRAD
,Adenocarcinoma with focal neuroendocrine differentiation（前立腺癌術後、局所再発）,PRAD
Prostate Adenocarcinoma (PRAD)_前立腺腺癌,中分化腺癌,PRAD
Prostate Adenocarcinoma (PRAD)_前立腺腺癌,Invasive carcinoma of prostate,PRAD
Prostate Adenocarcinoma (PRAD)_前立腺腺癌,prostate cancer,PRAD
Prostate Adenocarcinoma (PRAD)_前立腺腺癌,Adenocarcinoma(mod)　GS4+4,PRAD
Prostate Adenocarcinoma (PRAD)_前立腺腺癌,poorly differentiated adenocarcinoma,PRAD
Prostate Adenocarcinoma (PRAD)_前立腺腺癌,"adenocarcinoma,Gleason's score 4+5",PRAD
Prostate Adenocarcinoma (PRAD)_前立腺腺癌,prostatic adenocarcinoma,PRAD
Prostate Adenocarcinoma (PRAD)_前立腺腺癌,prostate acinar adenocarcinoma,PRAD
Prostate Adenocarcinoma (PRAD)_前立腺腺癌,Adenocarcinoma of the prostate(前立腺癌）,PRAD
Prostate Adenocarcinoma (PRAD)_前立腺腺癌,moderately〜poorly differentiated adenocarcinoma,PRAD
Prostate (PROSTATE)_前立腺,Adenocarcinoma,PRAD
Prostate Adenocarcinoma (PRAD)_前立腺腺癌,adenomarcinoma,PRAD
Prostate Adenocarcinoma (PRAD)_前立腺腺癌,Prostate　Adenocarcinoma,PRAD
Prostate Adenocarcinoma (PRAD)_前立腺腺癌,Prostatic　adenocarcinoma,PRAD
Prostate Adenocarcinoma (PRAD)_前立腺腺癌,prostate adenocarcinoma,PRAD
Prostate Adenocarcinoma (PRAD)_前立腺腺癌,Adenocarcinoma of the prostate（前立腺癌）,PRAD
Prostate Adenocarcinoma (PRAD)_前立腺腺癌,前立腺癌、腺癌,PRAD
Prostate Adenocarcinoma (PRAD)_前立腺腺癌,Poorly differentiated carcinoma,PRAD
Prostate Adenocarcinoma (PRAD)_前立腺腺癌,Acinar adenocarcinoma,PRAD
Prostate Adenocarcinoma (PRAD)_前立腺腺癌,"Adenocarcinoma, prostate （前立腺腺癌）",PRAD
Prostate Adenocarcinoma (PRAD)_前立腺腺癌,"adenocarcinoma,　prostate",PRAD
Prostate Adenocarcinoma (PRAD)_前立腺腺癌,prostatic carcinoma　(moderately /poorly differentiated acinar adenocarcinoma：Gleason score 4+5=9,PRAD
Prostate (PROSTATE)_前立腺,Small cell carcinoma and moderately differentiated adenocarcinoma,PRAD
,adenocarcinoma　(前立腺癌、多発肝転移、多発骨転移、多発リンパ節転移）,PRAD
Prostate Adenocarcinoma (PRAD)_前立腺腺癌,Adenocarcinoma ,PRAD
Prostate Adenocarcinoma (PRAD)_前立腺腺癌,Intraductal carcinoma,PRAD
,"Adenocarcinoma, Gleason's grade 4/5",PRAD
Prostate Adenocarcinoma (PRAD)_前立腺腺癌,去勢抵抗性前立腺癌,PRAD
Prostate Adenocarcinoma (PRAD)_前立腺腺癌,Adenocarcinoma　GS4+3,PRAD
Prostate Adenocarcinoma (PRAD)_前立腺腺癌,Prostate adenocarcinoma（前立腺がん）,PRAD
Prostate Small Cell Carcinoma (PRSCC)_前立腺小細胞癌,"Prostatic cancer,adenocarcinoma",PRAD
Prostate Adenocarcinoma (PRAD)_前立腺腺癌,Ductal adenocarcinoma,PRAD
Prostate Adenocarcinoma (PRAD)_前立腺腺癌,"adenocarcinoma, prostate (前立腺腺癌）",PRAD
Prostate Adenocarcinoma (PRAD)_前立腺腺癌,"Adenocarcinoma, Gleason score9 (5+4), WHO Grade group5（前立腺癌）",PRAD
Prostate Adenocarcinoma (PRAD)_前立腺腺癌,前立腺癌　Adenocarcinoma,PRAD
Prostate Adenocarcinoma (PRAD)_前立腺腺癌,低分化型腺癌,PRAD
Prostate Adenocarcinoma (PRAD)_前立腺腺癌,Adenocarcinoma GS 5+5(前立腺癌),PRAD
Prostate Adenocarcinoma (PRAD)_前立腺腺癌,Adenocarcinoma　GS　5+4,PRAD
Prostate Adenocarcinoma (PRAD)_前立腺腺癌,"Adenocarcinoma,poorly,Gleason score 8(4+4),right 1-8",PRAD
Prostate Adenocarcinoma (PRAD)_前立腺腺癌,"adenocarcinoma, prostate （前立腺腺癌）",PRAD
Prostate Adenocarcinoma (PRAD)_前立腺腺癌,"Ｐorrly differentiated adenocarcinoma, Ｇleason’s score 9(4+5)",PRAD
Prostate Adenocarcinoma (PRAD)_前立腺腺癌,Prostatic Adenocarcionoma,PRAD
Prostate Adenocarcinoma (PRAD)_前立腺腺癌,Prostatic Adenocarcinoma,PRAD
Prostate Neuroendocrine Carcinoma (PRNE)_前立腺神経内分泌腫瘍,"adenocarcinoma,　prostate, needle biopsy",PRAD
Prostate Adenocarcinoma (PRAD)_前立腺腺癌,転移性前立腺癌,PRAD
Prostate Adenocarcinoma (PRAD)_前立腺腺癌,moderately to poorly differentiated adenocarcinoma,PRAD
Prostate Adenocarcinoma (PRAD)_前立腺腺癌,腺房腺癌,PRAD
Prostate Adenocarcinoma (PRAD)_前立腺腺癌,Adenocarcinoma of the prostate ,PRAD
Prostate Adenocarcinoma (PRAD)_前立腺腺癌,前立腺がん　Gleason score 4+5=9,PRAD
Prostate Neuroendocrine Carcinoma (PRNE)_前立腺神経内分泌腫瘍,Prostatic adenocarcinoma,PRAD
Prostate Adenocarcinoma (PRAD)_前立腺腺癌,Acinar Adenocarcinoma,PRAD
Prostate Adenocarcinoma (PRAD)_前立腺腺癌,Prostate Adenocarcinoma（前立腺がん）,PRAD
Prostate Adenocarcinoma (PRAD)_前立腺腺癌,"adenocarcinoma,mucinous type",PRAD
Prostate Adenocarcinoma (PRAD)_前立腺腺癌,Pooly differentiated adenocarcinoma,PRAD
Prostate Adenocarcinoma (PRAD)_前立腺腺癌,"Adenocarcinoma of the prostate,biopsy",PRAD
Prostate Adenocarcinoma (PRAD)_前立腺腺癌,moderately　differentiated　Adenocarcinoma,PRAD
Prostate Adenocarcinoma (PRAD)_前立腺腺癌,"Adenocarcinoma
Adenocarcinoma",PRAD
Prostate Adenocarcinoma (PRAD)_前立腺腺癌,"Adenocarcinoma,Gleason score 5+5=10 （Grade Group 5）",PRAD
Prostate Adenocarcinoma (PRAD)_前立腺腺癌,腺癌，NOS（去勢抵抗性前立腺癌、多発肺転移、骨転移、リンパ節転移）,PRAD
Prostate Adenocarcinoma (PRAD)_前立腺腺癌,Moderately differentiated adenocarcinoma,PRAD
Prostate Adenocarcinoma (PRAD)_前立腺腺癌,Poorly and moderately differentiated adenocarcioma （前立腺癌）,PRAD
Prostate Adenocarcinoma (PRAD)_前立腺腺癌,adenocarsinoma,PRAD
Prostate Adenocarcinoma (PRAD)_前立腺腺癌,前立腺癌転移性骨腫瘍の疑い,PRAD
Prostate (PROSTATE)_前立腺,腺癌，ＮＯＳ,PRAD
Prostate Adenocarcinoma (PRAD)_前立腺腺癌,"adenocarcinoma, prostate（前立腺腺癌）",PRAD
Prostate Adenocarcinoma (PRAD)_前立腺腺癌,"Adenocarcinoma, prostate",PRAD
Prostate Adenocarcinoma (PRAD)_前立腺腺癌,転移性肝腫瘍（前立腺癌転移）,PRAD
Prostate Adenocarcinoma (PRAD)_前立腺腺癌,"Prostatic cancer, adenocarcinoma（前立腺がん）",PRAD
Prostate Adenocarcinoma (PRAD)_前立腺腺癌,adenocarcioma,PRAD
Prostate Adenocarcinoma (PRAD)_前立腺腺癌,粘液腺癌,PRAD
Prostate Adenocarcinoma (PRAD)_前立腺腺癌,Carcinoma,PRAD
Prostate Adenocarcinoma (PRAD)_前立腺腺癌,"Adenocarcinoma (prostate, biopsy)",PRAD
Prostate (PROSTATE)_前立腺,adenocarcinoma (前立腺癌）,PRAD
Prostate Adenocarcinoma (PRAD)_前立腺腺癌,前立腺がん　Gleason score 5+4=9相当,PRAD
Prostate Adenocarcinoma (PRAD)_前立腺腺癌,"Acinic cell carcinoma, prostate（前立腺癌）",PRAD
Prostate Adenocarcinoma (PRAD)_前立腺腺癌,"Adenocarcinoma, prostate, needle biopsy",PRAD
Prostate Neuroendocrine Carcinoma (PRNE)_前立腺神経内分泌腫瘍,Adenocarcinoma and neuroendocrine carcinoma（膀胱＋前立腺癌）,PRAD
Prostate Adenocarcinoma (PRAD)_前立腺腺癌,"Adenocarcinoma, prostate, biopsy",PRAD
Prostate Adenocarcinoma (PRAD)_前立腺腺癌,"Poorly〜moderately differentiated adenocarcinoma 
Poorly〜moderately differentiated adenocarcinoma 
Poorly〜moderately differentiated adenocarcinoma 
Poorly〜moderately differentiated adenocarcinom",PRAD
Prostate Adenocarcinoma (PRAD)_前立腺腺癌,adenocarcinoma Gleason score 4+5,PRAD
Prostate Adenocarcinoma (PRAD)_前立腺腺癌,前立腺腺癌　GS4＋５,PRAD
Prostate Adenocarcinoma (PRAD)_前立腺腺癌,Adenocarcinoma（前立腺がん）,PRAD
Prostate Adenocarcinoma (PRAD)_前立腺腺癌,adenocarcinoma of prostate,PRAD
Prostate Adenocarcinoma (PRAD)_前立腺腺癌,Adnenocarcinoma,PRAD
Prostate Adenocarcinoma (PRAD)_前立腺腺癌,低分化腺癌（前立腺癌、膀胱再発）,PRAD
Prostate Adenocarcinoma (PRAD)_前立腺腺癌,adenocarcinoma (前立腺癌),PRAD
Prostate Adenocarcinoma (PRAD)_前立腺腺癌,adenocarcinoma（前立腺癌）,PRAD
Prostate Adenocarcinoma (PRAD)_前立腺腺癌,"Acinar adenocarcinoma,Gleason score 4+5＝9",PRAD
Prostate Adenocarcinoma (PRAD)_前立腺腺癌,Adenocarcinoma、Gleason's grade 4/5,PRAD
Prostate Adenocarcinoma (PRAD)_前立腺腺癌,poorly to moderately differentiated adenocarcinoma,PRAD
Prostate Adenocarcinoma (PRAD)_前立腺腺癌,"Adenocarcinoma, Prostate",PRAD
Prostate Adenocarcinoma (PRAD)_前立腺腺癌,Invasion of prostatic adenocarcinoma,PRAD
Prostate Adenocarcinoma (PRAD)_前立腺腺癌,前立腺腺房腺癌,PRAD
Prostate Adenocarcinoma (PRAD)_前立腺腺癌,Poorly〜moderately differentiated adenocarcinoma,PRAD
Prostate Adenocarcinoma (PRAD)_前立腺腺癌,確認中,PRAD
Prostate Adenocarcinoma (PRAD)_前立腺腺癌,"Moderately to poorly,adenocarcinoma",PRAD
Prostate Adenocarcinoma (PRAD)_前立腺腺癌,moderately differentiated adenocarcinoma,PRAD
Prostate Adenocarcinoma (PRAD)_前立腺腺癌,"Adenocarcinoma, Gleason score9(4+5)（）",PRAD
Prostate Adenocarcinoma (PRAD)_前立腺腺癌,"adenocarcinoma,moderately and poorly differentiated,Gleason score 5+4=9",PRAD
Prostate Adenocarcinoma (PRAD)_前立腺腺癌,"Adenocarcinoma, acinar,　highest Gleason 4+5",PRAD
Prostate Adenocarcinoma (PRAD)_前立腺腺癌,"Ｐoorly differentiated adenocarcinoma, Ｇleason’s score 8(4+4)（前立腺癌）",PRAD
Prostate Adenocarcinoma (PRAD)_前立腺腺癌,moderate to poorly differentiated adenocarcinoma,PRAD
Prostate Adenocarcinoma (PRAD)_前立腺腺癌,前立腺がん　Gleason score 5+4=9,PRAD
Prostate Adenocarcinoma (PRAD)_前立腺腺癌,Prostatic adenocarcinoma（前立腺がん）,PRAD
Prostate Adenocarcinoma (PRAD)_前立腺腺癌,"adenocarcinoma,prostate（前立腺癌）",PRAD
Prostate Adenocarcinoma (PRAD)_前立腺腺癌,Poorly to moderately differentiated adenocarcinoma,PRAD
Prostate Adenocarcinoma (PRAD)_前立腺腺癌,moderatery differentiated adenocarcinoma,PRAD
Prostate Adenocarcinoma (PRAD)_前立腺腺癌,未実施,PRAD
Prostate Adenocarcinoma (PRAD)_前立腺腺癌,prostatic carcinoma,PRAD
Prostate (PROSTATE)_前立腺,adenocarcinoma,PRAD
Prostate Adenocarcinoma (PRAD)_前立腺腺癌,"GS5+4, EPE1, RM1, ly1, v1, pn1, lymph0, PZ ca(最大径20mm)（転移性去勢抵抗性前立腺癌）",PRAD
Prostate Neuroendocrine Carcinoma (PRNE)_前立腺神経内分泌腫瘍,Adenocarcinoma,PRAD
Prostate Adenocarcinoma (PRAD)_前立腺腺癌,Adenocarcinoma (前立腺）,PRAD
Prostate (PROSTATE)_前立腺,adenocarcinoma(前立腺癌),PRAD
Prostate Adenocarcinoma (PRAD)_前立腺腺癌,"adenocarcinoma,poorly differentiated,prostate（前立腺癌）",PRAD
Prostate Adenocarcinoma (PRAD)_前立腺腺癌,Moderately to poorly differentiated adenocarcinoma,PRAD
Prostate Adenocarcinoma (PRAD)_前立腺腺癌,clinical prostate cancer,PRAD
Prostate Adenocarcinoma (PRAD)_前立腺腺癌,"Adenocarcinoma, Gleason's score 4+3=7（前立腺癌）",PRAD
Prostate Adenocarcinoma (PRAD)_前立腺腺癌,"Prostate, ductal adenocarcinoma",PRAD
Prostate Adenocarcinoma (PRAD)_前立腺腺癌,prostate Adenocarcinoma,PRAD
Prostate Adenocarcinoma (PRAD)_前立腺腺癌,"Adenocarcinoma,prostate,GS 5+4",PRAD
Prostate Adenocarcinoma (PRAD)_前立腺腺癌,Prostate Adenocarcinoma (PRAD),PRAD
Prostate Adenocarcinoma (PRAD)_前立腺腺癌,"Poorly differentiated carcinoma, Prostate",PRAD
Prostate Adenocarcinoma (PRAD)_前立腺腺癌,Adenocarcinoma　GS4＋5,PRAD
Prostate Adenocarcinoma (PRAD)_前立腺腺癌,Adenocarcinoma（前立腺がん Gleason score 7）,PRAD
Prostate Adenocarcinoma (PRAD)_前立腺腺癌,"adenocarcinoma，gleason score:5+4＝9,IDC-P(+)",PRAD
Prostate Adenocarcinoma (PRAD)_前立腺腺癌,"Adenocarcinoma,needle biopsy of prostate（前立腺癌）",PRAD
Prostate Adenocarcinoma (PRAD)_前立腺腺癌,"Adenocarcinoma, Gleason's score:3+4=7",PRAD
Prostate Adenocarcinoma (PRAD)_前立腺腺癌,"Invasive carcinoma,suspicious of prostatic adenocarcinoma,poorly differentiated（前立腺癌）",PRAD
Prostate Adenocarcinoma (PRAD)_前立腺腺癌,Adenocarcinoma Gleason score4+5=9,PRAD
Prostate Adenocarcinoma (PRAD)_前立腺腺癌,adenocarcinoma（前立腺癌、多発骨転移）,PRAD
Prostate Adenocarcinoma (PRAD)_前立腺腺癌,低分化前立腺癌,PRAD
Prostate Adenocarcinoma (PRAD)_前立腺腺癌,adenocarcinoma（前立腺）,PRAD
Prostate Adenocarcinoma (PRAD)_前立腺腺癌,"prostatic adenocarcinoma,acinar adenocarcinoma>ductal carcinoma",PRAD
Prostate Adenocarcinoma (PRAD)_前立腺腺癌,前立腺がん　線房腺癌,PRAD
Prostate Adenocarcinoma (PRAD)_前立腺腺癌,Aciner Adenocarcinoma,PRAD
Prostate Adenocarcinoma (PRAD)_前立腺腺癌, 前立腺癌（prostate acinar adenocarcinoma）,PRAD
Prostate Adenocarcinoma (PRAD)_前立腺腺癌,"Adenocarcinoma,Prostate",PRAD
Prostate Adenocarcinoma (PRAD)_前立腺腺癌,"Adenocarcinoma, prostate.",PRAD
Prostate Adenocarcinoma (PRAD)_前立腺腺癌,"poorly differenciated carcinoma, prostate (低分化前立腺癌）",PRAD
Prostate Adenocarcinoma (PRAD)_前立腺腺癌,Ａｄｅｎｏｃａｒｃｉｎｏｍａ,PRAD
Prostate Adenocarcinoma (PRAD)_前立腺腺癌,前立腺腺がん,PRAD
Prostate Adenocarcinoma (PRAD)_前立腺腺癌,"Adenocarcinoma of the prostate,biopsy、Adenocarcinoma infiltration in the urinary bladder,TUR-Bt",PRAD
Prostate (PROSTATE)_前立腺,"adenocarcinoma,GS5+4",PRAD
Prostate Adenocarcinoma (PRAD)_前立腺腺癌,adenocarcinoma GS4+4,PRAD
Prostate (PROSTATE)_前立腺,Adenocarcinoma (前立腺癌),PRAD
Prostate Adenocarcinoma (PRAD)_前立腺腺癌,前立腺癌 cT3bN1M1b,PRAD
Prostate Adenocarcinoma (PRAD)_前立腺腺癌,Adenocarcinoma（前立腺）,PRAD
Prostate Adenocarcinoma (PRAD)_前立腺腺癌,前立腺癌、腺房腺癌　Ｇｌｅａｓｏｎ　Ｓｃｏｒｅ　４＋５,PRAD
Prostate Adenocarcinoma (PRAD)_前立腺腺癌,"腺癌
腺癌",PRAD
Prostate Adenocarcinoma (PRAD)_前立腺腺癌,"Moderately to poorly differentiated adenocarcinoma, GS 4+4=8（前立腺がん）",PRAD
Prostate Adenocarcinoma (PRAD)_前立腺腺癌,"Moderately differentiated Adenocarcinoma, GS 4+3=7(前立腺がん)",PRAD
Prostate Adenocarcinoma (PRAD)_前立腺腺癌,"Acinar adenocarcionma, Grade group5(GS 5+5, highest)",PRAD
Prostate Adenocarcinoma (PRAD)_前立腺腺癌,Mucinous adenocarcinoma,PRAD
Prostate Adenocarcinoma (PRAD)_前立腺腺癌,adenocarcinoma、GS4+4,PRAD
Prostate Adenocarcinoma (PRAD)_前立腺腺癌,"Prostate adenocarcinoma,Poorly differentiated",PRAD
Prostate (PROSTATE)_前立腺,導管内癌，非浸潤性，NOS（前立腺導管癌、多発肺転移、リンパ節転移）,PRAD
Prostate Adenocarcinoma (PRAD)_前立腺腺癌,"prostatic cancer, bladder invasion of prostatic acinar adenocarcinoma, GS 5+4=9",PRAD
Prostate Adenocarcinoma (PRAD)_前立腺腺癌,癌腫，転移性，ＮＯＳ,PRAD
Prostate (PROSTATE)_前立腺,adenocarcinoma　(前立腺癌),PRAD
Prostate Adenocarcinoma (PRAD)_前立腺腺癌,"Adenocarcinoma,poorly differentiated with well and moderately（前立腺癌）",PRAD
Prostate Small Cell Carcinoma (PRSCC)_前立腺小細胞癌,adenocarinoma（前立腺小細胞癌、多発骨転移、多発リンパ節転移）,PRAD
Prostate Adenocarcinoma (PRAD)_前立腺腺癌,Adenocaricinoma　前立腺癌,PRAD
Prostate Adenocarcinoma (PRAD)_前立腺腺癌,"Adenocarcinoma, Gleason score 9(4+5), WHO grade group 5（前立腺癌）",PRAD
Prostate Adenocarcinoma (PRAD)_前立腺腺癌,"Adenocarcinoma, Gleason score 9(4+5)（前立腺癌）",PRAD
Prostate Adenocarcinoma (PRAD)_前立腺腺癌,腺癌，ＮＯＳ,PRAD
Prostate Adenocarcinoma (PRAD)_前立腺腺癌,Adenocarcinoma、GS4+5＝9,PRAD
Prostate Adenocarcinoma (PRAD)_前立腺腺癌,adenocariconoma of the prostate,PRAD
Prostate Adenocarcinoma (PRAD)_前立腺腺癌,Prostate Adnocarcinoma,PRAD
Prostate (PROSTATE)_前立腺,adenocarcinoma　GS 5+4=9 (前立腺癌）,PRAD
Prostate Adenocarcinoma (PRAD)_前立腺腺癌,転移性骨腫瘍,PRAD
Prostate Adenocarcinoma (PRAD)_前立腺腺癌,"Prostatic cancer,adenocarcinoma",PRAD
Prostate Adenocarcinoma (PRAD)_前立腺腺癌,adenocarcinoma Gleason score 4+3,PRAD
Prostate Adenocarcinoma (PRAD)_前立腺腺癌,Adenocarcinoma　GS4+5=9,PRAD
Prostate Adenocarcinoma (PRAD)_前立腺腺癌,"Adenocarcinoma,GS 4+3＝7",PRAD
Prostate Adenocarcinoma (PRAD)_前立腺腺癌,adenocarcinoma (前立腺癌) GS4＋4=8,PRAD
Prostate Adenocarcinoma (PRAD)_前立腺腺癌,"Adenocarcinoma, Gleason score 9 (4+5), WHO Grade group 5（転移性去勢抵抗性前立腺癌）",PRAD
Prostate Adenocarcinoma (PRAD)_前立腺腺癌,Adenocarcinoma of the prostate　GS4+5=9 ,PRAD
Prostate Adenocarcinoma (PRAD)_前立腺腺癌,Prostate Adenocarcinom,PRAD
Prostate Adenocarcinoma (PRAD)_前立腺腺癌,"adenocarcinoma, GS4+3",PRAD
Prostate (PROSTATE)_前立腺,Adenocarcinoma(前立腺癌),PRAD
Prostate Adenocarcinoma (PRAD)_前立腺腺癌,"adenocarcinoma,Prostate",PRAD
Prostate Adenocarcinoma (PRAD)_前立腺腺癌,adenocarcinoma Gleason score 3+4,PRAD
Prostate Adenocarcinoma (PRAD)_前立腺腺癌,"Adenocarcinoma,　Poorly differentiated",PRAD
Prostate (PROSTATE)_前立腺,clinical prostate cancer,PRAD
Prostate Adenocarcinoma (PRAD)_前立腺腺癌,aciner adenocarcinoma,PRAD
Prostate Adenocarcinoma (PRAD)_前立腺腺癌,前立腺癌　GS5+4,PRAD
Prostate Adenocarcinoma (PRAD)_前立腺腺癌,adenocarinoma,PRAD
Prostate Adenocarcinoma (PRAD)_前立腺腺癌,中分化型腺癌,PRAD
Prostate Adenocarcinoma (PRAD)_前立腺腺癌,前立腺癌（低分化型腺癌）,PRAD
Prostate Adenocarcinoma (PRAD)_前立腺腺癌,"Moderately differentiated adenocarcinoma,prostate（前立腺癌）",PRAD
Prostate Adenocarcinoma (PRAD)_前立腺腺癌,前立腺癌　prostate cancer,PRAD
Prostate (PROSTATE)_前立腺,adenocarcinoma　GS5+4=9 (前立腺癌),PRAD
Prostate Adenocarcinoma (PRAD)_前立腺腺癌,Prostate Adenocarcinoma（PRAD）,PRAD
Prostate Adenocarcinoma (PRAD)_前立腺腺癌,ptostatic carcinoma,PRAD
Prostate Adenocarcinoma (PRAD)_前立腺腺癌,adenocarcinoma GS4+5,PRAD
Prostate Adenocarcinoma (PRAD)_前立腺腺癌,adenocarcinoma Gleason score 5+4,PRAD
Prostate Adenocarcinoma (PRAD)_前立腺腺癌,腺癌，NOS（局所進行前立腺導管癌）,PRAD
Prostate Adenocarcinoma (PRAD)_前立腺腺癌,"Adenocarcinoma with mucinous features,prostate",PRAD
Prostate Adenocarcinoma (PRAD)_前立腺腺癌,"adenocarcinoma, GS4+4",PRAD
Prostate Adenocarcinoma (PRAD)_前立腺腺癌,"Acinar adenocarcinoma, Gleason score 4+3=7",PRAD
Prostate Adenocarcinoma (PRAD)_前立腺腺癌,腺癌（去勢抵抗性前立腺癌）,PRAD
Prostate Adenocarcinoma (PRAD)_前立腺腺癌,Poorly differentiated adenocarcinoma of the prostate,PRAD
Prostate Adenocarcinoma (PRAD)_前立腺腺癌,Adenocarcinoma(前立腺),PRAD
Prostate Adenocarcinoma (PRAD)_前立腺腺癌,adenocarcinoma (mod.diff),PRAD
Prostate Adenocarcinoma (PRAD)_前立腺腺癌,Moderatery to poorly differentiated adenocarcinoma,PRAD
Prostate Adenocarcinoma (PRAD)_前立腺腺癌,Adenocaricinoma（前立腺癌）,PRAD
Prostate Adenocarcinoma (PRAD)_前立腺腺癌,"adenocarcinoma with focal neuroendcrine differentiation, prostate (前立腺癌）",PRAD
Prostate Adenocarcinoma (PRAD)_前立腺腺癌,"adenocarcinoma, GS3+4",PRAD
Prostate Adenocarcinoma (PRAD)_前立腺腺癌,前立腺がん　acinar adenocarcinoma,PRAD
,Neuroendocrine carcinoma,PRNEC
,Large cell neuroendocrine cancer,PRNEC
,前立腺神経内分泌癌,PRNEC
,前立腺癌→前立腺神経内分泌癌（2018/3/30),PRNEC
,前立腺癌→神経内分泌癌,PRNEC
,"neuroendocrine prostate cancer, 前立腺がん",PRNEC
,"Poorly differentiated carcinoma
    Poorly differentiated carcinoma（前立腺原発神経内分泌癌）",PRNEC
Prostate Neuroendocrine Carcinoma (PRNE)_前立腺神経内分泌腫瘍,組織学的には、小型立方状細胞が索状ないし小型充実性胞巣を形成し増生する腫瘍の増生が認められる。ホルモン療法治療後であり、既存の前立腺癌が再発し神経内分泌変化を起こした可能性が高い。,PRNEC
Prostate Neuroendocrine Carcinoma (PRNE)_前立腺神経内分泌腫瘍,"Adenocarcinoma with neuroendocrine differentiation, metastatic（前立腺癌）",PRNEC
,"Invasive carcinoma with neuroendocrine differentiation（局所進行前立腺癌、膀胱浸潤、リンパ節転移）
    ）",PRNEC
Prostate Neuroendocrine Carcinoma (PRNE)_前立腺神経内分泌腫瘍,Prostate Neuroendocrine Carcinoma ,PRNEC
Prostate Neuroendocrine Carcinoma (PRNE)_前立腺神経内分泌腫瘍,Neuroendocrine carcinoma,PRNEC
,"Adenocarcinoma, focal neuroendocrine differentiation（前立腺癌、多発骨転移）",PRNEC
,Adenocarcinoma with neuroendocrine differention (前立腺癌、多発リンパ節転移、骨転移、肺転移）,PRNEC
,carcinoma with neuroendocrine differentiation(前立腺癌）,PRNEC
,poorly differentiated adenocarcinoma with neuroendocrine differentiation（局所進行前立腺神経内分泌癌）,PRNEC
Prostate Neuroendocrine Carcinoma (PRNE)_前立腺神経内分泌腫瘍,Neuroendocrine carcinoma ,PRNEC
,neuroendcrine carcinoma（前立腺原発神経内分泌癌、肺転移、リンパ節転移）,PRNEC
,carcinoma　with neuroendcrine differentiation（前立腺癌、腹膜播種、リンパ節転移）,PRNEC
Prostate Adenocarcinoma (PRAD)_前立腺腺癌,Prostatic adenocarcinoma with neuroendocrine differentiation,PRNEC
Prostate (PROSTATE)_前立腺,neuroendocrine carcinoma (large cell carcinoma) with focal adenocarcinoma,PRNEC
Prostate Neuroendocrine Carcinoma (PRNE)_前立腺神経内分泌腫瘍,Prostate Carcinoma neuroendocrine differentiation（神経内分泌腫瘍）,PRNEC
Prostate Neuroendocrine Carcinoma (PRNE)_前立腺神経内分泌腫瘍,Adenocarcinoma with neuroendcrine feature,PRNEC
Prostate Neuroendocrine Carcinoma (PRNE)_前立腺神経内分泌腫瘍,Prostate Carcinoma with Nueroendorine Differentiation,PRNEC
Prostate (PROSTATE)_前立腺,adenocarcinoma (NEPC）,PRNEC
Prostate Neuroendocrine Carcinoma (PRNE)_前立腺神経内分泌腫瘍,Prostate Neuroendocrine carcinoma,PRNEC
Prostate Neuroendocrine Carcinoma (PRNE)_前立腺神経内分泌腫瘍,NEPC（前立腺癌、多発骨転移、多発肝転移）,PRNEC
Prostate Neuroendocrine Carcinoma (PRNE)_前立腺神経内分泌腫瘍,前立腺腺癌、神経内分泌癌,PRNEC
Prostate Neuroendocrine Carcinoma (PRNE)_前立腺神経内分泌腫瘍,紹介元2018生検は腺癌であるが、提出原発巣検体は神経内分泌腫瘍,PRNEC
Prostate Neuroendocrine Carcinoma (PRNE)_前立腺神経内分泌腫瘍,Prostate neuroendocrine carcinoma,PRNEC
Prostate Adenocarcinoma (PRAD)_前立腺腺癌,"Neuroendocrine carcinoma+ adenocarcinoma, GS3+4",PRNEC
Prostate Adenocarcinoma (PRAD)_前立腺腺癌,adenocarcinoma with neuroendocrine differentiation,PRNEC
Prostate Small Cell Carcinoma (PRSCC)_前立腺小細胞癌,Neuroendocrine carcinoma,PRNEC
Prostate Neuroendocrine Carcinoma (PRNE)_前立腺神経内分泌腫瘍,前立腺神経内分泌癌,PRNEC
Prostate Squamous Cell Carcinoma (PRSC)_前立腺扁平上皮癌,squamous cell carcinoma,PRSC
Prostate Squamous Cell Carcinoma (PRSC)_前立腺扁平上皮癌,Prostate Squamous Cell Carcinoma (PRSC),PRSC
Prostate Squamous Cell Carcinoma (PRSC)_前立腺扁平上皮癌,腺扁平上皮癌（前立腺癌、多発肺転移）,PRSC
,前立腺小細胞癌,PRSCC
,small cell carcinoma,PRSCC
,前立腺症細胞癌,PRSCC
,小細胞癌,PRSCC
Prostate Neuroendocrine Carcinoma (PRNE)_前立腺神経内分泌腫瘍,前立腺小細胞癌,PRSCC
Prostate Neuroendocrine Carcinoma (PRNE)_前立腺神経内分泌腫瘍,神経内分泌癌，NOS 小細胞癌（胃）,PRSCC
Prostate Small Cell Carcinoma (PRSCC)_前立腺小細胞癌,small cell carcinoma,PRSCC
Prostate Small Cell Carcinoma (PRSCC)_前立腺小細胞癌,Small cell carcinoma,PRSCC
Prostate Small Cell Carcinoma (PRSCC)_前立腺小細胞癌,前立腺癌,PRSCC
Prostate Small Cell Carcinoma (PRSCC)_前立腺小細胞癌,"small cell carcinoma, prostate",PRSCC
Prostate Neuroendocrine Carcinoma (PRNE)_前立腺神経内分泌腫瘍,Small cell neuroendocrine carcinoma,PRSCC
Prostate Small Cell Carcinoma (PRSCC)_前立腺小細胞癌,前立腺小細胞癌,PRSCC
Prostate Small Cell Carcinoma (PRSCC)_前立腺小細胞癌,Carcinoma内分泌細胞癌や小細胞癌,PRSCC
Prostate Neuroendocrine Carcinoma (PRNE)_前立腺神経内分泌腫瘍,"Small cell carcinoma（Neuroendocrine carcinoma),prostate（前立腺NET）",PRSCC
Prostate Small Cell Carcinoma (PRSCC)_前立腺小細胞癌,Mixed acinar adenocarcinoma and small cell carcinoma,PRSCC
Prostate Small Cell Carcinoma (PRSCC)_前立腺小細胞癌,Small cell carcinoma of the prostate.,PRSCC
Prostate Small Cell Carcinoma (PRSCC)_前立腺小細胞癌,小細胞癌,PRSCC
Prostate Small Cell Carcinoma (PRSCC)_前立腺小細胞癌,,PRSCC
Prostate Small Cell Carcinoma (PRSCC)_前立腺小細胞癌,small cell carcinoma with adenocarcinoma,PRSCC
Prostate Small Cell Carcinoma (PRSCC)_前立腺小細胞癌,小細胞癌（局所進行前立腺癌）,PRSCC
,前立腺癌,Unknown
,Prostatic Carcinoma,Unknown
,去勢抵抗性前立腺がん,Unknown
,Prostatic carcinoma,Unknown
,SARCOMATOID CARCINOMA,Unknown
,,Unknown
,前立腺悪性腫瘍,Unknown
Prostate (PROSTATE)_前立腺,Sarcomatoid carcinoma (carcinosarcoma),Unknown
,去勢抵抗性前立腺癌,Unknown
Prostate (PROSTATE)_前立腺,前立腺癌,Unknown
Prostate (PROSTATE)_前立腺,Embryonal rhabdomyosarcoma,Unknown
Prostate (PROSTATE)_前立腺,prostate cancer,Unknown
Prostate (PROSTATE)_前立腺,,Unknown
Prostate (PROSTATE)_前立腺,Germ cell tumor with somatic malignancy,Unknown
Prostate (PROSTATE)_前立腺,前立腺がん,Unknown
Prostate (PROSTATE)_前立腺,病理診断報告なし,Unknown
Prostate (PROSTATE)_前立腺,新生物，転移性,Unknown
Prostate (PROSTATE)_前立腺,間質肉腫，ＮＯＳ,Unknown
Prostate (PROSTATE)_前立腺,未診断,Unknown
Prostate Small Cell Carcinoma (PRSCC)_前立腺小細胞癌,"small cell carcinoma, lung metastase from prostate cancer (前立腺小細胞癌；肺転移巣)",PRSCC
Prostate Neuroendocrine Carcinoma (PRNE)_前立腺神経内分泌腫瘍,Small cell carcinoma,PRSCC
Prostate Neuroendocrine Carcinoma (PRNE)_前立腺神経内分泌腫瘍,Poorly differentiated carcinoma,Unknown
Prostate Neuroendocrine Carcinoma (PRNE)_前立腺神経内分泌腫瘍,Adenocarcinoma with neuroendocrine feature of the prostate,PRNEC
Prostate Small Cell Carcinoma (PRSCC)_前立腺小細胞癌,前立腺小細胞がん,PRSCC
Prostate Neuroendocrine Carcinoma (PRNE)_前立腺神経内分泌腫瘍,,PRNET
Prostate Small Cell Carcinoma (PRSCC)_前立腺小細胞癌,Adenocarcinoma,PRSCC
Prostate Neuroendocrine Carcinoma (PRNE)_前立腺神経内分泌腫瘍,Prostate cancer,PRNEC
Prostate Neuroendocrine Carcinoma (PRNE)_前立腺神経内分泌腫瘍,"Neuroendocrine carcinoma, urethra",PRNEC
Prostate Small Cell Carcinoma (PRSCC)_前立腺小細胞癌,小細胞癌（前立腺癌、多発骨転移）,PRSCC
Prostate Neuroendocrine Carcinoma (PRNE)_前立腺神経内分泌腫瘍,神経内分泌癌,PRNEC
Prostate Neuroendocrine Carcinoma (PRNE)_前立腺神経内分泌腫瘍,前立腺癌→神経内分泌転化,PRNEC
Prostate Small Cell Carcinoma (PRSCC)_前立腺小細胞癌,Adenocaricinoma,PRSCC