﻿症例.基本情報.がん種.OncoTree..名称.,症例.背景情報.病理診断名,y
Cervical Adenocarcinoma In Situ (CEAIS)_子宮頸上皮内腺癌,子宮頸がん,Cervical Adenocarcinoma In Situ_CEAIS_上皮内腺癌
Cervical Adenoid Cystic Carcinoma (CACC)_腺様嚢胞癌 (子宮頸部),Carcinoma,Cervical Adenoid Cystic Carcinoma_CACC_腺様嚢胞癌
,endocervical adenocarcinoma and squamous cell carcinoma,Cervical Adenosquamous Carcinoma_CEAS_腺扁平上皮癌
,adenosquamous carchinoma,Cervical Adenosquamous Carcinoma_CEAS_腺扁平上皮癌
,腺扁平上皮癌,Cervical Adenosquamous Carcinoma_CEAS_腺扁平上皮癌
,腺扁平上皮がん,Cervical Adenosquamous Carcinoma_CEAS_腺扁平上皮癌
,"Adenosquamous carcinoma  
    adenosquamous carcinoma",Cervical Adenosquamous Carcinoma_CEAS_腺扁平上皮癌
Cervix (CERVIX)_子宮頸部,腺扁平上皮癌,Cervical Adenosquamous Carcinoma_CEAS_腺扁平上皮癌
,Adenosquamous carcinoma,Cervical Adenosquamous Carcinoma_CEAS_腺扁平上皮癌
,"Adenosquamous
    adenosquamous（子宮頚癌）",Cervical Adenosquamous Carcinoma_CEAS_腺扁平上皮癌
,adenosquamous cell carcinoma,Cervical Adenosquamous Carcinoma_CEAS_腺扁平上皮癌
Cervical Adenosquamous Carcinoma (CEAS)_子宮頸部腺扁平上皮癌,"adenosquamous carcinoma, uterine cervix (子宮頸部腺扁平上皮癌）",Cervical Adenosquamous Carcinoma_CEAS_腺扁平上皮癌
Cervical Adenosquamous Carcinoma (CEAS)_子宮頸部腺扁平上皮癌,Cervical Adenosquamous Carcinoma,Cervical Adenosquamous Carcinoma_CEAS_腺扁平上皮癌
Cervical Adenosquamous Carcinoma (CEAS)_子宮頸部腺扁平上皮癌,adenosquamous carcinoma,Cervical Adenosquamous Carcinoma_CEAS_腺扁平上皮癌
,Adenosquamous carcinoma　(子宮頚癌）,Cervical Adenosquamous Carcinoma_CEAS_腺扁平上皮癌
Endocervical Adenocarcinoma (ECAD)_子宮内頸部腺癌,線扁平上皮癌疑,Cervical Adenosquamous Carcinoma_CEAS_腺扁平上皮癌
Cervical Adenosquamous Carcinoma (CEAS)_子宮頸部腺扁平上皮癌,Cervical Adenosquamous Carcinoma ,Cervical Adenosquamous Carcinoma_CEAS_腺扁平上皮癌
Cervical Adenosquamous Carcinoma (CEAS)_子宮頸部腺扁平上皮癌,Adenosquamous cell carcinoma,Cervical Adenosquamous Carcinoma_CEAS_腺扁平上皮癌
Cervical Adenosquamous Carcinoma (CEAS)_子宮頸部腺扁平上皮癌,Adenosquamass cell carcinoma,Cervical Adenosquamous Carcinoma_CEAS_腺扁平上皮癌
Cervical Adenosquamous Carcinoma (CEAS)_子宮頸部腺扁平上皮癌,Adenosquamous carcinoma,Cervical Adenosquamous Carcinoma_CEAS_腺扁平上皮癌
Cervical Adenosquamous Carcinoma (CEAS)_子宮頸部腺扁平上皮癌,,Cervical Adenosquamous Carcinoma_CEAS_腺扁平上皮癌
Cervical Adenosquamous Carcinoma (CEAS)_子宮頸部腺扁平上皮癌,子宮頸部腺扁平上皮癌,Cervical Adenosquamous Carcinoma_CEAS_腺扁平上皮癌
Cervical Adenosquamous Carcinoma (CEAS)_子宮頸部腺扁平上皮癌,腺扁平上皮癌,Cervical Adenosquamous Carcinoma_CEAS_腺扁平上皮癌
Cervical Adenosquamous Carcinoma (CEAS)_子宮頸部腺扁平上皮癌,Adenosquamous cell carcinoma（子宮頸がん）,Cervical Adenosquamous Carcinoma_CEAS_腺扁平上皮癌
Cervical Adenosquamous Carcinoma (CEAS)_子宮頸部腺扁平上皮癌,Adenosquamous  carcinoma,Cervical Adenosquamous Carcinoma_CEAS_腺扁平上皮癌
Cervical Adenosquamous Carcinoma (CEAS)_子宮頸部腺扁平上皮癌,子宮頚部腺扁平上皮癌,Cervical Adenosquamous Carcinoma_CEAS_腺扁平上皮癌
Cervix (CERVIX)_子宮頸部,adenosquamous carcinoma (子宮頚癌),Cervical Adenosquamous Carcinoma_CEAS_腺扁平上皮癌
Cervical Adenosquamous Carcinoma (CEAS)_子宮頸部腺扁平上皮癌,子宮頸癌、腺扁平上皮癌,Cervical Adenosquamous Carcinoma_CEAS_腺扁平上皮癌
Cervical Adenosquamous Carcinoma (CEAS)_子宮頸部腺扁平上皮癌,Adenosquamous carinoma of uterine cervical cancer,Cervical Adenosquamous Carcinoma_CEAS_腺扁平上皮癌
,Uterine cervical cancer - besaloid squamous cell carcinoma,Cervical Basaloid Squamous Sell Carcinoma_BSCC_類基底細胞扁平上皮癌
,明細胞癌,Cervical Clear Cell Carcinoma_CECC_明細胞癌
,clear cell carcinoma,Cervical Clear Cell Carcinoma_CECC_明細胞癌
Cervical Adenocarcinoma (CEAD)_子宮頸部腺癌,clear cell adenocarcinoma,Cervical Clear Cell Carcinoma_CECC_明細胞癌
Cervical Clear Cell Carcinoma (CECC)_子宮頸部明細胞癌,明細胞癌,Cervical Clear Cell Carcinoma_CECC_明細胞癌
Cervical Clear Cell Carcinoma (CECC)_子宮頸部明細胞癌,子宮頚部明細胞がん,Cervical Clear Cell Carcinoma_CECC_明細胞癌
Cervical Clear Cell Carcinoma (CECC)_子宮頸部明細胞癌,Cervical clear cell carcinoma,Cervical Clear Cell Carcinoma_CECC_明細胞癌
Cervical Clear Cell Carcinoma (CECC)_子宮頸部明細胞癌,adenocarcinoma,Cervical Clear Cell Carcinoma_CECC_明細胞癌
,Endometrioid adenocarcinoma,Cervical Endometrioid Carcinoma_CEEN_類内膜癌
,類内膜癌（Grade2）,Cervical Endometrioid Carcinoma_CEEN_類内膜癌
,類内膜癌,Cervical Endometrioid Carcinoma_CEEN_類内膜癌
,高悪性度漿液腺癌-類内膜癌,Cervical Endometrioid Carcinoma_CEEN_類内膜癌
Cervical Endometrioid Carcinoma (CEEN)_子宮頸部子宮内膜癌,"endometroid carcinoma, grade2",Cervical Endometrioid Carcinoma_CEEN_類内膜癌
Cervical Endometrioid Carcinoma (CEEN)_子宮頸部子宮内膜癌,Endometrioid　carcinoma,Cervical Endometrioid Carcinoma_CEEN_類内膜癌
Cervical Adenocarcinoma (CEAD)_子宮頸部腺癌,"Endometrioid aden
Endometrioid carcinoma",Cervical Endometrioid Carcinoma_CEEN_類内膜癌
Cervical Endometrioid Carcinoma (CEEN)_子宮頸部子宮内膜癌,Endometrioid carcinoma,Cervical Endometrioid Carcinoma_CEEN_類内膜癌
Cervical Endometrioid Carcinoma (CEEN)_子宮頸部子宮内膜癌,類内膜腺癌,Cervical Endometrioid Carcinoma_CEEN_類内膜癌
Cervical Endometrioid Carcinoma (CEEN)_子宮頸部子宮内膜癌,Endometrioid adenocarcinoma,Cervical Endometrioid Carcinoma_CEEN_類内膜癌
,High-grade neuroendocrine carcinoma of uterine cervix,Cervical Neuroendocrine Tumor_CENEC_神経内分泌癌
,大細胞型神経内分泌癌,Cervical Neuroendocrine Tumor_CENEC_神経内分泌癌
,High grade neuroendocrinecarcinoma,Cervical Neuroendocrine Tumor_CENEC_神経内分泌癌
,Large cell neuroendocrine carcinoma of the uterine cervix,Cervical Neuroendocrine Tumor_CENEC_神経内分泌癌
,large cell neuroendocrine carcinoma with mucinous adenocarcinoma component,Cervical Neuroendocrine Tumor_CENEC_神経内分泌癌
,large cell neuroendocrine carcinoma(LCNEC) associated with minute foci of adenocarcinoma in situ and adenocarcinoma component,Cervical Neuroendocrine Tumor_CENEC_神経内分泌癌
,neuroendocrine carcinoma,Cervical Neuroendocrine Tumor_CENEC_神経内分泌癌
,子宮頚部神経内分泌腫瘍,Cervical Neuroendocrine Tumor_CENE_神経内分泌腫瘍
,Large　cell　neuroendocrine　carcinoma,Cervical Neuroendocrine Tumor_CENEC_神経内分泌癌
,neuroendocrine carcinoma （子宮頚癌）,Cervical Neuroendocrine Tumor_CENEC_神経内分泌癌
,"High Grade neuroendocrine carcinoma, cervix",Cervical Neuroendocrine Tumor_CENEC_神経内分泌癌
,Large cell neuroendocrine carcinoma (uterine cervix),Cervical Neuroendocrine Tumor_CENEC_神経内分泌癌
Cervical Neuroendocrine Tumor (CENE)_子宮頸部神経内分泌腫瘍,High-grade neuroendomcrine carcinoma,Cervical Neuroendocrine Tumor_CENEC_神経内分泌癌
Cervical Neuroendocrine Tumor (CENE)_子宮頸部神経内分泌腫瘍,子宮頸癌,Cervical Neuroendocrine Tumor_CENEC_神経内分泌癌
Cervical Neuroendocrine Tumor (CENE)_子宮頸部神経内分泌腫瘍,neuroendocrine carcinoma,Cervical Neuroendocrine Tumor_CENEC_神経内分泌癌
Cervical Neuroendocrine Tumor (CENE)_子宮頸部神経内分泌腫瘍,High-grade neuroendcrine carcinoma,Cervical Neuroendocrine Tumor_CENEC_神経内分泌癌
Cervical Neuroendocrine Tumor (CENE)_子宮頸部神経内分泌腫瘍,cervical neuroendocrine tumor,Cervical Neuroendocrine Tumor_CENE_神経内分泌腫瘍
,High-grade neuroendocrine carcinoma（子宮頚癌）,Cervical Neuroendocrine Tumor_CENEC_神経内分泌癌
Cervical Neuroendocrine Tumor (CENE)_子宮頸部神経内分泌腫瘍,子宮頚部神経内分泌癌,Cervical Neuroendocrine Tumor_CENEC_神経内分泌癌
Cervical Neuroendocrine Tumor (CENE)_子宮頸部神経内分泌腫瘍,Neuroendocrine carcinoma of the uterine cervix,Cervical Neuroendocrine Tumor_CENEC_神経内分泌癌
Cervical Neuroendocrine Tumor (CENE)_子宮頸部神経内分泌腫瘍,"cervical cancer ,neuroendocrine carcinoma",Cervical Neuroendocrine Tumor_CENEC_神経内分泌癌
Mixed Cervical Carcinoma (MCCE)_混合子宮頸癌,Large cell neuroendocrine carcinoma (NEC>>adenoca.),Cervical Neuroendocrine Tumor_CENEC_神経内分泌癌
Small Cell Carcinoma of the Cervix (SCCE)_子宮頸部小細胞癌,Small cell neuroendocrine carcinoma.,Cervical Neuroendocrine Tumor_CENEC_神経内分泌癌
Cervical Neuroendocrine Tumor (CENE)_子宮頸部神経内分泌腫瘍,neuroendocrine　tumor,Cervical Neuroendocrine Tumor_CENE_神経内分泌腫瘍
Cervical Neuroendocrine Tumor (CENE)_子宮頸部神経内分泌腫瘍,NEUROENDOCRINE CARCINOMA,Cervical Neuroendocrine Tumor_CENEC_神経内分泌癌
Cervical Neuroendocrine Tumor (CENE)_子宮頸部神経内分泌腫瘍,子宮頚部神経内分泌腫瘍,Cervical Neuroendocrine Tumor_CENE_神経内分泌腫瘍
Cervical Neuroendocrine Tumor (CENE)_子宮頸部神経内分泌腫瘍,,Cervical Neuroendocrine Tumor_CENE_神経内分泌腫瘍
Cervical Neuroendocrine Tumor (CENE)_子宮頸部神経内分泌腫瘍,Cervical Neuroendocrine Tumor (CENE)_子宮頸部神経内分泌腫瘍,Cervical Neuroendocrine Tumor_CENE_神経内分泌腫瘍
Cervical Neuroendocrine Tumor (CENE)_子宮頸部神経内分泌腫瘍,large cell neuroendocrine carcinoma and endometrioid carcinoma,Cervical Neuroendocrine Tumor_CENEC_神経内分泌癌
,Pooly differentiated carcinoma,Cervical poorly Differentiated Carcinoma_低分化癌
,Poorly Differentiated Squamous Cell Carcinoma from the uterine cervix,Cervical poorly Differentiated Carcinoma_低分化癌
,poorly differentiated adenocarcinoma,Cervical poorly Differentiated Carcinoma_低分化癌
,"poorly squamous cell carcinoma, uterine cervix　（子宮頸がん：低分化扁平上皮）",Cervical poorly Differentiated Carcinoma_低分化癌
,Poorly differentiated carcinoma,Cervical poorly Differentiated Carcinoma_低分化癌
Mixed Cervical Carcinoma (MCCE)_混合子宮頸癌,Poorly differentiated carcinoma,Cervical poorly Differentiated Carcinoma_低分化癌
Cervical Squamous Cell Carcinoma (CESC)_子宮頸部扁平上皮癌,Pooly differentiated carcinoma,Cervical poorly Differentiated Carcinoma_低分化癌
Endocervical Adenocarcinoma (ECAD)_子宮内頸部腺癌,POORLY　DIFF　CARCINOMA,Cervical poorly Differentiated Carcinoma_低分化癌
Cervical Adenocarcinoma (CEAD)_子宮頸部腺癌,POORLY-DIFFERENTIATED CARCINOMA,Cervical poorly Differentiated Carcinoma_低分化癌
Cervical Squamous Cell Carcinoma (CESC)_子宮頸部扁平上皮癌,poorly differentiated carcinoma,Cervical poorly Differentiated Carcinoma_低分化癌
Endocervical Adenocarcinoma (ECAD)_子宮内頸部腺癌,poorly differenciated carcinoma derived from adenocarcinoma,Cervical poorly Differentiated Carcinoma_低分化癌
Cervical Adenocarcinoma (CEAD)_子宮頸部腺癌,Poorly differentiated adenocarcinoma,Cervical poorly Differentiated Carcinoma_低分化癌
Endocervical Adenocarcinoma (ECAD)_子宮内頸部腺癌,poorly differentiated adenocarcinoma (子宮頸部腺癌),Cervical poorly Differentiated Carcinoma_低分化癌
Endocervical Adenocarcinoma (ECAD)_子宮内頸部腺癌,poorly differentiated carcinoma,Cervical poorly Differentiated Carcinoma_低分化癌
Mixed Cervical Carcinoma (MCCE)_混合子宮頸癌,低分化扁平上皮癌,Cervical poorly Differentiated Carcinoma_低分化癌
Cervical Adenocarcinoma (CEAD)_子宮頸部腺癌,Pooly differentiated carcinoma of the uterine cervix.,Cervical poorly Differentiated Carcinoma_低分化癌
,serous adenocarcinoma,Cervical Serous Carcinoma_CESE_漿液性癌
Cervical Serous Carcinoma (CESE)_子宮頸部漿液性癌,漿液性癌（子宮頸癌）,Cervical Serous Carcinoma_CESE_漿液性癌
,squamous cell carcinoma,Cervical Squamous Cell Carcinoma_CESC_扁平上皮癌
,Squamous cell carcinoma,Cervical Squamous Cell Carcinoma_CESC_扁平上皮癌
,扁平上皮癌,Cervical Squamous Cell Carcinoma_CESC_扁平上皮癌
,"SCC
    SCC
    SCC",Cervical Squamous Cell Carcinoma_CESC_扁平上皮癌
,子宮頸部扁平上皮がん,Cervical Squamous Cell Carcinoma_CESC_扁平上皮癌
,子宮頚癌　squamous cell carcinoma non-keratinizing type,Cervical Squamous Cell Carcinoma_CESC_扁平上皮癌
Cervix (CERVIX)_子宮頸部,扁平上皮癌，NOS,Cervical Squamous Cell Carcinoma_CESC_扁平上皮癌
,Squamous　cell 　carcinoma　of　cervix　,Cervical Squamous Cell Carcinoma_CESC_扁平上皮癌
,子宮頸がん　扁平上皮癌,Cervical Squamous Cell Carcinoma_CESC_扁平上皮癌
,非角化型扁平上皮癌,Cervical Squamous Cell Carcinoma_CESC_扁平上皮癌
,"Squamous cell carcinoma, non-keratinizing type",Cervical Squamous Cell Carcinoma_CESC_扁平上皮癌
,"Squamous cell carcinoma,non-keratiniging type（子宮頸癌）",Cervical Squamous Cell Carcinoma_CESC_扁平上皮癌
,低分化扁平上皮癌,Cervical Squamous Cell Carcinoma_CESC_扁平上皮癌
Cervix (CERVIX)_子宮頸部,扁平上皮癌,Cervical Squamous Cell Carcinoma_CESC_扁平上皮癌
,"squamous cell carcinoma, non-keratinizing",Cervical Squamous Cell Carcinoma_CESC_扁平上皮癌
,子宮頸部扁平上皮癌,Cervical Squamous Cell Carcinoma_CESC_扁平上皮癌
,Squamous cell cartinoma,Cervical Squamous Cell Carcinoma_CESC_扁平上皮癌
,Squamous cell carcinoma(nonkeratinizing type),Cervical Squamous Cell Carcinoma_CESC_扁平上皮癌
,squamous cell carcinoma （子宮頚癌）,Cervical Squamous Cell Carcinoma_CESC_扁平上皮癌
,子宮頸部癌　非角化型扁平上皮癌,Cervical Squamous Cell Carcinoma_CESC_扁平上皮癌
,SQUAMOUS CELL CARCINOMA,Cervical Squamous Cell Carcinoma_CESC_扁平上皮癌
,squanous cell carcinoma,Cervical Squamous Cell Carcinoma_CESC_扁平上皮癌
,Squamous,Cervical Squamous Cell Carcinoma_CESC_扁平上皮癌
,Invasive squamous cell carcinoma,Cervical Squamous Cell Carcinoma_CESC_扁平上皮癌
,子宮頸癌　扁平上皮癌,Cervical Squamous Cell Carcinoma_CESC_扁平上皮癌
,扁平上皮癌《推奨表記》,Cervical Squamous Cell Carcinoma_CESC_扁平上皮癌
,squamous cell carcinoma of the uterine cervix,Cervical Squamous Cell Carcinoma_CESC_扁平上皮癌
Cervix (CERVIX)_子宮頸部,扁平上皮癌，角化型,Cervical Squamous Cell Carcinoma_CESC_扁平上皮癌
,子宮頚癌、角化型扁平上皮癌（子宮頚癌）,Cervical Squamous Cell Carcinoma_CESC_扁平上皮癌
,squamous cell carcinoma　（子宮頚癌）,Cervical Squamous Cell Carcinoma_CESC_扁平上皮癌
,子宮頸がん（扁平上皮癌）,Cervical Squamous Cell Carcinoma_CESC_扁平上皮癌
,子宮頸がん、非角化型SCC（子宮頸がん）,Cervical Squamous Cell Carcinoma_CESC_扁平上皮癌
,Squamous cell carcinoma of cervix,Cervical Squamous Cell Carcinoma_CESC_扁平上皮癌
,SCC,Cervical Squamous Cell Carcinoma_CESC_扁平上皮癌
Cervix (CERVIX)_子宮頸部,"squamous cell carcinoma, keratinizing type",Cervical Squamous Cell Carcinoma_CESC_扁平上皮癌
,Squamous cell carcinoma of the cervix,Cervical Squamous Cell Carcinoma_CESC_扁平上皮癌
,子宮頚部扁平上皮癌,Cervical Squamous Cell Carcinoma_CESC_扁平上皮癌
,角化型扁平上皮癌,Cervical Squamous Cell Carcinoma_CESC_扁平上皮癌
Cervical Squamous Cell Carcinoma (CESC)_子宮頸部扁平上皮癌,Squamous cell carcinoma,Cervical Squamous Cell Carcinoma_CESC_扁平上皮癌
,子宮頸部扁平上皮癌　,Cervical Squamous Cell Carcinoma_CESC_扁平上皮癌
Cervical Squamous Cell Carcinoma (CESC)_子宮頸部扁平上皮癌,子宮頸がん,Cervical Squamous Cell Carcinoma_CESC_扁平上皮癌
Cervical Squamous Cell Carcinoma (CESC)_子宮頸部扁平上皮癌,squamous cell carcinoma,Cervical Squamous Cell Carcinoma_CESC_扁平上皮癌
Cervix (CERVIX)_子宮頸部,invasive squamous cell carcinoma,Cervical Squamous Cell Carcinoma_CESC_扁平上皮癌
Cervical Squamous Cell Carcinoma (CESC)_子宮頸部扁平上皮癌,"Squamous cell carcinoma, non-keratinaizing type, of the uterine cervix.",Cervical Squamous Cell Carcinoma_CESC_扁平上皮癌
Cervical Squamous Cell Carcinoma (CESC)_子宮頸部扁平上皮癌,Squamous cell carcinoma of the uterine cervix,Cervical Squamous Cell Carcinoma_CESC_扁平上皮癌
Cervical Squamous Cell Carcinoma (CESC)_子宮頸部扁平上皮癌,扁平上皮癌，NOS,Cervical Squamous Cell Carcinoma_CESC_扁平上皮癌
Cervical Squamous Cell Carcinoma (CESC)_子宮頸部扁平上皮癌,子宮頚部扁平上皮癌,Cervical Squamous Cell Carcinoma_CESC_扁平上皮癌
Cervical Squamous Cell Carcinoma (CESC)_子宮頸部扁平上皮癌,squamouse cell carcinoma,Cervical Squamous Cell Carcinoma_CESC_扁平上皮癌
Cervical Squamous Cell Carcinoma (CESC)_子宮頸部扁平上皮癌,SQUAMOUS　CELL CARCINOMA,Cervical Squamous Cell Carcinoma_CESC_扁平上皮癌
Cervical Squamous Cell Carcinoma (CESC)_子宮頸部扁平上皮癌,"Squamous cell carcinoma,invabive",Cervical Squamous Cell Carcinoma_CESC_扁平上皮癌
Cervical Squamous Cell Carcinoma (CESC)_子宮頸部扁平上皮癌,角化型扁平上皮癌,Cervical Squamous Cell Carcinoma_CESC_扁平上皮癌
Cervical Squamous Cell Carcinoma (CESC)_子宮頸部扁平上皮癌,子宮頸部扁平上皮癌,Cervical Squamous Cell Carcinoma_CESC_扁平上皮癌
Cervical Squamous Cell Carcinoma (CESC)_子宮頸部扁平上皮癌,uterin cervical cancer,Cervical Squamous Cell Carcinoma_CESC_扁平上皮癌
Cervical Adenosquamous Carcinoma (CEAS)_子宮頸部腺扁平上皮癌,squamous cell carcinoma,Cervical Squamous Cell Carcinoma_CESC_扁平上皮癌
,"Squamous cell carcinoma 
Squamos cell carcinoma",Cervical Squamous Cell Carcinoma_CESC_扁平上皮癌
Cervical Squamous Cell Carcinoma (CESC)_子宮頸部扁平上皮癌,子宮頸癌　扁平上皮癌,Cervical Squamous Cell Carcinoma_CESC_扁平上皮癌
Cervical Squamous Cell Carcinoma (CESC)_子宮頸部扁平上皮癌,扁平上皮癌,Cervical Squamous Cell Carcinoma_CESC_扁平上皮癌
Cervical Squamous Cell Carcinoma (CESC)_子宮頸部扁平上皮癌,SQUAMOUS　CELL　CARCINOMA,Cervical Squamous Cell Carcinoma_CESC_扁平上皮癌
Cervical Squamous Cell Carcinoma (CESC)_子宮頸部扁平上皮癌,子宮頸癌,Cervical Squamous Cell Carcinoma_CESC_扁平上皮癌
Cervical Squamous Cell Carcinoma (CESC)_子宮頸部扁平上皮癌,Squamous cell carcinoma （non-keratinizing）,Cervical Squamous Cell Carcinoma_CESC_扁平上皮癌
Cervical Squamous Cell Carcinoma (CESC)_子宮頸部扁平上皮癌,SCC,Cervical Squamous Cell Carcinoma_CESC_扁平上皮癌
Cervical Squamous Cell Carcinoma (CESC)_子宮頸部扁平上皮癌,Squamous　cell  carcinoma,Cervical Squamous Cell Carcinoma_CESC_扁平上皮癌
Cervix (CERVIX)_子宮頸部,子宮頸癌（扁平上皮癌）,Cervical Squamous Cell Carcinoma_CESC_扁平上皮癌
Cervical Squamous Cell Carcinoma (CESC)_子宮頸部扁平上皮癌,"Squamous cell carcinoma, non-keratinixing type, pT2b, LIV(+), pN1(3/41)",Cervical Squamous Cell Carcinoma_CESC_扁平上皮癌
Cervical Squamous Cell Carcinoma (CESC)_子宮頸部扁平上皮癌,non-keratinizing squamous cell carcinoma,Cervical Squamous Cell Carcinoma_CESC_扁平上皮癌
Cervical Squamous Cell Carcinoma (CESC)_子宮頸部扁平上皮癌,squamous cell carcinoma uterine cervix,Cervical Squamous Cell Carcinoma_CESC_扁平上皮癌
Cervical Squamous Cell Carcinoma (CESC)_子宮頸部扁平上皮癌,Squamouse cell carcinoma,Cervical Squamous Cell Carcinoma_CESC_扁平上皮癌
Cervical Squamous Cell Carcinoma (CESC)_子宮頸部扁平上皮癌,非角化型扁平上皮癌,Cervical Squamous Cell Carcinoma_CESC_扁平上皮癌
Cervix (CERVIX)_子宮頸部,squamous cell carcinoma,Cervical Squamous Cell Carcinoma_CESC_扁平上皮癌
Cervical Squamous Cell Carcinoma (CESC)_子宮頸部扁平上皮癌,Squamous　cell carcinoma,Cervical Squamous Cell Carcinoma_CESC_扁平上皮癌
Cervical Squamous Cell Carcinoma (CESC)_子宮頸部扁平上皮癌,squamous cell carcionma,Cervical Squamous Cell Carcinoma_CESC_扁平上皮癌
Cervical Squamous Cell Carcinoma (CESC)_子宮頸部扁平上皮癌,子宮頚部扁平上皮癌（角化型扁平上皮癌）,Cervical Squamous Cell Carcinoma_CESC_扁平上皮癌
Cervical Squamous Cell Carcinoma (CESC)_子宮頸部扁平上皮癌,Metastatic squamous cell carcinoma.,Cervical Squamous Cell Carcinoma_CESC_扁平上皮癌
,"Squamous cell carcinoma, HPV-associated",Cervical Squamous Cell Carcinoma_CESC_扁平上皮癌
Cervical Squamous Cell Carcinoma (CESC)_子宮頸部扁平上皮癌,Squamous cel carcinoma,Cervical Squamous Cell Carcinoma_CESC_扁平上皮癌
Cervical Squamous Cell Carcinoma (CESC)_子宮頸部扁平上皮癌,"squamous cell carcinoma, keratinizing type",Cervical Squamous Cell Carcinoma_CESC_扁平上皮癌
Cervical Squamous Cell Carcinoma (CESC)_子宮頸部扁平上皮癌,Ｓquamous cell carcinoma,Cervical Squamous Cell Carcinoma_CESC_扁平上皮癌
Cervical Squamous Cell Carcinoma (CESC)_子宮頸部扁平上皮癌,,Cervical Squamous Cell Carcinoma_CESC_扁平上皮癌
Cervical Squamous Cell Carcinoma (CESC)_子宮頸部扁平上皮癌,"Squamous cell carcinoma, non-keratinizing type.",Cervical Squamous Cell Carcinoma_CESC_扁平上皮癌
Cervical Squamous Cell Carcinoma (CESC)_子宮頸部扁平上皮癌,"Squamous cell carcinoma,keratinzation",Cervical Squamous Cell Carcinoma_CESC_扁平上皮癌
Cervical Squamous Cell Carcinoma (CESC)_子宮頸部扁平上皮癌,Squamous cell carcinoma　,Cervical Squamous Cell Carcinoma_CESC_扁平上皮癌
Cervical Adenosquamous Carcinoma (CEAS)_子宮頸部腺扁平上皮癌,Squamous cell carcinoma,Cervical Squamous Cell Carcinoma_CESC_扁平上皮癌
Cervical Squamous Cell Carcinoma (CESC)_子宮頸部扁平上皮癌,Squamous cell carcinoma Malignant,Cervical Squamous Cell Carcinoma_CESC_扁平上皮癌
Cervical Adenosquamous Carcinoma (CEAS)_子宮頸部腺扁平上皮癌,Squamous cell carcinom of the cervix,Cervical Squamous Cell Carcinoma_CESC_扁平上皮癌
Cervical Squamous Cell Carcinoma (CESC)_子宮頸部扁平上皮癌,子宮頚癌　非角化型扁平上皮癌,Cervical Squamous Cell Carcinoma_CESC_扁平上皮癌
,Squamous cell carcinoma　（子宮頸部）,Cervical Squamous Cell Carcinoma_CESC_扁平上皮癌
Cervical Squamous Cell Carcinoma (CESC)_子宮頸部扁平上皮癌,Cervical Squamous Cell Carcinoma ,Cervical Squamous Cell Carcinoma_CESC_扁平上皮癌
Cervical Squamous Cell Carcinoma (CESC)_子宮頸部扁平上皮癌,扁平上皮癌（非角化形）,Cervical Squamous Cell Carcinoma_CESC_扁平上皮癌
Cervical Squamous Cell Carcinoma (CESC)_子宮頸部扁平上皮癌,低分化な非角化性扁平上皮癌,Cervical Squamous Cell Carcinoma_CESC_扁平上皮癌
Cervical Squamous Cell Carcinoma (CESC)_子宮頸部扁平上皮癌,"squamous cell carcinoma, cervix (子宮頚癌：扁平上皮癌）",Cervical Squamous Cell Carcinoma_CESC_扁平上皮癌
Cervical Squamous Cell Carcinoma (CESC)_子宮頸部扁平上皮癌,Squamous cell carcinoma (nonkeratinizing type),Cervical Squamous Cell Carcinoma_CESC_扁平上皮癌
Cervical Adenosquamous Carcinoma (CEAS)_子宮頸部腺扁平上皮癌,扁平上皮癌，NOS,Cervical Squamous Cell Carcinoma_CESC_扁平上皮癌
Cervical Squamous Cell Carcinoma (CESC)_子宮頸部扁平上皮癌,"suquamous cell carcinoma, non-keratinizing",Cervical Squamous Cell Carcinoma_CESC_扁平上皮癌
Cervical Squamous Cell Carcinoma (CESC)_子宮頸部扁平上皮癌,Squamous cell carcinoma of the uterine cervix.,Cervical Squamous Cell Carcinoma_CESC_扁平上皮癌
Cervical Squamous Cell Carcinoma (CESC)_子宮頸部扁平上皮癌,Squamous cell caarcinoma,Cervical Squamous Cell Carcinoma_CESC_扁平上皮癌
Cervical Squamous Cell Carcinoma (CESC)_子宮頸部扁平上皮癌,"Squamous cell carcinoma,uterine cervix",Cervical Squamous Cell Carcinoma_CESC_扁平上皮癌
Cervical Squamous Cell Carcinoma (CESC)_子宮頸部扁平上皮癌,"Squamous cell carcinoma, non-keratining type",Cervical Squamous Cell Carcinoma_CESC_扁平上皮癌
Cervix (CERVIX)_子宮頸部,squamous cell carcinoma non-keratinizing (子宮頚癌),Cervical Squamous Cell Carcinoma_CESC_扁平上皮癌
Cervical Squamous Cell Carcinoma (CESC)_子宮頸部扁平上皮癌,"squamous cell carcinoma, non-keratinizing type",Cervical Squamous Cell Carcinoma_CESC_扁平上皮癌
Cervical Squamous Cell Carcinoma (CESC)_子宮頸部扁平上皮癌,Squamous　cell　Carcinoma,Cervical Squamous Cell Carcinoma_CESC_扁平上皮癌
Cervical Squamous Cell Carcinoma (CESC)_子宮頸部扁平上皮癌,子宮頸癌、Squamous cell carcinoma,Cervical Squamous Cell Carcinoma_CESC_扁平上皮癌
Cervical Squamous Cell Carcinoma (CESC)_子宮頸部扁平上皮癌,squamous cell carcinoma（子宮頚癌）,Cervical Squamous Cell Carcinoma_CESC_扁平上皮癌
Cervical Squamous Cell Carcinoma (CESC)_子宮頸部扁平上皮癌,Cervical Squamous Cell Carcinoma,Cervical Squamous Cell Carcinoma_CESC_扁平上皮癌
Cervical Squamous Cell Carcinoma (CESC)_子宮頸部扁平上皮癌,子宮頚癌,Cervical Squamous Cell Carcinoma_CESC_扁平上皮癌
Cervical Squamous Cell Carcinoma (CESC)_子宮頸部扁平上皮癌,"Squamous cell carcinoma,non-keratinizing,uterine cervix（扁平上皮癌）",Cervical Squamous Cell Carcinoma_CESC_扁平上皮癌
Cervical Squamous Cell Carcinoma (CESC)_子宮頸部扁平上皮癌,nonkeratininzing SCC,Cervical Squamous Cell Carcinoma_CESC_扁平上皮癌
Cervical Squamous Cell Carcinoma (CESC)_子宮頸部扁平上皮癌,Squamous cell carcinoma ,Cervical Squamous Cell Carcinoma_CESC_扁平上皮癌
Cervical Squamous Cell Carcinoma (CESC)_子宮頸部扁平上皮癌,SQUAMOUS CELL CARCINOMA,Cervical Squamous Cell Carcinoma_CESC_扁平上皮癌
Cervical Squamous Cell Carcinoma (CESC)_子宮頸部扁平上皮癌,子宮頸癌、扁平上皮癌,Cervical Squamous Cell Carcinoma_CESC_扁平上皮癌
Cervix (CERVIX)_子宮頸部,Squamous cell carcinoma(子宮頚癌),Cervical Squamous Cell Carcinoma_CESC_扁平上皮癌
Cervical Squamous Cell Carcinoma (CESC)_子宮頸部扁平上皮癌,suquamous cell carcinoma,Cervical Squamous Cell Carcinoma_CESC_扁平上皮癌
Cervical Squamous Cell Carcinoma (CESC)_子宮頸部扁平上皮癌,"Squamous cell carcinoma, uterine cervix",Cervical Squamous Cell Carcinoma_CESC_扁平上皮癌
Cervical Squamous Cell Carcinoma (CESC)_子宮頸部扁平上皮癌,Squamous Cell Carcinoma (子宮頸部扁平上皮癌) ,Cervical Squamous Cell Carcinoma_CESC_扁平上皮癌
Cervical Squamous Cell Carcinoma (CESC)_子宮頸部扁平上皮癌,"Squamous cell carcinoma, invasive",Cervical Squamous Cell Carcinoma_CESC_扁平上皮癌
Cervical Squamous Cell Carcinoma (CESC)_子宮頸部扁平上皮癌,Squamous cell carcinoma of uterine cervix,Cervical Squamous Cell Carcinoma_CESC_扁平上皮癌
Cervical Squamous Cell Carcinoma (CESC)_子宮頸部扁平上皮癌,"Squamous cell carcinoma, nonkeratinizing type, pT1b2",Cervical Squamous Cell Carcinoma_CESC_扁平上皮癌
Cervical Squamous Cell Carcinoma (CESC)_子宮頸部扁平上皮癌,Squamous　cell　carcinoma,Cervical Squamous Cell Carcinoma_CESC_扁平上皮癌
Cervical Squamous Cell Carcinoma (CESC)_子宮頸部扁平上皮癌,Squamous call carcinoma,Cervical Squamous Cell Carcinoma_CESC_扁平上皮癌
Cervical Squamous Cell Carcinoma (CESC)_子宮頸部扁平上皮癌,"Squamous cell carcinoma, non-keratinizing",Cervical Squamous Cell Carcinoma_CESC_扁平上皮癌
Cervical Squamous Cell Carcinoma (CESC)_子宮頸部扁平上皮癌,Keratinizing Squamous Cell Carcinoma,Cervical Squamous Cell Carcinoma_CESC_扁平上皮癌
Cervical Squamous Cell Carcinoma (CESC)_子宮頸部扁平上皮癌,乳腺・女性生殖器腫瘍 子宮頸部 扁平上皮癌,Cervical Squamous Cell Carcinoma_CESC_扁平上皮癌
Cervical Squamous Cell Carcinoma (CESC)_子宮頸部扁平上皮癌,"Squamous cell carcinoma,nonkeratinzing type.",Cervical Squamous Cell Carcinoma_CESC_扁平上皮癌
Cervical Squamous Cell Carcinoma (CESC)_子宮頸部扁平上皮癌,"Squamous cell carcinoma,non-keratinized type",Cervical Squamous Cell Carcinoma_CESC_扁平上皮癌
Cervix (CERVIX)_子宮頸部,SCC (子宮頸がん),Cervical Squamous Cell Carcinoma_CESC_扁平上皮癌
Cervical Squamous Cell Carcinoma (CESC)_子宮頸部扁平上皮癌,子宮頸部　角化型扁平上皮癌,Cervical Squamous Cell Carcinoma_CESC_扁平上皮癌
Cervical Squamous Cell Carcinoma (CESC)_子宮頸部扁平上皮癌,子宮頸癌（類基低細胞癌）,Cervical Squamous Cell Carcinoma_CESC_扁平上皮癌
Cervical Squamous Cell Carcinoma (CESC)_子宮頸部扁平上皮癌,"Squamous cell carcinoma, non-keratinizing type, of the uterine cervix.",Cervical Squamous Cell Carcinoma_CESC_扁平上皮癌
Cervical Squamous Cell Carcinoma (CESC)_子宮頸部扁平上皮癌,扁平上皮癌，ＮＯＳ,Cervical Squamous Cell Carcinoma_CESC_扁平上皮癌
Cervical Squamous Cell Carcinoma (CESC)_子宮頸部扁平上皮癌,Squamous cell carcinoma metastatic（扁平上皮癌）,Cervical Squamous Cell Carcinoma_CESC_扁平上皮癌
,undifferentiated carcinoma,Cervical undifferentiated Carcinoma_未分化腺癌
,Adenosarcoma with sarcomatous overgrowth,Cervical_Carcinosarcoma_癌肉腫
,癌肉腫,Cervical_Carcinosarcoma_癌肉腫
Cervix (CERVIX)_子宮頸部,carcinosarcoma,Cervical_Carcinosarcoma_癌肉腫
Cervix (CERVIX)_子宮頸部,Carcinosarcoma,Cervical_Carcinosarcoma_癌肉腫
Cervix (CERVIX)_子宮頸部,子宮頚癌　癌肉腫,Cervical_Carcinosarcoma_癌肉腫
,子宮頚部腺癌,Endocervical Adenocarcinoma_ECAD_腺癌
,腺癌,Endocervical Adenocarcinoma_ECAD_腺癌
Cervix (CERVIX)_子宮頸部,Adenocarcinoma,Endocervical Adenocarcinoma_ECAD_腺癌
,Adenocarcinoma,Endocervical Adenocarcinoma_ECAD_腺癌
,adenocarcinoma,Endocervical Adenocarcinoma_ECAD_腺癌
,Mucinous carcinoma,Endocervical Adenocarcinoma_ECAD_腺癌
,adenocarcinom,Endocervical Adenocarcinoma_ECAD_腺癌
,"mucinous adenocarcinoma, endoccervical type",Endocervical Adenocarcinoma_ECAD_腺癌
Cervix (CERVIX)_子宮頸部,粘液腺癌,Endocervical Adenocarcinoma_ECAD_腺癌
,子宮頚部癌(Adenocarcinoma admixed with neuroendocrine carcinoma),Endocervical Adenocarcinoma_ECAD_腺癌
,"Mucinous adenocarcinoma, endocervical type, of the uterine cervix mucinous adenocarcinoms 子宮頚癌",Endocervical Adenocarcinoma_ECAD_腺癌
,mucinous adenocarcinoma,Endocervical Adenocarcinoma_ECAD_腺癌
,子宮頸部腺癌（粘液性癌）,Endocervical Adenocarcinoma_ECAD_腺癌
,"a
Adenocarcinoma",Endocervical Adenocarcinoma_ECAD_腺癌
,Metastatic adenocarcinoma,Endocervical Adenocarcinoma_ECAD_腺癌
,mucinous　carcinoma,Endocervical Adenocarcinoma_ECAD_腺癌
,Mucinous adenocarcinoma,Endocervical Adenocarcinoma_ECAD_腺癌
,mucinous carcinoma,Endocervical Adenocarcinoma_ECAD_腺癌
,Endocerrical carcinoma usual type,Endocervical Adenocarcinoma_ECAD_腺癌
,粘液性癌,Endocervical Adenocarcinoma_ECAD_腺癌
,Endocervical adenocarcinoma,Endocervical Adenocarcinoma_ECAD_腺癌
,子宮頸部腺癌,Endocervical Adenocarcinoma_ECAD_腺癌
,"mesonephric carcinoma (adenocarcinoma), uterine cervix",Endocervical Adenocarcinoma_ECAD_腺癌
Cervix (CERVIX)_子宮頸部,粘液性腺癌，内頚部型,Endocervical Adenocarcinoma_ECAD_腺癌
,Endometriod adenocarcinoma of uterine cervix,Endocervical Adenocarcinoma_ECAD_腺癌
,endocervical adenocarcinoma,Endocervical Adenocarcinoma_ECAD_腺癌
,子宮頸癌粘液性腺癌,Endocervical Adenocarcinoma_ECAD_腺癌
,ADENOCARCINOMA,Endocervical Adenocarcinoma_ECAD_腺癌
,子宮頸がん（endocervical adenocarcinoma）,Endocervical Adenocarcinoma_ECAD_腺癌
,"endocervical adenocarcinoma, usual type（子宮頚がん）",Endocervical Adenocarcinoma_ECAD_腺癌
,adenocarcinoma　（子宮頚癌）,Endocervical Adenocarcinoma_ECAD_腺癌
,Adenocarcinoma（子宮頚部腺癌）,Endocervical Adenocarcinoma_ECAD_腺癌
,粘液性腺癌,Endocervical Adenocarcinoma_ECAD_腺癌
,腺癌（usual type）,Endocervical Adenocarcinoma_ECAD_腺癌
,adenocarcionoma（子宮頚癌）,Endocervical Adenocarcinoma_ECAD_腺癌
,Endocervical adenocarcinomo,Endocervical Adenocarcinoma_ECAD_腺癌
Cervix (CERVIX)_子宮頸部,muclnous ca,Endocervical Adenocarcinoma_ECAD_腺癌
Cervix (CERVIX)_子宮頸部,腺癌，NOS,Endocervical Adenocarcinoma_ECAD_腺癌
Endocervical Adenocarcinoma (ECAD)_子宮内頸部腺癌,mucinous adenocarcinoma,Endocervical Adenocarcinoma_ECAD_腺癌
Endocervical Adenocarcinoma (ECAD)_子宮内頸部腺癌,,Endocervical Adenocarcinoma_ECAD_腺癌
Endocervical Adenocarcinoma (ECAD)_子宮内頸部腺癌,子宮頚部腺癌,Endocervical Adenocarcinoma_ECAD_腺癌
Endocervical Adenocarcinoma (ECAD)_子宮内頸部腺癌,"endocervical adenocarcinoma,usual type",Endocervical Adenocarcinoma_ECAD_腺癌
Endocervical Adenocarcinoma (ECAD)_子宮内頸部腺癌,腺癌，内頚部型,Endocervical Adenocarcinoma_ECAD_腺癌
Cervical Adenocarcinoma (CEAD)_子宮頸部腺癌,Adenocarcinoma,Endocervical Adenocarcinoma_ECAD_腺癌
Mucinous Carcinoma (CEMU)_子宮頸部粘液癌,Mucinous adenocarcinoma of the uterine cervix,Endocervical Adenocarcinoma_ECAD_腺癌
Endocervical Adenocarcinoma (ECAD)_子宮内頸部腺癌,adenocarcinoma,Endocervical Adenocarcinoma_ECAD_腺癌
Endocervical Adenocarcinoma (ECAD)_子宮内頸部腺癌,Endocervical adenocarcinoma,Endocervical Adenocarcinoma_ECAD_腺癌
Cervical Adenocarcinoma (CEAD)_子宮頸部腺癌,"Endocervical adenocarcinoma,usual type",Endocervical Adenocarcinoma_ECAD_腺癌
Gastric Type Mucinous Carcinoma (GCEMU)_子宮頸部胃型粘液癌 ,Adenocarcinoma,Endocervical Adenocarcinoma_ECAD_腺癌
Endocervical Adenocarcinoma (ECAD)_子宮内頸部腺癌,ADENOCARCINOMA,Endocervical Adenocarcinoma_ECAD_腺癌
Endocervical Adenocarcinoma (ECAD)_子宮内頸部腺癌,"adenocarcinoma, uterine caevix（子宮頚部腺癌）",Endocervical Adenocarcinoma_ECAD_腺癌
Cervical Adenocarcinoma (CEAD)_子宮頸部腺癌,ADENOCARCINOMA,Endocervical Adenocarcinoma_ECAD_腺癌
Cervical Serous Carcinoma (CESE)_子宮頸部漿液性癌,Adenocarcinoma,Endocervical Adenocarcinoma_ECAD_腺癌
Cervical Adenocarcinoma (CEAD)_子宮頸部腺癌,"子宮頸癌（mucinous adenocarcinoma, endocervical type)",Endocervical Adenocarcinoma_ECAD_腺癌
Cervical Adenocarcinoma (CEAD)_子宮頸部腺癌,Invasive adenocarcinoma of the uterine cervix,Endocervical Adenocarcinoma_ECAD_腺癌
Intestinal Type Mucinous Carcinoma (ICEMU)_子宮頸部腸型粘液癌 ,粘液腺癌,Endocervical Adenocarcinoma_ECAD_腺癌
Mucinous Carcinoma (CEMU)_子宮頸部粘液癌,Mucinous adenocarcinoma,Endocervical Adenocarcinoma_ECAD_腺癌
Mucinous Carcinoma (CEMU)_子宮頸部粘液癌,Mucinous carcinoma,Endocervical Adenocarcinoma_ECAD_腺癌
Cervical Adenocarcinoma (CEAD)_子宮頸部腺癌,Adenoarcionoma of the uterine vervix,Endocervical Adenocarcinoma_ECAD_腺癌
Cervical Adenocarcinoma (CEAD)_子宮頸部腺癌,腺癌,Endocervical Adenocarcinoma_ECAD_腺癌
Cervical Adenocarcinoma (CEAD)_子宮頸部腺癌,mucinous carcinoma,Endocervical Adenocarcinoma_ECAD_腺癌
,Adenocarcinoma　子宮頚癌,Endocervical Adenocarcinoma_ECAD_腺癌
Endocervical Adenocarcinoma (ECAD)_子宮内頸部腺癌,Adenocarcinoma of the uterine cervix.,Endocervical Adenocarcinoma_ECAD_腺癌
Endocervical Adenocarcinoma (ECAD)_子宮内頸部腺癌,"endocervical adenocarcinoma, usual type",Endocervical Adenocarcinoma_ECAD_腺癌
Mucinous Carcinoma (CEMU)_子宮頸部粘液癌,"Mucinous adenocarcinoma,endocervical type",Endocervical Adenocarcinoma_ECAD_腺癌
Cervical Adenocarcinoma (CEAD)_子宮頸部腺癌,cervical adenocarcinoma,Endocervical Adenocarcinoma_ECAD_腺癌
Endocervical Adenocarcinoma (ECAD)_子宮内頸部腺癌,子宮頸部腺癌,Endocervical Adenocarcinoma_ECAD_腺癌
Cervical Endometrioid Carcinoma (CEEN)_子宮頸部子宮内膜癌,Cervical Endometrioid Carcinoma,Endocervical Adenocarcinoma_ECAD_腺癌
Endocervical Adenocarcinoma (ECAD)_子宮内頸部腺癌,"adenocarcinoma, cervix",Endocervical Adenocarcinoma_ECAD_腺癌
Cervical Adenocarcinoma (CEAD)_子宮頸部腺癌,Gigh grade adenocarcinoma,Endocervical Adenocarcinoma_ECAD_腺癌
Endocervical Adenocarcinoma (ECAD)_子宮内頸部腺癌,Cervical Adenocarcinoma ,Endocervical Adenocarcinoma_ECAD_腺癌
Endocervical Adenocarcinoma (ECAD)_子宮内頸部腺癌,"Endocervical adenocarcinoma,usual type",Endocervical Adenocarcinoma_ECAD_腺癌
Cervical Adenocarcinoma (CEAD)_子宮頸部腺癌,adenocarcinoma,Endocervical Adenocarcinoma_ECAD_腺癌
Endocervical Adenocarcinoma (ECAD)_子宮内頸部腺癌,"Mucinous adenocarcinoma, endocervical type, of the uterine cervix.",Endocervical Adenocarcinoma_ECAD_腺癌
Mucinous Carcinoma (CEMU)_子宮頸部粘液癌,mucinous adenocarcinoma,Endocervical Adenocarcinoma_ECAD_腺癌
Endocervical Adenocarcinoma (ECAD)_子宮内頸部腺癌,Adenocarcinoma,Endocervical Adenocarcinoma_ECAD_腺癌
Cervical Adenocarcinoma (CEAD)_子宮頸部腺癌,子宮頸癌,Endocervical Adenocarcinoma_ECAD_腺癌
,high grade adenocarcinoma（子宮頚癌）,Endocervical Adenocarcinoma_ECAD_腺癌
Cervical Adenocarcinoma (CEAD)_子宮頸部腺癌,,Endocervical Adenocarcinoma_ECAD_腺癌
Cervix (CERVIX)_子宮頸部,子宮頚部腺癌,Endocervical Adenocarcinoma_ECAD_腺癌
Gastric Type Mucinous Carcinoma (GCEMU)_子宮頸部胃型粘液癌 ,子宮頸部粘液性癌,Endocervical Adenocarcinoma_ECAD_腺癌
Cervical Adenocarcinoma (CEAD)_子宮頸部腺癌,子宮頚部腺癌,Endocervical Adenocarcinoma_ECAD_腺癌
Endocervical Adenocarcinoma (ECAD)_子宮内頸部腺癌,Endocervical Adenocarcinoma(ECAD),Endocervical Adenocarcinoma_ECAD_腺癌
Cervical Adenocarcinoma (CEAD)_子宮頸部腺癌,Adenocarcinoma of the uterin cervix,Endocervical Adenocarcinoma_ECAD_腺癌
Cervical Adenocarcinoma (CEAD)_子宮頸部腺癌,子宮頚癌ⅡB　pT2bN1Mo　adenocarcinoma,Endocervical Adenocarcinoma_ECAD_腺癌
Endocervical Adenocarcinoma (ECAD)_子宮内頸部腺癌,通常型内頚部腺癌,Endocervical Adenocarcinoma_ECAD_腺癌
Endocervical Adenocarcinoma (ECAD)_子宮内頸部腺癌,子宮頸癌,Endocervical Adenocarcinoma_ECAD_腺癌
Cervical Adenocarcinoma (CEAD)_子宮頸部腺癌,cervical mucinous adenocarcinoma,Endocervical Adenocarcinoma_ECAD_腺癌
Mucinous Carcinoma (CEMU)_子宮頸部粘液癌,mucinous carcinoma,Endocervical Adenocarcinoma_ECAD_腺癌
Gastric Type Mucinous Carcinoma (GCEMU)_子宮頸部胃型粘液癌 ,子宮頸部腺癌,Endocervical Adenocarcinoma_ECAD_腺癌
Mucinous Carcinoma (CEMU)_子宮頸部粘液癌,子宮頸癌（粘液性腺癌）、子宮体癌（類内膜腺癌）,Endocervical Adenocarcinoma_ECAD_腺癌
Gastric Type Mucinous Carcinoma (GCEMU)_子宮頸部胃型粘液癌 ,子宮頚癌　腺癌,Endocervical Adenocarcinoma_ECAD_腺癌
Cervix (CERVIX)_子宮頸部,adenocarcinoma (子宮頚癌),Endocervical Adenocarcinoma_ECAD_腺癌
Mucinous Carcinoma (CEMU)_子宮頸部粘液癌,Mucinous adenocarcinoma G1,Endocervical Adenocarcinoma_ECAD_腺癌
Endocervical Adenocarcinoma (ECAD)_子宮内頸部腺癌,低分化腺癌,Endocervical Adenocarcinoma_ECAD_腺癌
Endocervical Adenocarcinoma (ECAD)_子宮内頸部腺癌,Endocervical Adenocarcinoma,Endocervical Adenocarcinoma_ECAD_腺癌
Cervical Adenocarcinoma (CEAD)_子宮頸部腺癌,微小浸潤腺癌,Endocervical Adenocarcinoma_ECAD_腺癌
Endocervical Adenocarcinoma (ECAD)_子宮内頸部腺癌,uterine cervical carcinoma,Endocervical Adenocarcinoma_ECAD_腺癌
Endocervical Adenocarcinoma (ECAD)_子宮内頸部腺癌,Well differentiated adenocarcinoma,Endocervical Adenocarcinoma_ECAD_腺癌
Cervical Adenocarcinoma (CEAD)_子宮頸部腺癌,Mucinous carcinoma,Endocervical Adenocarcinoma_ECAD_腺癌
Endocervical Adenocarcinoma (ECAD)_子宮内頸部腺癌,Adenocarcinoma and HSIL/CIN of the uterine cervix.,Endocervical Adenocarcinoma_ECAD_腺癌
Cervical Adenocarcinoma (CEAD)_子宮頸部腺癌,Carcinoma,Endocervical Adenocarcinoma_ECAD_腺癌
Endocervical Adenocarcinoma (ECAD)_子宮内頸部腺癌,"Endocrevical adenocarcioma, Usual type, clear cell carcinoma like feature, moderately to poorly differentiated（子宮頚がん）",Endocervical Adenocarcinoma_ECAD_腺癌
Mucinous Carcinoma (CEMU)_子宮頸部粘液癌,Mucinous adenocarcinoma endocervical type,Endocervical Adenocarcinoma_ECAD_腺癌
Cervical Adenocarcinoma (CEAD)_子宮頸部腺癌,"Uterine cervical carcinoma, Endocervical adenocarcinoma, usual type",Endocervical Adenocarcinoma_ECAD_腺癌
Cervical Adenocarcinoma (CEAD)_子宮頸部腺癌,"Uterine cervical, mucinous adenocarcinoma",Endocervical Adenocarcinoma_ECAD_腺癌
Endocervical Adenocarcinoma (ECAD)_子宮内頸部腺癌,"Endocervical adenocarcinoma, usual type（子宮頚がん）",Endocervical Adenocarcinoma_ECAD_腺癌
Cervical Adenocarcinoma (CEAD)_子宮頸部腺癌,子宮頸部腺癌,Endocervical Adenocarcinoma_ECAD_腺癌
,"Mucinous　Carcinoma,gasutric type",Gastric Type Mucinous Carcinoma_GCEMU_胃型粘液性癌
,"Mucinous carcinoma, gastric type",Gastric Type Mucinous Carcinoma_GCEMU_胃型粘液性癌
,mucinous carcinoma gastric type,Gastric Type Mucinous Carcinoma_GCEMU_胃型粘液性癌
,Adenocarcinoma gastric type,Gastric Type Mucinous Carcinoma_GCEMU_胃型粘液性癌
,子宮頚癌、腺癌、粘液癌（胃型）（子宮頚癌）,Gastric Type Mucinous Carcinoma_GCEMU_胃型粘液性癌
,Mucinous carcinoma. gastric type,Gastric Type Mucinous Carcinoma_GCEMU_胃型粘液性癌
,子宮頸部胃型腺癌,Gastric Type Mucinous Carcinoma_GCEMU_胃型粘液性癌
,"Mucinous carcinoma, gastric type ~ signet-ring cell type",Gastric Type Mucinous Carcinoma_GCEMU_胃型粘液性癌
,mucinous adenocarcinoma(gastric type),Gastric Type Mucinous Carcinoma_GCEMU_胃型粘液性癌
,胃型腺癌,Gastric Type Mucinous Carcinoma_GCEMU_胃型粘液性癌
,Minimal deviation adenocarcinoma,Gastric Type Mucinous Carcinoma_GCEMU_胃型粘液性癌
,mucinous　carcinoma gastric type,Gastric Type Mucinous Carcinoma_GCEMU_胃型粘液性癌
,"Mucinous carcinoma, gastric type (uterine cervix, total hysterectomy & bisalpingo-oophorectomy)",Gastric Type Mucinous Carcinoma_GCEMU_胃型粘液性癌
,"Mucinous carcinoma, gastric Type",Gastric Type Mucinous Carcinoma_GCEMU_胃型粘液性癌
,Endochervival adenocarinoma gastric type,Gastric Type Mucinous Carcinoma_GCEMU_胃型粘液性癌
,"musinous cascinoma,gastric type",Gastric Type Mucinous Carcinoma_GCEMU_胃型粘液性癌
Gastric Type Mucinous Carcinoma (GCEMU)_子宮頸部胃型粘液癌 ,Gastric Type Mucinous Carcinoma (GCEMU),Gastric Type Mucinous Carcinoma_GCEMU_胃型粘液性癌
Gastric Type Mucinous Carcinoma (GCEMU)_子宮頸部胃型粘液癌 ,mucinous carcinoma gastrictype ,Gastric Type Mucinous Carcinoma_GCEMU_胃型粘液性癌
Gastric Type Mucinous Carcinoma (GCEMU)_子宮頸部胃型粘液癌 ,Gastric Type Mucinous Carcinoma,Gastric Type Mucinous Carcinoma_GCEMU_胃型粘液性癌
Gastric Type Mucinous Carcinoma (GCEMU)_子宮頸部胃型粘液癌 ,"Mucinous　carcinoma,　gastric　type",Gastric Type Mucinous Carcinoma_GCEMU_胃型粘液性癌
Gastric Type Mucinous Carcinoma (GCEMU)_子宮頸部胃型粘液癌 ,"Mucinous adenocarcinoma, gastric type",Gastric Type Mucinous Carcinoma_GCEMU_胃型粘液性癌
Gastric Type Mucinous Carcinoma (GCEMU)_子宮頸部胃型粘液癌 ,Mucinous carcinoma gastric type,Gastric Type Mucinous Carcinoma_GCEMU_胃型粘液性癌
Gastric Type Mucinous Carcinoma (GCEMU)_子宮頸部胃型粘液癌 ,"Uterine cervical cancer,Mucinous carcinoma gastric type",Gastric Type Mucinous Carcinoma_GCEMU_胃型粘液性癌
Gastric Type Mucinous Carcinoma (GCEMU)_子宮頸部胃型粘液癌 ,子宮頚部胃型粘液癌,Gastric Type Mucinous Carcinoma_GCEMU_胃型粘液性癌
Gastric Type Mucinous Carcinoma (GCEMU)_子宮頸部胃型粘液癌 ,"mucinous carcinoma, gastric -type",Gastric Type Mucinous Carcinoma_GCEMU_胃型粘液性癌
Gastric Type Mucinous Carcinoma (GCEMU)_子宮頸部胃型粘液癌 ,"Mucinous adenocarcinoma,minimual deviation type",Gastric Type Mucinous Carcinoma_GCEMU_胃型粘液性癌
Cervical Adenocarcinoma (CEAD)_子宮頸部腺癌,子宮頸癌　胃型粘液性癌,Gastric Type Mucinous Carcinoma_GCEMU_胃型粘液性癌
Gastric Type Mucinous Carcinoma (GCEMU)_子宮頸部胃型粘液癌 ,"Mucinous carcinoma,gastric type of the cervix",Gastric Type Mucinous Carcinoma_GCEMU_胃型粘液性癌
Gastric Type Mucinous Carcinoma (GCEMU)_子宮頸部胃型粘液癌 ,"mucinous carcinoma,gastric type,uterine cervix（子宮頸癌）",Gastric Type Mucinous Carcinoma_GCEMU_胃型粘液性癌
Gastric Type Mucinous Carcinoma (GCEMU)_子宮頸部胃型粘液癌 ,"Mucinous carcinoma, Gastric type",Gastric Type Mucinous Carcinoma_GCEMU_胃型粘液性癌
,"Mucinous carcinoma, gastric type (子宮頚癌)",Gastric Type Mucinous Carcinoma_GCEMU_胃型粘液性癌
Gastric Type Mucinous Carcinoma (GCEMU)_子宮頸部胃型粘液癌 ,"Mucinous carcinoma, gastrictype",Gastric Type Mucinous Carcinoma_GCEMU_胃型粘液性癌
Gastric Type Mucinous Carcinoma (GCEMU)_子宮頸部胃型粘液癌 ,"Mucinous carcinoma, gastric type",Gastric Type Mucinous Carcinoma_GCEMU_胃型粘液性癌
Gastric Type Mucinous Carcinoma (GCEMU)_子宮頸部胃型粘液癌 ,"Mucinous carcinoma,gastric type",Gastric Type Mucinous Carcinoma_GCEMU_胃型粘液性癌
Gastric Type Mucinous Carcinoma (GCEMU)_子宮頸部胃型粘液癌 ,子宮頸部胃型腺癌,Gastric Type Mucinous Carcinoma_GCEMU_胃型粘液性癌
Cervical Adenocarcinoma (CEAD)_子宮頸部腺癌,胃型腺癌,Gastric Type Mucinous Carcinoma_GCEMU_胃型粘液性癌
Gastric Type Mucinous Carcinoma (GCEMU)_子宮頸部胃型粘液癌 ,"子宮頚癌　Adenocarcinoma,gastric type",Gastric Type Mucinous Carcinoma_GCEMU_胃型粘液性癌
Gastric Type Mucinous Carcinoma (GCEMU)_子宮頸部胃型粘液癌 ,子宮頸部腺癌　gastric type,Gastric Type Mucinous Carcinoma_GCEMU_胃型粘液性癌
Gastric Type Mucinous Carcinoma (GCEMU)_子宮頸部胃型粘液癌 ,"mucinous adenocarcinoma, gastric type of the uterine cervix",Gastric Type Mucinous Carcinoma_GCEMU_胃型粘液性癌
Gastric Type Mucinous Carcinoma (GCEMU)_子宮頸部胃型粘液癌 ,子宮頸癌（粘液性癌、胃型）,Gastric Type Mucinous Carcinoma_GCEMU_胃型粘液性癌
Mucinous Carcinoma (CEMU)_子宮頸部粘液癌,子宮頸癌（gastric type）,Gastric Type Mucinous Carcinoma_GCEMU_胃型粘液性癌
Gastric Type Mucinous Carcinoma (GCEMU)_子宮頸部胃型粘液癌 ,"Cervical cancer, Mucinous carcinoma gastric type",Gastric Type Mucinous Carcinoma_GCEMU_胃型粘液性癌
Gastric Type Mucinous Carcinoma (GCEMU)_子宮頸部胃型粘液癌 ,子宮頚部胃型腺がん,Gastric Type Mucinous Carcinoma_GCEMU_胃型粘液性癌
Gastric Type Mucinous Carcinoma (GCEMU)_子宮頸部胃型粘液癌 ,"Mucinous carcinoma, gastic type ",Gastric Type Mucinous Carcinoma_GCEMU_胃型粘液性癌
Gastric Type Mucinous Carcinoma (GCEMU)_子宮頸部胃型粘液癌 ,"Mucinous carcnioma, gastric type",Gastric Type Mucinous Carcinoma_GCEMU_胃型粘液性癌
Gastric Type Mucinous Carcinoma (GCEMU)_子宮頸部胃型粘液癌 ,Mucinous Adenocarcinoma,Gastric Type Mucinous Carcinoma_GCEMU_胃型粘液性癌
Gastric Type Mucinous Carcinoma (GCEMU)_子宮頸部胃型粘液癌 ,"Mucinous carcinoma, gastric type  of uterine cervical cancer",Gastric Type Mucinous Carcinoma_GCEMU_胃型粘液性癌
Gastric Type Mucinous Carcinoma (GCEMU)_子宮頸部胃型粘液癌 ,子宮頚部腺癌,Gastric Type Mucinous Carcinoma_GCEMU_胃型粘液性癌
Gastric Type Mucinous Carcinoma (GCEMU)_子宮頸部胃型粘液癌 ,子宮頸癌、腺癌、胃型粘液性癌,Gastric Type Mucinous Carcinoma_GCEMU_胃型粘液性癌
Gastric Type Mucinous Carcinoma (GCEMU)_子宮頸部胃型粘液癌 ,子宮頚癌,Gastric Type Mucinous Carcinoma_GCEMU_胃型粘液性癌
,"Cervical cancer, adenosquamous carcinoma, glassy cell carcinoma",Glassy Cell Carcinoma of the Cervix_CEGCC_すりガラス細胞癌
Mixed Cervical Carcinoma (MCCE)_混合子宮頸癌,MIXED　ADENOCARCINOMA,Mixed Cervical Carcinoma_MCCE_混合癌
Small Cell Carcinoma of the Cervix (SCCE)_子宮頸部小細胞癌,small cell carcinoma with adenocarcinoma component,Mixed Cervical Carcinoma_MCCE_混合癌
Cervical Neuroendocrine Tumor (CENE)_子宮頸部神経内分泌腫瘍,神経内分泌癌を伴う腺癌,Mixed Cervical Carcinoma_MCCE_混合癌
Mixed Cervical Carcinoma (MCCE)_混合子宮頸癌,Adenocarcinoma admixes with neuroendocrine carcinoma,Mixed Cervical Carcinoma_MCCE_混合癌
Cervical Adenocarcinoma (CEAD)_子宮頸部腺癌,"Adenocarcinoma, admixed with neuroendocrine carcinoma（子宮頚癌）",Mixed Cervical Carcinoma_MCCE_混合癌
Mixed Cervical Carcinoma (MCCE)_混合子宮頸癌,carcinoma admixed with neuroendcrine carcinoma,Mixed Cervical Carcinoma_MCCE_混合癌
Mixed Cervical Carcinoma (MCCE)_混合子宮頸癌,,Mixed Cervical Carcinoma_MCCE_混合癌
Cervical Neuroendocrine Tumor (CENE)_子宮頸部神経内分泌腫瘍,"Mixed carcinoma(Large cell neuroendocrine carcinoma>95%+Endocervical adenocarcinoma<5%,usual type) of the uterine cervix.",Mixed Cervical Carcinoma_MCCE_混合癌
Endocervical Adenocarcinoma (ECAD)_子宮内頸部腺癌,"Endocervical adenocarcinoma with villoglandular structure
Endocervical adenocarcinoma with villoglandular structure
Endocervical adenocarcinoma with villoglandular structure",Mixed Cervical Carcinoma_MCCE_混合癌
,子宮頚癌,Other
,子宮頸がん,Other
Cervix (CERVIX)_子宮頸部,新生物，悪性,Other
,Cervical　Cancer,Other
,子宮頚癌再発,Other
,,Other
,子宮癌,Other
,子宮頸癌,Other
,子宮頚癌再発、腹膜播種（子宮頚癌再発（播種病巣））,Other
,cervical cancer,Other
Cervix (CERVIX)_子宮頸部,,Other
Cervical Adenosquamous Carcinoma (CEAS)_子宮頸部腺扁平上皮癌,子宮頸がん,Other
Cervix (CERVIX)_子宮頸部,"carcinoma, NOS",Other
Cervix (CERVIX)_子宮頸部,"Carcinoma, metastatic. See comment",Other
Cervix (CERVIX)_子宮頸部,腺癌（再発）,Other
,印環細胞癌,Signet Ring Mucinous Carcinoma_SCEMU_印環細胞癌
Signet Ring Mucinous Carcinoma (SCEMU)_子宮頸部印環細胞粘液癌,adenocarcinoma,Signet Ring Mucinous Carcinoma_SCEMU_印環細胞癌
,Small cell neuroendocrine carcinoma,Small Cell Carcinoma of the Cervix_SCCE_小細胞癌
Cervix (CERVIX)_子宮頸部,小細胞内分泌癌,Small Cell Carcinoma of the Cervix_SCCE_小細胞癌
,"High-grade neuroendocrine carinoma,small cell neuroendocrine",Small Cell Carcinoma of the Cervix_SCCE_小細胞癌
,small cell neuroendocrine carcinoma,Small Cell Carcinoma of the Cervix_SCCE_小細胞癌
,small cell carcinoma,Small Cell Carcinoma of the Cervix_SCCE_小細胞癌
Cervix (CERVIX)_子宮頸部,小細胞癌,Small Cell Carcinoma of the Cervix_SCCE_小細胞癌
,小細胞がん,Small Cell Carcinoma of the Cervix_SCCE_小細胞癌
,"high-grade neuroendocrine carcinoma, small cell carcinoma",Small Cell Carcinoma of the Cervix_SCCE_小細胞癌
,子宮頸癌 IB期 小細胞癌 pT1b1N0M0,Small Cell Carcinoma of the Cervix_SCCE_小細胞癌
,"small cell carcinoma (neuroendcrine carcinoma), uterine cervix （子宮頚部小細胞がん）",Small Cell Carcinoma of the Cervix_SCCE_小細胞癌
,子宮頸部小細胞癌,Small Cell Carcinoma of the Cervix_SCCE_小細胞癌
,子宮原発小細胞癌,Small Cell Carcinoma of the Cervix_SCCE_小細胞癌
,Small cell neuroendocrine carcinoma of the uterine cervix,Small Cell Carcinoma of the Cervix_SCCE_小細胞癌
,Small cell carcinoma,Small Cell Carcinoma of the Cervix_SCCE_小細胞癌
,Small cell Neuroendocrine carcinoma,Small Cell Carcinoma of the Cervix_SCCE_小細胞癌
,Small cell neuroendocrine carcinoma.Adenocarcinoma,Small Cell Carcinoma of the Cervix_SCCE_小細胞癌
Small Cell Carcinoma of the Cervix (SCCE)_子宮頸部小細胞癌,小細胞癌,Small Cell Carcinoma of the Cervix_SCCE_小細胞癌
Small Cell Carcinoma of the Cervix (SCCE)_子宮頸部小細胞癌,,Small Cell Carcinoma of the Cervix_SCCE_小細胞癌
Small Cell Carcinoma of the Cervix (SCCE)_子宮頸部小細胞癌,Small cell neuroendocrine carcinoma,Small Cell Carcinoma of the Cervix_SCCE_小細胞癌
Small Cell Carcinoma of the Cervix (SCCE)_子宮頸部小細胞癌,Small Cell Carcinoma of the Cervix（子宮頚がん）,Small Cell Carcinoma of the Cervix_SCCE_小細胞癌
Small Cell Carcinoma of the Cervix (SCCE)_子宮頸部小細胞癌,small cell carcinoma,Small Cell Carcinoma of the Cervix_SCCE_小細胞癌
Mixed Cervical Carcinoma (MCCE)_混合子宮頸癌,Small cell neuroendocrine carcinoma with squamous cell carcinoma,Small Cell Carcinoma of the Cervix_SCCE_小細胞癌
Small Cell Carcinoma of the Cervix (SCCE)_子宮頸部小細胞癌,small cell neuroendocrine carcinoma,Small Cell Carcinoma of the Cervix_SCCE_小細胞癌
Small Cell Carcinoma of the Cervix (SCCE)_子宮頸部小細胞癌,small cell adenocarcinoma of uterin cervix,Small Cell Carcinoma of the Cervix_SCCE_小細胞癌
Cervical Neuroendocrine Tumor (CENE)_子宮頸部神経内分泌腫瘍,small-cell neuroendocrine carcinoma,Small Cell Carcinoma of the Cervix_SCCE_小細胞癌
Small Cell Carcinoma of the Cervix (SCCE)_子宮頸部小細胞癌,small cell neuroendocrine,Small Cell Carcinoma of the Cervix_SCCE_小細胞癌
Small Cell Carcinoma of the Cervix (SCCE)_子宮頸部小細胞癌,Small Cell Carcinoma of the Cervix,Small Cell Carcinoma of the Cervix_SCCE_小細胞癌
Small Cell Carcinoma of the Cervix (SCCE)_子宮頸部小細胞癌,"small cell carcinoma, uterine cervix （子宮頚部小細胞癌）",Small Cell Carcinoma of the Cervix_SCCE_小細胞癌
Cervical Neuroendocrine Tumor (CENE)_子宮頸部神経内分泌腫瘍,small cell neuroendocrine carcinoma,Small Cell Carcinoma of the Cervix_SCCE_小細胞癌
Small Cell Carcinoma of the Cervix (SCCE)_子宮頸部小細胞癌,Small cell neuroendocrine carcinoma of the uterine cervix,Small Cell Carcinoma of the Cervix_SCCE_小細胞癌
Small Cell Carcinoma of the Cervix (SCCE)_子宮頸部小細胞癌,Small cell carcinoma (small cell neuroendocine carcinoma),Small Cell Carcinoma of the Cervix_SCCE_小細胞癌
Endocervical Adenocarcinoma (ECAD)_子宮内頸部腺癌,腺癌,Endocervical Adenocarcinoma_ECAD_腺癌
Mucinous Carcinoma (CEMU)_子宮頸部粘液癌,mucinous carcinoma of the uterine cervix,Endocervical Adenocarcinoma_ECAD_腺癌
Cervical Squamous Cell Carcinoma (CESC)_子宮頸部扁平上皮癌,Papillary squamous cell carcinoma,Cervical Squamous Cell Carcinoma_CESC_扁平上皮癌
Cervical Adenocarcinoma (CEAD)_子宮頸部腺癌,乳腺・女性生殖器腫瘍 子宮頸部 腺癌,Endocervical Adenocarcinoma_ECAD_腺癌
Cervical Squamous Cell Carcinoma (CESC)_子宮頸部扁平上皮癌,Cervical Squamous cell　carcinoma,Cervical Squamous Cell Carcinoma_CESC_扁平上皮癌
Cervical Squamous Cell Carcinoma (CESC)_子宮頸部扁平上皮癌,Cervical Squamous cell carcinoma,Cervical Squamous Cell Carcinoma_CESC_扁平上皮癌
Endocervical Adenocarcinoma (ECAD)_子宮内頸部腺癌,子宮頚癌,Endocervical Adenocarcinoma_ECAD_腺癌
Cervical Adenosquamous Carcinoma (CEAS)_子宮頸部腺扁平上皮癌,Adenosquamous carcinoma（子宮頸癌）,Cervical Adenosquamous Carcinoma_CEAS_腺扁平上皮癌
Cervix (CERVIX)_子宮頸部,"Mucinous adenocarcinoma, endocervical type (子宮頚癌)",Endocervical Adenocarcinoma_ECAD_腺癌
Gastric Type Mucinous Carcinoma (GCEMU)_子宮頸部胃型粘液癌 ,Gastric Type Mucinous Carcinoma (GCEMU)_子宮頸部胃型粘液癌,Gastric Type Mucinous Carcinoma_GCEMU_胃型粘液性癌
Cervical Adenocarcinoma (CEAD)_子宮頸部腺癌,子宮頚部胃型腺癌,Gastric Type Mucinous Carcinoma_GCEMU_胃型粘液性癌
Cervical Squamous Cell Carcinoma (CESC)_子宮頸部扁平上皮癌,"Squamous cell caricinoma, HPV-associated",Cervical Squamous Cell Carcinoma_CESC_扁平上皮癌
Cervix (CERVIX)_子宮頸部,"Adenocarcinoma admixed with neuroendocrine carcinoma, pT1b2No.",Mixed Cervical Carcinoma_MCCE_混合癌
Cervical Squamous Cell Carcinoma (CESC)_子宮頸部扁平上皮癌,"Squamous cell carcinoma, non-keratinizing type",Cervical Squamous Cell Carcinoma_CESC_扁平上皮癌
Cervical Serous Carcinoma (CESE)_子宮頸部漿液性癌,Serous adenocarcinoma,Cervical Serous Carcinoma_CESE_漿液性癌
Cervical Adenocarcinoma (CEAD)_子宮頸部腺癌,"adenocarcinoma, uterine cervix ",Endocervical Adenocarcinoma_ECAD_腺癌
Cervical Squamous Cell Carcinoma (CESC)_子宮頸部扁平上皮癌,Squamous carcinoma cell,Cervical Squamous Cell Carcinoma_CESC_扁平上皮癌
Cervix (CERVIX)_子宮頸部,子宮頸がん　扁平上皮がん,Cervical Squamous Cell Carcinoma_CESC_扁平上皮癌
Cervical Squamous Cell Carcinoma (CESC)_子宮頸部扁平上皮癌,Squamous Cell Carcinoma,Cervical Squamous Cell Carcinoma_CESC_扁平上皮癌
Cervical Squamous Cell Carcinoma (CESC)_子宮頸部扁平上皮癌,Large cell neuroendocrine carcinoma of the uterine cervix.,Cervical Squamous Cell Carcinoma_CESC_扁平上皮癌
Cervical Squamous Cell Carcinoma (CESC)_子宮頸部扁平上皮癌,子宮頸部扁平上皮癌　Cervical Squamous Cell Carcinoma,Cervical Squamous Cell Carcinoma_CESC_扁平上皮癌
Cervical Adenosquamous Carcinoma (CEAS)_子宮頸部腺扁平上皮癌,adenosquamous carcinoma（子宮頚がん）,Cervical Adenosquamous Carcinoma_CEAS_腺扁平上皮癌
Cervical Squamous Cell Carcinoma (CESC)_子宮頸部扁平上皮癌,"Squamous cell carcinoma, non-keratinaizing type",Cervical Squamous Cell Carcinoma_CESC_扁平上皮癌
Cervix (CERVIX)_子宮頸部,adenosquamous cell carcinoma,Cervical Adenosquamous Carcinoma_CEAS_腺扁平上皮癌
Cervical Squamous Cell Carcinoma (CESC)_子宮頸部扁平上皮癌,"扁平上皮癌
扁平上皮癌",Cervical Squamous Cell Carcinoma_CESC_扁平上皮癌
Cervical Adenosquamous Carcinoma (CEAS)_子宮頸部腺扁平上皮癌,Uterine cervical cancer FIGO ⅡB Adenosquamous carcinoma,Cervical Adenosquamous Carcinoma_CEAS_腺扁平上皮癌
Cervical Adenosquamous Carcinoma (CEAS)_子宮頸部腺扁平上皮癌,adenosquamous cell carcinoma,Cervical Adenosquamous Carcinoma_CEAS_腺扁平上皮癌
Cervical Squamous Cell Carcinoma (CESC)_子宮頸部扁平上皮癌,squamous cell　carcinoma,Cervical Squamous Cell Carcinoma_CESC_扁平上皮癌
Cervical Adenocarcinoma (CEAD)_子宮頸部腺癌,子宮頸癌（粘液性腺癌 Mucinous Adenocarcinoma）,Endocervical Adenocarcinoma_ECAD_腺癌
Mucinous Carcinoma (CEMU)_子宮頸部粘液癌,"mucinous adenocarcinoma, endcervical type of the cervix uteri",Endocervical Adenocarcinoma_ECAD_腺癌
Cervical Squamous Cell Carcinoma (CESC)_子宮頸部扁平上皮癌,Metastatic squamous　cell carcinoma　（転移性扁平上皮癌）,Cervical Squamous Cell Carcinoma_CESC_扁平上皮癌
Cervical Squamous Cell Carcinoma (CESC)_子宮頸部扁平上皮癌,Suqamouse cell carcinoma,Cervical Squamous Cell Carcinoma_CESC_扁平上皮癌
Cervical Neuroendocrine Tumor (CENE)_子宮頸部神経内分泌腫瘍,Cervical neuroendocrine tumor,Cervical Neuroendocrine Tumor_CENE_神経内分泌腫瘍
Cervical Squamous Cell Carcinoma (CESC)_子宮頸部扁平上皮癌,Microinvasive squamous cell carcinoma（子宮頚癌）,Cervical Squamous Cell Carcinoma_CESC_扁平上皮癌
Cervical Clear Cell Carcinoma (CECC)_子宮頸部明細胞癌,cervical clear cell carcinoma,Cervical Clear Cell Carcinoma_CECC_明細胞癌
Cervical Adenosquamous Carcinoma (CEAS)_子宮頸部腺扁平上皮癌,adenosquamos carcinoma,Cervical Adenosquamous Carcinoma_CEAS_腺扁平上皮癌
Cervical Neuroendocrine Tumor (CENE)_子宮頸部神経内分泌腫瘍,大細胞神経内分泌癌,Cervical Neuroendocrine Tumor_CENEC_神経内分泌癌
Cervical Squamous Cell Carcinoma (CESC)_子宮頸部扁平上皮癌,子宮扁平上皮癌,Cervical Squamous Cell Carcinoma_CESC_扁平上皮癌
Cervical Adenocarcinoma (CEAD)_子宮頸部腺癌,adenocarcinoma (子宮頚癌),Endocervical Adenocarcinoma_ECAD_腺癌
Cervical Squamous Cell Carcinoma (CESC)_子宮頸部扁平上皮癌,"Squamous cell carcinoma,nonkeratinizing type",Cervical Squamous Cell Carcinoma_CESC_扁平上皮癌
Cervical Squamous Cell Carcinoma (CESC)_子宮頸部扁平上皮癌,"Squamous cell carcinoma, invasive, non-keratinizing type",Cervical Squamous Cell Carcinoma_CESC_扁平上皮癌
Cervix (CERVIX)_子宮頸部,扁平上皮がん,Cervical Squamous Cell Carcinoma_CESC_扁平上皮癌