﻿症例.基本情報.がん種.OncoTree..名称.,症例.背景情報.病理診断名,y
Acinic Cell Carcinoma (ACCC)_腺房細胞癌,腺房細胞癌,Acinic Cell Carcinoma (ACCC)_腺房細胞癌
Acinic Cell Carcinoma (ACCC)_腺房細胞癌,腺傍細胞癌,Acinic Cell Carcinoma (ACCC)_腺房細胞癌
Acinic Cell Carcinoma (ACCC)_腺房細胞癌,"耳下腺房細胞がん,肺転移（右耳下腺がん,腺房細胞がん）",Acinic Cell Carcinoma (ACCC)_腺房細胞癌
Acinic Cell Carcinoma (ACCC)_腺房細胞癌,Secretory carcinoma（分泌癌）,Acinic Cell Carcinoma (ACCC)_腺房細胞癌
Acinic Cell Carcinoma (ACCC)_腺房細胞癌,Acinic cell carcinoma of the left buccal mucosa.,Acinic Cell Carcinoma (ACCC)_腺房細胞癌
Acinic Cell Carcinoma (ACCC)_腺房細胞癌,Acinic cell carcinoma,Acinic Cell Carcinoma (ACCC)_腺房細胞癌
,Acinic cell carcinoma,Acinic Cell Carcinoma (ACCC)_腺房細胞癌
,acinic cell carcinoma,Acinic Cell Carcinoma (ACCC)_腺房細胞癌
,Acinar cell corcinoma,Acinic Cell Carcinoma (ACCC)_腺房細胞癌
,Acinal cell carcinoma,Acinic Cell Carcinoma (ACCC)_腺房細胞癌
,腺房細胞癌,Acinic Cell Carcinoma (ACCC)_腺房細胞癌
,耳下腺原発acinic cell carcinoma,Acinic Cell Carcinoma (ACCC)_腺房細胞癌
,線傍細胞癌,Acinic Cell Carcinoma (ACCC)_腺房細胞癌
Adenoid Cystic Carcinoma (ACYC)_腺様嚢胞癌,顎下腺原発腺様嚢胞癌,Adenoid Cystic Carcinoma (ACYC)_腺様嚢胞癌
Adenoid Cystic Carcinoma (ACYC)_腺様嚢胞癌,"頭頸部:Head and Neck
唾液腺癌:Salivary Carcinoma
腺様嚢胞癌:Adenoid Cystic Carcinoma",Adenoid Cystic Carcinoma (ACYC)_腺様嚢胞癌
Adenoid Cystic Carcinoma (ACYC)_腺様嚢胞癌,舌下腺原発腺様嚢胞癌,Adenoid Cystic Carcinoma (ACYC)_腺様嚢胞癌
Adenoid Cystic Carcinoma (ACYC)_腺様嚢胞癌,舌　腺様嚢胞癌,Adenoid Cystic Carcinoma (ACYC)_腺様嚢胞癌
Adenoid Cystic Carcinoma (ACYC)_腺様嚢胞癌,腺様嚢胞癌,Adenoid Cystic Carcinoma (ACYC)_腺様嚢胞癌
Adenoid Cystic Carcinoma (ACYC)_腺様嚢胞癌,腺様のう胞癌,Adenoid Cystic Carcinoma (ACYC)_腺様嚢胞癌
Adenoid Cystic Carcinoma (ACYC)_腺様嚢胞癌,耳下腺癌,Adenoid Cystic Carcinoma (ACYC)_腺様嚢胞癌
Adenoid Cystic Carcinoma (ACYC)_腺様嚢胞癌,左顎下腺腺様嚢胞癌,Adenoid Cystic Carcinoma (ACYC)_腺様嚢胞癌
Adenoid Cystic Carcinoma (ACYC)_腺様嚢胞癌,唾液腺癌,Adenoid Cystic Carcinoma (ACYC)_腺様嚢胞癌
Adenoid Cystic Carcinoma (ACYC)_腺様嚢胞癌,右上顎癌（腺様嚢胞癌）,Adenoid Cystic Carcinoma (ACYC)_腺様嚢胞癌
Adenoid Cystic Carcinoma (ACYC)_腺様嚢胞癌,SALIVARY GLAND CARCINOMA,Adenoid Cystic Carcinoma (ACYC)_腺様嚢胞癌
Adenoid Cystic Carcinoma (ACYC)_腺様嚢胞癌,poorly differentiated adenocarcinoma,Adenoid Cystic Carcinoma (ACYC)_腺様嚢胞癌
Adenoid Cystic Carcinoma (ACYC)_腺様嚢胞癌,Metastatic adenoid cystic carcinoma（顎下腺腺様嚢胞癌）,Adenoid Cystic Carcinoma (ACYC)_腺様嚢胞癌
Adenoid Cystic Carcinoma (ACYC)_腺様嚢胞癌,Carcinoma ,Adenoid Cystic Carcinoma (ACYC)_腺様嚢胞癌
Adenoid Cystic Carcinoma (ACYC)_腺様嚢胞癌,adenoidcystic carcinoma（口蓋悪性腫瘍）,Adenoid Cystic Carcinoma (ACYC)_腺様嚢胞癌
Adenoid Cystic Carcinoma (ACYC)_腺様嚢胞癌,Adenoid cytic carcinoma,Adenoid Cystic Carcinoma (ACYC)_腺様嚢胞癌
Adenoid Cystic Carcinoma (ACYC)_腺様嚢胞癌,Adenoid cystil carcinoma,Adenoid Cystic Carcinoma (ACYC)_腺様嚢胞癌
Adenoid Cystic Carcinoma (ACYC)_腺様嚢胞癌,Adenoid cystic carcinoma（左上顎洞癌）,Adenoid Cystic Carcinoma (ACYC)_腺様嚢胞癌
Adenoid Cystic Carcinoma (ACYC)_腺様嚢胞癌,adenoid cystic carcinoma(右顎下腺腺様嚢胞癌),Adenoid Cystic Carcinoma (ACYC)_腺様嚢胞癌
Adenoid Cystic Carcinoma (ACYC)_腺様嚢胞癌,"adenoid cystic carcinoma,solid type",Adenoid Cystic Carcinoma (ACYC)_腺様嚢胞癌
Adenoid Cystic Carcinoma (ACYC)_腺様嚢胞癌,"Adenoid cystic carcinoma, solid type.",Adenoid Cystic Carcinoma (ACYC)_腺様嚢胞癌
Adenoid Cystic Carcinoma (ACYC)_腺様嚢胞癌,adenoid cystic carcinoma with dedifferentiated component,Adenoid Cystic Carcinoma (ACYC)_腺様嚢胞癌
Adenoid Cystic Carcinoma (ACYC)_腺様嚢胞癌,Adenoid cystic carcinoma of the right parotid gland,Adenoid Cystic Carcinoma (ACYC)_腺様嚢胞癌
Adenoid Cystic Carcinoma (ACYC)_腺様嚢胞癌,adenoid cystic carcinoma （耳下腺）,Adenoid Cystic Carcinoma (ACYC)_腺様嚢胞癌
Adenoid Cystic Carcinoma (ACYC)_腺様嚢胞癌,Adenoid Cystic Carcinoma ,Adenoid Cystic Carcinoma (ACYC)_腺様嚢胞癌
Adenoid Cystic Carcinoma (ACYC)_腺様嚢胞癌,adenoid cystic carcinoma,Adenoid Cystic Carcinoma (ACYC)_腺様嚢胞癌
Adenoid Cystic Carcinoma (ACYC)_腺様嚢胞癌,Adenoid cystic carcinoma,Adenoid Cystic Carcinoma (ACYC)_腺様嚢胞癌
Adenoid Cystic Carcinoma (ACYC)_腺様嚢胞癌,Adenoid Cystic Carcinoma,Adenoid Cystic Carcinoma (ACYC)_腺様嚢胞癌
Adenoid Cystic Carcinoma (ACYC)_腺様嚢胞癌,ADENOID CYSTIC CARCINOMA,Adenoid Cystic Carcinoma (ACYC)_腺様嚢胞癌
Adenoid Cystic Carcinoma (ACYC)_腺様嚢胞癌,Adenoid　cystic carcinoma,Adenoid Cystic Carcinoma (ACYC)_腺様嚢胞癌
Adenoid Cystic Carcinoma (ACYC)_腺様嚢胞癌,adenoid cycstic carcinoma,Adenoid Cystic Carcinoma (ACYC)_腺様嚢胞癌
Adenoid Cystic Carcinoma (ACYC)_腺様嚢胞癌,Adenoic cystic Carcinoma,Adenoid Cystic Carcinoma (ACYC)_腺様嚢胞癌
Adenoid Cystic Carcinoma (ACYC)_腺様嚢胞癌,ACC,Adenoid Cystic Carcinoma (ACYC)_腺様嚢胞癌
Adenoid Cystic Carcinoma (ACYC)_腺様嚢胞癌,,Adenoid Cystic Carcinoma (ACYC)_腺様嚢胞癌
Head and Neck (HEAD_NECK)_頭頸部,腺様嚢胞癌,Adenoid Cystic Carcinoma (ACYC)_腺様嚢胞癌
Head and Neck (HEAD_NECK)_頭頸部,腺様のう胞癌,Adenoid Cystic Carcinoma (ACYC)_腺様嚢胞癌
Head and Neck (HEAD_NECK)_頭頸部,Adenoid cystic carcinoma of the oropharyngeal,Adenoid Cystic Carcinoma (ACYC)_腺様嚢胞癌
Head and Neck (HEAD_NECK)_頭頸部,Adenoid cystic carcinoma of the nasal cavity,Adenoid Cystic Carcinoma (ACYC)_腺様嚢胞癌
Head and Neck (HEAD_NECK)_頭頸部,adenoid cystic carcinoma (蝶形骨洞原発腺様嚢胞癌),Adenoid Cystic Carcinoma (ACYC)_腺様嚢胞癌
Head and Neck (HEAD_NECK)_頭頸部,Adenoid cystic carcinoma,Adenoid Cystic Carcinoma (ACYC)_腺様嚢胞癌
Head and Neck (HEAD_NECK)_頭頸部,adenoid cystic carcinoma,Adenoid Cystic Carcinoma (ACYC)_腺様嚢胞癌
Head and Neck (HEAD_NECK)_頭頸部,Adenoid　cystic carcinoma,Adenoid Cystic Carcinoma (ACYC)_腺様嚢胞癌
"Head and Neck Carcinoma, Other (OHNCA)_頭頸部癌、その他",腺様嚢胞癌,Adenoid Cystic Carcinoma (ACYC)_腺様嚢胞癌
Nasopharyngeal Carcinoma (NPC)_上咽頭癌,Adenoid cystic carcinoma,Adenoid Cystic Carcinoma (ACYC)_腺様嚢胞癌
,Adenoid cystic carcinoma（舌下腺がん）,Adenoid Cystic Carcinoma (ACYC)_腺様嚢胞癌
,Adenoid cystic carcinoma.,Adenoid Cystic Carcinoma (ACYC)_腺様嚢胞癌
,"Adenoid cystic carcinoma,maxillary sinus,right,biopsy　",Adenoid Cystic Carcinoma (ACYC)_腺様嚢胞癌
,Adenoid cystic carcinoma of the left submandiblar gland,Adenoid Cystic Carcinoma (ACYC)_腺様嚢胞癌
,Adenoid cystic carcinoma and ductal carcinoma,Adenoid Cystic Carcinoma (ACYC)_腺様嚢胞癌
,Adenoid cystic carcinoma （頭頸部　唾液腺がん）,Adenoid Cystic Carcinoma (ACYC)_腺様嚢胞癌
,adenoid cystic carcinoma ,Adenoid Cystic Carcinoma (ACYC)_腺様嚢胞癌
,Adenoid Cystic Carcinoma,Adenoid Cystic Carcinoma (ACYC)_腺様嚢胞癌
,Adenoid cystic carcinoma,Adenoid Cystic Carcinoma (ACYC)_腺様嚢胞癌
,adenoid cystic carcinoma,Adenoid Cystic Carcinoma (ACYC)_腺様嚢胞癌
,Adenoid　cystic　carcinoma,Adenoid Cystic Carcinoma (ACYC)_腺様嚢胞癌
,ADENOID　CYSTIC　CARCINOMA,Adenoid Cystic Carcinoma (ACYC)_腺様嚢胞癌
,adenoid cystic carcinama,Adenoid Cystic Carcinoma (ACYC)_腺様嚢胞癌
,adenoid cyctic carcinoma,Adenoid Cystic Carcinoma (ACYC)_腺様嚢胞癌
,adenocystic carcinoma,Adenoid Cystic Carcinoma (ACYC)_腺様嚢胞癌
"Head and Neck Carcinoma, Other (OHNCA)_頭頸部癌、その他",Adenoid cystic carcinoma,Adenoid Cystic Carcinoma (ACYC)_腺様嚢胞癌
"Head and Neck Carcinoma, Other (OHNCA)_頭頸部癌、その他",adenoid cystic carcinom,Adenoid Cystic Carcinoma (ACYC)_腺様嚢胞癌
,顎下腺原発腺様嚢胞癌,Adenoid Cystic Carcinoma (ACYC)_腺様嚢胞癌
,蝶形骨洞原発腺様嚢胞がん,Adenoid Cystic Carcinoma (ACYC)_腺様嚢胞癌
,舌下腺腺様嚢胞癌,Adenoid Cystic Carcinoma (ACYC)_腺様嚢胞癌
,舌下腺癌 Adenoid cytic carcinoma 腺様嚢胞癌,Adenoid Cystic Carcinoma (ACYC)_腺様嚢胞癌
,腺様嚢胞癌疑い,Adenoid Cystic Carcinoma (ACYC)_腺様嚢胞癌
,腺様嚢胞癌,Adenoid Cystic Carcinoma (ACYC)_腺様嚢胞癌
,腺様嚢胞がん,Adenoid Cystic Carcinoma (ACYC)_腺様嚢胞癌
,腺様のう胞癌,Adenoid Cystic Carcinoma (ACYC)_腺様嚢胞癌
,耳下腺がん adenoid cystic carcinoma,Adenoid Cystic Carcinoma (ACYC)_腺様嚢胞癌
,涙腺腺様嚢胞癌,Adenoid Cystic Carcinoma (ACYC)_腺様嚢胞癌
,左顎下腺腺様嚢胞癌　肺転移,Adenoid Cystic Carcinoma (ACYC)_腺様嚢胞癌
,充実型腺様嚢胞癌,Adenoid Cystic Carcinoma (ACYC)_腺様嚢胞癌
,上顎洞原発腺様嚢胞癌,Adenoid Cystic Carcinoma (ACYC)_腺様嚢胞癌
Adenosquamous Carcinoma of the Tongue (ASCT)_腺扁平上皮舌癌,"Adenosquamous carcinoma with sarcomatous change,tongue Squamous cell",Adenosquamous Carcinoma of the Tongue (ASCT)_腺扁平上皮舌癌
Basal Cell Adenocarcinoma (BCAC)_基底細胞がん,右耳下腺癌,Basal Cell Adenocarcinoma (BCAC)_基底細胞がん
Basal Cell Adenocarcinoma (BCAC)_基底細胞がん,Basal　cell adenocarcinoma,Basal Cell Adenocarcinoma (BCAC)_基底細胞がん
,基底細胞癌,Basal Cell Adenocarcinoma (BCAC)_基底細胞がん
,basal cell adenocarcinoma,Basal Cell Adenocarcinoma (BCAC)_基底細胞がん
Carcinoma ex Pleomorphic Adenoma (CAEXPA)_悪性多形性腺腫,顎下腺多型腺腫由来癌（癌肉腫）,Carcinoma ex Pleomorphic Adenoma (CAEXPA)_悪性多形性腺腫
Carcinoma ex Pleomorphic Adenoma (CAEXPA)_悪性多形性腺腫,耳下腺多形腺腫由来癌,Carcinoma ex Pleomorphic Adenoma (CAEXPA)_悪性多形性腺腫
Carcinoma ex Pleomorphic Adenoma (CAEXPA)_悪性多形性腺腫,多形腺腫由来癌,Carcinoma ex Pleomorphic Adenoma (CAEXPA)_悪性多形性腺腫
Carcinoma ex Pleomorphic Adenoma (CAEXPA)_悪性多形性腺腫,Myoepithelial carcinoma　ex pleomophic adenoma,Carcinoma ex Pleomorphic Adenoma (CAEXPA)_悪性多形性腺腫
Carcinoma ex Pleomorphic Adenoma (CAEXPA)_悪性多形性腺腫,Carcinoma ex pleomorphic adenoma of the right submandibular gland,Carcinoma ex Pleomorphic Adenoma (CAEXPA)_悪性多形性腺腫
Carcinoma ex Pleomorphic Adenoma (CAEXPA)_悪性多形性腺腫,Carcinoma ex Pleomorphic Adenoma （顎下腺）,Carcinoma ex Pleomorphic Adenoma (CAEXPA)_悪性多形性腺腫
Carcinoma ex Pleomorphic Adenoma (CAEXPA)_悪性多形性腺腫,Carcinoma ex Pleomorphic Adenoma (CAEXPA)_悪性多形性腺腫,Carcinoma ex Pleomorphic Adenoma (CAEXPA)_悪性多形性腺腫
Carcinoma ex Pleomorphic Adenoma (CAEXPA)_悪性多形性腺腫,Carcinoma ex pleomorphic adenoma,Carcinoma ex Pleomorphic Adenoma (CAEXPA)_悪性多形性腺腫
Carcinoma ex Pleomorphic Adenoma (CAEXPA)_悪性多形性腺腫,CARCINOMA EX PLEOMORPHIC ADENOMA,Carcinoma ex Pleomorphic Adenoma (CAEXPA)_悪性多形性腺腫
Epithelial-Myoepithelial Carcinoma (EMYOCA)_上皮筋上皮癌,Malignant epithelial neoplasm with adenoid cystic carcinoma-like component,Epithelial-Myoepithelial Carcinoma (EMYOCA)_上皮筋上皮癌
Epithelial-Myoepithelial Carcinoma (EMYOCA)_上皮筋上皮癌,,Epithelial-Myoepithelial Carcinoma (EMYOCA)_上皮筋上皮癌
Head and Neck (HEAD_NECK)_頭頸部,sarcoma,"Head and Neck Carcinoma, Other (OHNCA)_頭頸部癌、その他"
"Head and Neck Carcinoma, Other (OHNCA)_頭頸部癌、その他","carcinoma, NOS","Head and Neck Carcinoma, Other (OHNCA)_頭頸部癌、その他"
,嗅神経芽細胞腫,"Head and Neck Carcinoma, Other (OHNCA)_頭頸部癌、その他"
,咽頭濾胞性樹状細胞肉腫,"Head and Neck Carcinoma, Other (OHNCA)_頭頸部癌、その他"
,Squamous Cell Carcinoma,"Head and Neck Carcinoma, Other (OHNCA)_頭頸部癌、その他"
,Squamous cell carcinoma,"Head and Neck Carcinoma, Other (OHNCA)_頭頸部癌、その他"
,Poorly differentiated carcinoma,"Head and Neck Carcinoma, Other (OHNCA)_頭頸部癌、その他"
,olfactory neuroblastoma,"Head and Neck Carcinoma, Other (OHNCA)_頭頸部癌、その他"
,Carcinoma,"Head and Neck Carcinoma, Other (OHNCA)_頭頸部癌、その他"
Head and Neck (HEAD_NECK)_頭頸部,新生物，悪性,"Head and Neck Carcinoma, Other (OHNCA)_頭頸部癌、その他"
Head and Neck (HEAD_NECK)_頭頸部,"AdenocarcinomaA　NOS, parotid grand, surgery(耳下腺癌）","Head and Neck Carcinoma, Other (OHNCA)_頭頸部癌、その他"
"Head and Neck Carcinoma, Other (OHNCA)_頭頸部癌、その他",頭頚部癌（その他）,"Head and Neck Carcinoma, Other (OHNCA)_頭頸部癌、その他"
"Head and Neck Carcinoma, Other (OHNCA)_頭頸部癌、その他",脂腺癌：Sebaceous carcinoma,"Head and Neck Carcinoma, Other (OHNCA)_頭頸部癌、その他"
"Head and Neck Carcinoma, Other (OHNCA)_頭頸部癌、その他",組織球様印環細胞癌,"Head and Neck Carcinoma, Other (OHNCA)_頭頸部癌、その他"
"Head and Neck Carcinoma, Other (OHNCA)_頭頸部癌、その他",眼窩導管癌,"Head and Neck Carcinoma, Other (OHNCA)_頭頸部癌、その他"
"Head and Neck Carcinoma, Other (OHNCA)_頭頸部癌、その他",副鼻腔　腺様嚢胞癌,"Head and Neck Carcinoma, Other (OHNCA)_頭頸部癌、その他"
"Head and Neck Carcinoma, Other (OHNCA)_頭頸部癌、その他",teratocarcinosarcoma,"Head and Neck Carcinoma, Other (OHNCA)_頭頸部癌、その他"
"Head and Neck Carcinoma, Other (OHNCA)_頭頸部癌、その他",poorly differentiated adenocarcinoma,"Head and Neck Carcinoma, Other (OHNCA)_頭頸部癌、その他"
"Head and Neck Carcinoma, Other (OHNCA)_頭頸部癌、その他",Olfactory neuroblastoma,"Head and Neck Carcinoma, Other (OHNCA)_頭頸部癌、その他"
"Head and Neck Carcinoma, Other (OHNCA)_頭頸部癌、その他",,"Head and Neck Carcinoma, Other (OHNCA)_頭頸部癌、その他"
,紡錘細胞肉腫,"Head and Neck Carcinoma, Other (OHNCA)_頭頸部癌、その他"
,紡錘形細胞がん,"Head and Neck Carcinoma, Other (OHNCA)_頭頸部癌、その他"
,横紋筋肉腫,"Head and Neck Carcinoma, Other (OHNCA)_頭頸部癌、その他"
,未分化癌,"Head and Neck Carcinoma, Other (OHNCA)_頭頸部癌、その他"
,未分化がん,"Head and Neck Carcinoma, Other (OHNCA)_頭頸部癌、その他"
,Carcinoma in the lymphnodes.,"Head and Neck Carcinoma, Other (OHNCA)_頭頸部癌、その他"
,adenocarcinoma,"Head and Neck Carcinoma, Other (OHNCA)_頭頸部癌、その他"
,Adenocarcinoma,"Head and Neck Carcinoma, Other (OHNCA)_頭頸部癌、その他"
Head and Neck Mucosal Melanoma (HNMUCM)_頭頸部粘膜黒色腫,鼻腔悪性黒色腫,Head and Neck Mucosal Melanoma (HNMUCM)_頭頸部粘膜黒色腫
Head and Neck Mucosal Melanoma (HNMUCM)_頭頸部粘膜黒色腫,悪性黒色腫,Head and Neck Mucosal Melanoma (HNMUCM)_頭頸部粘膜黒色腫
Head and Neck Mucosal Melanoma (HNMUCM)_頭頸部粘膜黒色腫,右鼻腔悪性黒色腫,Head and Neck Mucosal Melanoma (HNMUCM)_頭頸部粘膜黒色腫
Head and Neck Mucosal Melanoma (HNMUCM)_頭頸部粘膜黒色腫,undifferentiated round cell tumor,Head and Neck Mucosal Melanoma (HNMUCM)_頭頸部粘膜黒色腫
Head and Neck Mucosal Melanoma (HNMUCM)_頭頸部粘膜黒色腫,nalignant melanoma,Head and Neck Mucosal Melanoma (HNMUCM)_頭頸部粘膜黒色腫
Head and Neck Mucosal Melanoma (HNMUCM)_頭頸部粘膜黒色腫,"mucosal amelanotic melanoma, paranasal sinus (副鼻腔粘膜悪性黒色腫）",Head and Neck Mucosal Melanoma (HNMUCM)_頭頸部粘膜黒色腫
Head and Neck Mucosal Melanoma (HNMUCM)_頭頸部粘膜黒色腫,melanoma,Head and Neck Mucosal Melanoma (HNMUCM)_頭頸部粘膜黒色腫
Head and Neck Mucosal Melanoma (HNMUCM)_頭頸部粘膜黒色腫,Malignant ｍelanoma（悪性黒色腫）,Head and Neck Mucosal Melanoma (HNMUCM)_頭頸部粘膜黒色腫
Head and Neck Mucosal Melanoma (HNMUCM)_頭頸部粘膜黒色腫,"Malignant melanoma, metastatic",Head and Neck Mucosal Melanoma (HNMUCM)_頭頸部粘膜黒色腫
Head and Neck Mucosal Melanoma (HNMUCM)_頭頸部粘膜黒色腫,Malignant melanoma of the nasal cavity ,Head and Neck Mucosal Melanoma (HNMUCM)_頭頸部粘膜黒色腫
Head and Neck Mucosal Melanoma (HNMUCM)_頭頸部粘膜黒色腫,malignant melanoma (副鼻腔原発悪性黒色腫、膵転移）,Head and Neck Mucosal Melanoma (HNMUCM)_頭頸部粘膜黒色腫
Head and Neck Mucosal Melanoma (HNMUCM)_頭頸部粘膜黒色腫,malignant melanoma,Head and Neck Mucosal Melanoma (HNMUCM)_頭頸部粘膜黒色腫
Head and Neck Mucosal Melanoma (HNMUCM)_頭頸部粘膜黒色腫,Malignant melanoma,Head and Neck Mucosal Melanoma (HNMUCM)_頭頸部粘膜黒色腫
Head and Neck Mucosal Melanoma (HNMUCM)_頭頸部粘膜黒色腫,malignant　melanoma,Head and Neck Mucosal Melanoma (HNMUCM)_頭頸部粘膜黒色腫
Head and Neck Mucosal Melanoma (HNMUCM)_頭頸部粘膜黒色腫,Head and Neck Mucosal Melanoma ,Head and Neck Mucosal Melanoma (HNMUCM)_頭頸部粘膜黒色腫
Head and Neck Mucosal Melanoma (HNMUCM)_頭頸部粘膜黒色腫,,Head and Neck Mucosal Melanoma (HNMUCM)_頭頸部粘膜黒色腫
,Melanoma,Head and Neck Mucosal Melanoma (HNMUCM)_頭頸部粘膜黒色腫
,Marignant melanoma,Head and Neck Mucosal Melanoma (HNMUCM)_頭頸部粘膜黒色腫
,Malignant melanoma,Head and Neck Mucosal Melanoma (HNMUCM)_頭頸部粘膜黒色腫
,悪性黒色腫(amelanotic melanoma) ,Head and Neck Mucosal Melanoma (HNMUCM)_頭頸部粘膜黒色腫
,右蝶形骨洞内粘膜悪性黒色腫,Head and Neck Mucosal Melanoma (HNMUCM)_頭頸部粘膜黒色腫
,head and neck mucosal melanoma,Head and Neck Mucosal Melanoma (HNMUCM)_頭頸部粘膜黒色腫
Head and Neck (HEAD_NECK)_頭頸部,神経内分泌腫瘍,Head and Neck Neuroendocrine Carcinoma (HNNE)_頭頸部神経内分泌癌
Head and Neck (HEAD_NECK)_頭頸部,神経内分泌癌,Head and Neck Neuroendocrine Carcinoma (HNNE)_頭頸部神経内分泌癌
"Head and Neck Carcinoma, Other (OHNCA)_頭頸部癌、その他",Small cell carcinoma,Head and Neck Neuroendocrine Carcinoma (HNNE)_頭頸部神経内分泌癌
"Head and Neck Carcinoma, Other (OHNCA)_頭頸部癌、その他",small cell carcinoma,Head and Neck Neuroendocrine Carcinoma (HNNE)_頭頸部神経内分泌癌
"Head and Neck Carcinoma, Other (OHNCA)_頭頸部癌、その他",Neuroendocrine carcinoma combined with squamous cell carcinoma of the nasal,Head and Neck Neuroendocrine Carcinoma (HNNE)_頭頸部神経内分泌癌
Head and Neck Neuroendocrine Carcinoma (HNNE)_頭頸部神経内分泌癌,神経内分泌腫瘍,Head and Neck Neuroendocrine Carcinoma (HNNE)_頭頸部神経内分泌癌
Head and Neck Neuroendocrine Carcinoma (HNNE)_頭頸部神経内分泌癌,神経内分泌癌,Head and Neck Neuroendocrine Carcinoma (HNNE)_頭頸部神経内分泌癌
Head and Neck Neuroendocrine Carcinoma (HNNE)_頭頸部神経内分泌癌,大細胞神経内分泌癌,Head and Neck Neuroendocrine Carcinoma (HNNE)_頭頸部神経内分泌癌
Head and Neck Neuroendocrine Carcinoma (HNNE)_頭頸部神経内分泌癌,右鼻腔小細胞癌,Head and Neck Neuroendocrine Carcinoma (HNNE)_頭頸部神経内分泌癌
Head and Neck Neuroendocrine Carcinoma (HNNE)_頭頸部神経内分泌癌,neuroendocrine carcinoma,Head and Neck Neuroendocrine Carcinoma (HNNE)_頭頸部神経内分泌癌
Sinonasal Squamous Cell Carcinoma (SNSC)_副鼻腔扁平上皮癌,pooly differentiated squamous cell carcinoma with focal neuroendocrine differentiation,Head and Neck Neuroendocrine Carcinoma (HNNE)_頭頸部神経内分泌癌
,鼻腔原発神経内分泌腫瘍（NET）,Head and Neck Neuroendocrine Carcinoma (HNNE)_頭頸部神経内分泌癌
,神経内分泌癌,Head and Neck Neuroendocrine Carcinoma (HNNE)_頭頸部神経内分泌癌
,小細胞神経内分泌癌,Head and Neck Neuroendocrine Carcinoma (HNNE)_頭頸部神経内分泌癌
,小細胞癌,Head and Neck Neuroendocrine Carcinoma (HNNE)_頭頸部神経内分泌癌
,small cell carcinoma,Head and Neck Neuroendocrine Carcinoma (HNNE)_頭頸部神経内分泌癌
,Small cell carcinoma,Head and Neck Neuroendocrine Carcinoma (HNNE)_頭頸部神経内分泌癌
Head and Neck (HEAD_NECK)_頭頸部,小細胞癌，NOS,Head and Neck Neuroendocrine Carcinoma (HNNE)_頭頸部神経内分泌癌
Adenosquamous Carcinoma of the Tongue (ASCT)_腺扁平上皮舌癌,扁平上皮癌,Head and Neck Squamous Cell Carcinoma (HNSC)_頭頸部扁平上皮癌
Adenosquamous Carcinoma of the Tongue (ASCT)_腺扁平上皮舌癌,"Squamouscell carcinoma,tongue",Head and Neck Squamous Cell Carcinoma (HNSC)_頭頸部扁平上皮癌
Adenosquamous Carcinoma of the Tongue (ASCT)_腺扁平上皮舌癌,"Squamous cell carcinoma, moderately differentiated type, tongue",Head and Neck Squamous Cell Carcinoma (HNSC)_頭頸部扁平上皮癌
Head and Neck (HEAD_NECK)_頭頸部,扁平上皮癌，NOS,Head and Neck Squamous Cell Carcinoma (HNSC)_頭頸部扁平上皮癌
Head and Neck (HEAD_NECK)_頭頸部,扁平上皮癌,Head and Neck Squamous Cell Carcinoma (HNSC)_頭頸部扁平上皮癌
Head and Neck (HEAD_NECK)_頭頸部,Squamous cell carcinoma,Head and Neck Squamous Cell Carcinoma (HNSC)_頭頸部扁平上皮癌
"Head and Neck Carcinoma, Other (OHNCA)_頭頸部癌、その他","中咽頭癌 (前壁, adenocarcinoma, p16+, pT4aN2b）",Head and Neck Squamous Cell Carcinoma (HNSC)_頭頸部扁平上皮癌
Head and Neck Squamous Cell Carcinoma (HNSC)_頭頸部扁平上皮癌,頭頸部領域の皮膚扁平上皮癌（色素性乾皮症を背景とするもの）,Head and Neck Squamous Cell Carcinoma (HNSC)_頭頸部扁平上皮癌
Head and Neck Squamous Cell Carcinoma (HNSC)_頭頸部扁平上皮癌,頭頚部癌　扁平上皮癌,Head and Neck Squamous Cell Carcinoma (HNSC)_頭頸部扁平上皮癌
Head and Neck Squamous Cell Carcinoma (HNSC)_頭頸部扁平上皮癌,舌扁平上皮癌,Head and Neck Squamous Cell Carcinoma (HNSC)_頭頸部扁平上皮癌
Head and Neck Squamous Cell Carcinoma (HNSC)_頭頸部扁平上皮癌,扁平上皮癌,Head and Neck Squamous Cell Carcinoma (HNSC)_頭頸部扁平上皮癌
Head and Neck Squamous Cell Carcinoma (HNSC)_頭頸部扁平上皮癌,左鼻腔未分化扁平上皮癌,Head and Neck Squamous Cell Carcinoma (HNSC)_頭頸部扁平上皮癌
Head and Neck Squamous Cell Carcinoma (HNSC)_頭頸部扁平上皮癌,口腔癌,Head and Neck Squamous Cell Carcinoma (HNSC)_頭頸部扁平上皮癌
Head and Neck Squamous Cell Carcinoma (HNSC)_頭頸部扁平上皮癌,低分化扁平上皮癌,Head and Neck Squamous Cell Carcinoma (HNSC)_頭頸部扁平上皮癌
Head and Neck Squamous Cell Carcinoma (HNSC)_頭頸部扁平上皮癌,Squamous cell carcinoma of the external ear,Head and Neck Squamous Cell Carcinoma (HNSC)_頭頸部扁平上皮癌
Head and Neck Squamous Cell Carcinoma (HNSC)_頭頸部扁平上皮癌,squamous cell carcinoma,Head and Neck Squamous Cell Carcinoma (HNSC)_頭頸部扁平上皮癌
Head and Neck Squamous Cell Carcinoma (HNSC)_頭頸部扁平上皮癌,Squamous cell carcinoma,Head and Neck Squamous Cell Carcinoma (HNSC)_頭頸部扁平上皮癌
Head and Neck Squamous Cell Carcinoma (HNSC)_頭頸部扁平上皮癌,SQUAMOUS CELL CARCINOMA,Head and Neck Squamous Cell Carcinoma (HNSC)_頭頸部扁平上皮癌
Head and Neck Squamous Cell Carcinoma (HNSC)_頭頸部扁平上皮癌,SCC,Head and Neck Squamous Cell Carcinoma (HNSC)_頭頸部扁平上皮癌
Head and Neck Squamous Cell Carcinoma (HNSC)_頭頸部扁平上皮癌,Non-keratinizing squamous cell carcinoma,Head and Neck Squamous Cell Carcinoma (HNSC)_頭頸部扁平上皮癌
Head and Neck Squamous Cell Carcinoma (HNSC)_頭頸部扁平上皮癌,moderately differentiated squamous cell carcinoma of ear canal,Head and Neck Squamous Cell Carcinoma (HNSC)_頭頸部扁平上皮癌
Head and Neck Squamous Cell Carcinoma (HNSC)_頭頸部扁平上皮癌,,Head and Neck Squamous Cell Carcinoma (HNSC)_頭頸部扁平上皮癌
Head and Neck Squamous Cell Carcinoma of Unknown Primary (HNSCUP)_原発不明頭頸部扁平上皮癌,Squamous cell carcinoma with adenoid cystic differentiation,Head and Neck Squamous Cell Carcinoma (HNSC)_頭頸部扁平上皮癌
Head and Neck Squamous Cell Carcinoma of Unknown Primary (HNSCUP)_原発不明頭頸部扁平上皮癌,squamous cell carcinoma,Head and Neck Squamous Cell Carcinoma (HNSC)_頭頸部扁平上皮癌
Head and Neck Squamous Cell Carcinoma of Unknown Primary (HNSCUP)_原発不明頭頸部扁平上皮癌,SCC,Head and Neck Squamous Cell Carcinoma (HNSC)_頭頸部扁平上皮癌
Hypopharynx Squamous Cell Carcinoma (HPHSC)_下咽頭扁平上皮癌,頭頸部癌　扁平上皮癌,Head and Neck Squamous Cell Carcinoma (HNSC)_頭頸部扁平上皮癌
Hypopharynx Squamous Cell Carcinoma (HPHSC)_下咽頭扁平上皮癌,扁平上皮癌《推奨表記》,Head and Neck Squamous Cell Carcinoma (HNSC)_頭頸部扁平上皮癌
Hypopharynx Squamous Cell Carcinoma (HPHSC)_下咽頭扁平上皮癌,扁平上皮癌,Head and Neck Squamous Cell Carcinoma (HNSC)_頭頸部扁平上皮癌
Hypopharynx Squamous Cell Carcinoma (HPHSC)_下咽頭扁平上皮癌,中高低分化のsquamous　扁平上皮癌,Head and Neck Squamous Cell Carcinoma (HNSC)_頭頸部扁平上皮癌
Hypopharynx Squamous Cell Carcinoma (HPHSC)_下咽頭扁平上皮癌,下咽頭癌,Head and Neck Squamous Cell Carcinoma (HNSC)_頭頸部扁平上皮癌
Hypopharynx Squamous Cell Carcinoma (HPHSC)_下咽頭扁平上皮癌,下咽頭扁平上皮癌,Head and Neck Squamous Cell Carcinoma (HNSC)_頭頸部扁平上皮癌
Hypopharynx Squamous Cell Carcinoma (HPHSC)_下咽頭扁平上皮癌,Squamous cell carcinoma（下咽頭部がん）,Head and Neck Squamous Cell Carcinoma (HNSC)_頭頸部扁平上皮癌
Hypopharynx Squamous Cell Carcinoma (HPHSC)_下咽頭扁平上皮癌,Squamous　cell carcinoma,Head and Neck Squamous Cell Carcinoma (HNSC)_頭頸部扁平上皮癌
Hypopharynx Squamous Cell Carcinoma (HPHSC)_下咽頭扁平上皮癌,Squamous　cell　carcinoma,Head and Neck Squamous Cell Carcinoma (HNSC)_頭頸部扁平上皮癌
Hypopharynx Squamous Cell Carcinoma (HPHSC)_下咽頭扁平上皮癌,Squamous cell carcinoma,Head and Neck Squamous Cell Carcinoma (HNSC)_頭頸部扁平上皮癌
Hypopharynx Squamous Cell Carcinoma (HPHSC)_下咽頭扁平上皮癌,squamous cell carcinoma,Head and Neck Squamous Cell Carcinoma (HNSC)_頭頸部扁平上皮癌
Hypopharynx Squamous Cell Carcinoma (HPHSC)_下咽頭扁平上皮癌,Squamous Cell Carcinoma,Head and Neck Squamous Cell Carcinoma (HNSC)_頭頸部扁平上皮癌
Hypopharynx Squamous Cell Carcinoma (HPHSC)_下咽頭扁平上皮癌,SCC,Head and Neck Squamous Cell Carcinoma (HNSC)_頭頸部扁平上皮癌
Hypopharynx Squamous Cell Carcinoma (HPHSC)_下咽頭扁平上皮癌,poorly differentiated squamous cell carcinoma,Head and Neck Squamous Cell Carcinoma (HNSC)_頭頸部扁平上皮癌
Hypopharynx Squamous Cell Carcinoma (HPHSC)_下咽頭扁平上皮癌,Metastasis of squamous cell carcinoma,Head and Neck Squamous Cell Carcinoma (HNSC)_頭頸部扁平上皮癌
Hypopharynx Squamous Cell Carcinoma (HPHSC)_下咽頭扁平上皮癌,Hypopharynx Squamous Cell Carcinoma (HPHSC),Head and Neck Squamous Cell Carcinoma (HNSC)_頭頸部扁平上皮癌
Hypopharynx Squamous Cell Carcinoma (HPHSC)_下咽頭扁平上皮癌,"Carcinoma of the pharynx, compatible with basaloid squamous cell carcinoma.",Head and Neck Squamous Cell Carcinoma (HNSC)_頭頸部扁平上皮癌
Hypopharynx Squamous Cell Carcinoma (HPHSC)_下咽頭扁平上皮癌,Adenosquamous carcinoma,Head and Neck Squamous Cell Carcinoma (HNSC)_頭頸部扁平上皮癌
Hypopharynx Squamous Cell Carcinoma (HPHSC)_下咽頭扁平上皮癌,,Head and Neck Squamous Cell Carcinoma (HNSC)_頭頸部扁平上皮癌
Larynx Squamous Cell Carcinoma (LXSC)_喉頭扁平上皮癌,扁平上皮癌《推奨表記》,Head and Neck Squamous Cell Carcinoma (HNSC)_頭頸部扁平上皮癌
Larynx Squamous Cell Carcinoma (LXSC)_喉頭扁平上皮癌,扁平上皮癌,Head and Neck Squamous Cell Carcinoma (HNSC)_頭頸部扁平上皮癌
Larynx Squamous Cell Carcinoma (LXSC)_喉頭扁平上皮癌,喉頭扁平上皮癌,Head and Neck Squamous Cell Carcinoma (HNSC)_頭頸部扁平上皮癌
Larynx Squamous Cell Carcinoma (LXSC)_喉頭扁平上皮癌,Squamous neoplastic lesion of the right and left vocal cord,Head and Neck Squamous Cell Carcinoma (HNSC)_頭頸部扁平上皮癌
Larynx Squamous Cell Carcinoma (LXSC)_喉頭扁平上皮癌,Squamous cell carcinoma (larynx),Head and Neck Squamous Cell Carcinoma (HNSC)_頭頸部扁平上皮癌
Larynx Squamous Cell Carcinoma (LXSC)_喉頭扁平上皮癌,squamous cell carcinoma,Head and Neck Squamous Cell Carcinoma (HNSC)_頭頸部扁平上皮癌
Larynx Squamous Cell Carcinoma (LXSC)_喉頭扁平上皮癌,Squamous cell carcinoma,Head and Neck Squamous Cell Carcinoma (HNSC)_頭頸部扁平上皮癌
Larynx Squamous Cell Carcinoma (LXSC)_喉頭扁平上皮癌,Squamous　cell carcinoma,Head and Neck Squamous Cell Carcinoma (HNSC)_頭頸部扁平上皮癌
Larynx Squamous Cell Carcinoma (LXSC)_喉頭扁平上皮癌,,Head and Neck Squamous Cell Carcinoma (HNSC)_頭頸部扁平上皮癌
Nasopharyngeal Carcinoma (NPC)_上咽頭癌,非角化型,Head and Neck Squamous Cell Carcinoma (HNSC)_頭頸部扁平上皮癌
Nasopharyngeal Carcinoma (NPC)_上咽頭癌,上咽頭癌,Head and Neck Squamous Cell Carcinoma (HNSC)_頭頸部扁平上皮癌
Nasopharyngeal Carcinoma (NPC)_上咽頭癌,上咽頭がん,Head and Neck Squamous Cell Carcinoma (HNSC)_頭頸部扁平上皮癌
Nasopharyngeal Carcinoma (NPC)_上咽頭癌,Squamous-cell carcinoma,Head and Neck Squamous Cell Carcinoma (HNSC)_頭頸部扁平上皮癌
Nasopharyngeal Carcinoma (NPC)_上咽頭癌,"squamous cell carcinoma, undifferentiated carcinoma",Head and Neck Squamous Cell Carcinoma (HNSC)_頭頸部扁平上皮癌
Nasopharyngeal Carcinoma (NPC)_上咽頭癌,Squamous cell carcinoma,Head and Neck Squamous Cell Carcinoma (HNSC)_頭頸部扁平上皮癌
Nasopharyngeal Carcinoma (NPC)_上咽頭癌,squamous cell carcinoma,Head and Neck Squamous Cell Carcinoma (HNSC)_頭頸部扁平上皮癌
Nasopharyngeal Carcinoma (NPC)_上咽頭癌,squamous cell carcininoma,Head and Neck Squamous Cell Carcinoma (HNSC)_頭頸部扁平上皮癌
Nasopharyngeal Carcinoma (NPC)_上咽頭癌,SCC,Head and Neck Squamous Cell Carcinoma (HNSC)_頭頸部扁平上皮癌
Nasopharyngeal Carcinoma (NPC)_上咽頭癌,Nonkeratinizing carcinoma of the pharynx.,Head and Neck Squamous Cell Carcinoma (HNSC)_頭頸部扁平上皮癌
Nasopharyngeal Carcinoma (NPC)_上咽頭癌,"non-keratinizing SCC, undifferentiated type",Head and Neck Squamous Cell Carcinoma (HNSC)_頭頸部扁平上皮癌
Nasopharyngeal Carcinoma (NPC)_上咽頭癌,Nasopharyngeal Carcinoma ,Head and Neck Squamous Cell Carcinoma (HNSC)_頭頸部扁平上皮癌
Nasopharyngeal Carcinoma (NPC)_上咽頭癌,,Head and Neck Squamous Cell Carcinoma (HNSC)_頭頸部扁平上皮癌
Oral Cavity Squamous Cell Carcinoma (OCSC)_口腔内扁平上皮癌,頬粘膜扁平上皮癌,Head and Neck Squamous Cell Carcinoma (HNSC)_頭頸部扁平上皮癌
Oral Cavity Squamous Cell Carcinoma (OCSC)_口腔内扁平上皮癌,舌扁平上皮癌,Head and Neck Squamous Cell Carcinoma (HNSC)_頭頸部扁平上皮癌
Oral Cavity Squamous Cell Carcinoma (OCSC)_口腔内扁平上皮癌,腫瘍細胞，悪性,Head and Neck Squamous Cell Carcinoma (HNSC)_頭頸部扁平上皮癌
Oral Cavity Squamous Cell Carcinoma (OCSC)_口腔内扁平上皮癌,扁平上皮癌,Head and Neck Squamous Cell Carcinoma (HNSC)_頭頸部扁平上皮癌
Oral Cavity Squamous Cell Carcinoma (OCSC)_口腔内扁平上皮癌,右舌扁平上皮癌,Head and Neck Squamous Cell Carcinoma (HNSC)_頭頸部扁平上皮癌
Oral Cavity Squamous Cell Carcinoma (OCSC)_口腔内扁平上皮癌,well differentiated squamous cell carcinoma,Head and Neck Squamous Cell Carcinoma (HNSC)_頭頸部扁平上皮癌
Oral Cavity Squamous Cell Carcinoma (OCSC)_口腔内扁平上皮癌,Well differenciated SCC,Head and Neck Squamous Cell Carcinoma (HNSC)_頭頸部扁平上皮癌
Oral Cavity Squamous Cell Carcinoma (OCSC)_口腔内扁平上皮癌,Suquamous cell carcinoma of the tongue,Head and Neck Squamous Cell Carcinoma (HNSC)_頭頸部扁平上皮癌
Oral Cavity Squamous Cell Carcinoma (OCSC)_口腔内扁平上皮癌,Squamous cell carcinooma,Head and Neck Squamous Cell Carcinoma (HNSC)_頭頸部扁平上皮癌
Oral Cavity Squamous Cell Carcinoma (OCSC)_口腔内扁平上皮癌,Squamous cell carcinoma.,Head and Neck Squamous Cell Carcinoma (HNSC)_頭頸部扁平上皮癌
Oral Cavity Squamous Cell Carcinoma (OCSC)_口腔内扁平上皮癌,"Squamous cell carcinoma,well differentiated",Head and Neck Squamous Cell Carcinoma (HNSC)_頭頸部扁平上皮癌
Oral Cavity Squamous Cell Carcinoma (OCSC)_口腔内扁平上皮癌,"Squamous cell carcinoma,tongue",Head and Neck Squamous Cell Carcinoma (HNSC)_頭頸部扁平上皮癌
Oral Cavity Squamous Cell Carcinoma (OCSC)_口腔内扁平上皮癌,"Squamous cell carcinoma,Grade3",Head and Neck Squamous Cell Carcinoma (HNSC)_頭頸部扁平上皮癌
Oral Cavity Squamous Cell Carcinoma (OCSC)_口腔内扁平上皮癌,"Squamous cell carcinoma, Oral cavity",Head and Neck Squamous Cell Carcinoma (HNSC)_頭頸部扁平上皮癌
Oral Cavity Squamous Cell Carcinoma (OCSC)_口腔内扁平上皮癌,Squamous cell carcinoma of the tongue.,Head and Neck Squamous Cell Carcinoma (HNSC)_頭頸部扁平上皮癌
Oral Cavity Squamous Cell Carcinoma (OCSC)_口腔内扁平上皮癌,Squamous cell carcinoma　of the tongue,Head and Neck Squamous Cell Carcinoma (HNSC)_頭頸部扁平上皮癌
Oral Cavity Squamous Cell Carcinoma (OCSC)_口腔内扁平上皮癌,Squamous cell carcinoma of the lower gingiva,Head and Neck Squamous Cell Carcinoma (HNSC)_頭頸部扁平上皮癌
Oral Cavity Squamous Cell Carcinoma (OCSC)_口腔内扁平上皮癌,squamous cell carcinoma,Head and Neck Squamous Cell Carcinoma (HNSC)_頭頸部扁平上皮癌
Oral Cavity Squamous Cell Carcinoma (OCSC)_口腔内扁平上皮癌,Squamous cell carcinoma,Head and Neck Squamous Cell Carcinoma (HNSC)_頭頸部扁平上皮癌
Oral Cavity Squamous Cell Carcinoma (OCSC)_口腔内扁平上皮癌,Squamous　cell carcinoma,Head and Neck Squamous Cell Carcinoma (HNSC)_頭頸部扁平上皮癌
Oral Cavity Squamous Cell Carcinoma (OCSC)_口腔内扁平上皮癌,Squamous Cell Carcinoma,Head and Neck Squamous Cell Carcinoma (HNSC)_頭頸部扁平上皮癌
Oral Cavity Squamous Cell Carcinoma (OCSC)_口腔内扁平上皮癌,squamous cell　carcinoma,Head and Neck Squamous Cell Carcinoma (HNSC)_頭頸部扁平上皮癌
Oral Cavity Squamous Cell Carcinoma (OCSC)_口腔内扁平上皮癌,Squamous　Cell Carcinoma,Head and Neck Squamous Cell Carcinoma (HNSC)_頭頸部扁平上皮癌
Oral Cavity Squamous Cell Carcinoma (OCSC)_口腔内扁平上皮癌,Squamous cell carcinom of the tongue,Head and Neck Squamous Cell Carcinoma (HNSC)_頭頸部扁平上皮癌
Oral Cavity Squamous Cell Carcinoma (OCSC)_口腔内扁平上皮癌,Squamous cell carcinom of the gingiva,Head and Neck Squamous Cell Carcinoma (HNSC)_頭頸部扁平上皮癌
Oral Cavity Squamous Cell Carcinoma (OCSC)_口腔内扁平上皮癌,Squamous cell carcinom of the buccal mucosa,Head and Neck Squamous Cell Carcinoma (HNSC)_頭頸部扁平上皮癌
Oral Cavity Squamous Cell Carcinoma (OCSC)_口腔内扁平上皮癌,squamoid cell carcinoma,Head and Neck Squamous Cell Carcinoma (HNSC)_頭頸部扁平上皮癌
Oral Cavity Squamous Cell Carcinoma (OCSC)_口腔内扁平上皮癌,SCC,Head and Neck Squamous Cell Carcinoma (HNSC)_頭頸部扁平上皮癌
Oral Cavity Squamous Cell Carcinoma (OCSC)_口腔内扁平上皮癌,scc,Head and Neck Squamous Cell Carcinoma (HNSC)_頭頸部扁平上皮癌
Oral Cavity Squamous Cell Carcinoma (OCSC)_口腔内扁平上皮癌,Oral Cavity Squamous Cell Carcinoma (OCSC),Head and Neck Squamous Cell Carcinoma (HNSC)_頭頸部扁平上皮癌
Oral Cavity Squamous Cell Carcinoma (OCSC)_口腔内扁平上皮癌,Moderately differentiated squamous cell carcinoma,Head and Neck Squamous Cell Carcinoma (HNSC)_頭頸部扁平上皮癌
Oral Cavity Squamous Cell Carcinoma (OCSC)_口腔内扁平上皮癌,,Head and Neck Squamous Cell Carcinoma (HNSC)_頭頸部扁平上皮癌
Oropharynx Squamous Cell Carcinoma (OPHSC)_中咽頭扁平上皮癌,頭頚部p16陽性扁平上皮癌,Head and Neck Squamous Cell Carcinoma (HNSC)_頭頸部扁平上皮癌
Oropharynx Squamous Cell Carcinoma (OPHSC)_中咽頭扁平上皮癌,扁平上皮癌（中咽頭）,Head and Neck Squamous Cell Carcinoma (HNSC)_頭頸部扁平上皮癌
Oropharynx Squamous Cell Carcinoma (OPHSC)_中咽頭扁平上皮癌,扁平上皮癌,Head and Neck Squamous Cell Carcinoma (HNSC)_頭頸部扁平上皮癌
Oropharynx Squamous Cell Carcinoma (OPHSC)_中咽頭扁平上皮癌,低分化扁平上皮癌,Head and Neck Squamous Cell Carcinoma (HNSC)_頭頸部扁平上皮癌
Oropharynx Squamous Cell Carcinoma (OPHSC)_中咽頭扁平上皮癌,中咽頭側壁癌,Head and Neck Squamous Cell Carcinoma (HNSC)_頭頸部扁平上皮癌
Oropharynx Squamous Cell Carcinoma (OPHSC)_中咽頭扁平上皮癌,squamous cell carcinoma　(中咽頭側壁癌),Head and Neck Squamous Cell Carcinoma (HNSC)_頭頸部扁平上皮癌
Oropharynx Squamous Cell Carcinoma (OPHSC)_中咽頭扁平上皮癌,Squamous Cell Carcinoma,Head and Neck Squamous Cell Carcinoma (HNSC)_頭頸部扁平上皮癌
Oropharynx Squamous Cell Carcinoma (OPHSC)_中咽頭扁平上皮癌,squamous cell carcinoma,Head and Neck Squamous Cell Carcinoma (HNSC)_頭頸部扁平上皮癌
Oropharynx Squamous Cell Carcinoma (OPHSC)_中咽頭扁平上皮癌,Squamous cell carcinoma,Head and Neck Squamous Cell Carcinoma (HNSC)_頭頸部扁平上皮癌
Oropharynx Squamous Cell Carcinoma (OPHSC)_中咽頭扁平上皮癌,Squamous cell carcinom of the left palatine tonsil,Head and Neck Squamous Cell Carcinoma (HNSC)_頭頸部扁平上皮癌
Oropharynx Squamous Cell Carcinoma (OPHSC)_中咽頭扁平上皮癌,SCC,Head and Neck Squamous Cell Carcinoma (HNSC)_頭頸部扁平上皮癌
Oropharynx Squamous Cell Carcinoma (OPHSC)_中咽頭扁平上皮癌,HPV関連中咽頭扁平上皮癌,Head and Neck Squamous Cell Carcinoma (HNSC)_頭頸部扁平上皮癌
Oropharynx Squamous Cell Carcinoma (OPHSC)_中咽頭扁平上皮癌,,Head and Neck Squamous Cell Carcinoma (HNSC)_頭頸部扁平上皮癌
Salivary Carcinoma (SACA)_唾液腺癌,扁平上皮癌,Head and Neck Squamous Cell Carcinoma (HNSC)_頭頸部扁平上皮癌
"Salivary Carcinoma, Other (OSACA)_その他の唾液癌",Squamous cell carcinoma.,Head and Neck Squamous Cell Carcinoma (HNSC)_頭頸部扁平上皮癌
Sinonasal Squamous Cell Carcinoma (SNSC)_副鼻腔扁平上皮癌,扁平上皮癌、左上顎洞,Head and Neck Squamous Cell Carcinoma (HNSC)_頭頸部扁平上皮癌
Sinonasal Squamous Cell Carcinoma (SNSC)_副鼻腔扁平上皮癌,Squamous cell carcinoma（副鼻腔癌）,Head and Neck Squamous Cell Carcinoma (HNSC)_頭頸部扁平上皮癌
Sinonasal Squamous Cell Carcinoma (SNSC)_副鼻腔扁平上皮癌,squamous cell carcinoma ,Head and Neck Squamous Cell Carcinoma (HNSC)_頭頸部扁平上皮癌
Sinonasal Squamous Cell Carcinoma (SNSC)_副鼻腔扁平上皮癌,Squamous cell carcinoma,Head and Neck Squamous Cell Carcinoma (HNSC)_頭頸部扁平上皮癌
Sinonasal Squamous Cell Carcinoma (SNSC)_副鼻腔扁平上皮癌,Squamous cell carcinom of the nasal cavity,Head and Neck Squamous Cell Carcinoma (HNSC)_頭頸部扁平上皮癌
Sinonasal Squamous Cell Carcinoma (SNSC)_副鼻腔扁平上皮癌,Squamous cell carcinom arising from papilloma,Head and Neck Squamous Cell Carcinoma (HNSC)_頭頸部扁平上皮癌
Sinonasal Squamous Cell Carcinoma (SNSC)_副鼻腔扁平上皮癌,Metastatic cancer,Head and Neck Squamous Cell Carcinoma (HNSC)_頭頸部扁平上皮癌
Sinonasal Squamous Cell Carcinoma (SNSC)_副鼻腔扁平上皮癌,,Head and Neck Squamous Cell Carcinoma (HNSC)_頭頸部扁平上皮癌
,非角化型扁平上皮癌,Head and Neck Squamous Cell Carcinoma (HNSC)_頭頸部扁平上皮癌
,舌癌,Head and Neck Squamous Cell Carcinoma (HNSC)_頭頸部扁平上皮癌
,舌扁平上皮癌,Head and Neck Squamous Cell Carcinoma (HNSC)_頭頸部扁平上皮癌
,扁平上皮癌《推奨表記》,Head and Neck Squamous Cell Carcinoma (HNSC)_頭頸部扁平上皮癌
,扁平上皮癌　ｐ16＋,Head and Neck Squamous Cell Carcinoma (HNSC)_頭頸部扁平上皮癌
,扁平上皮癌　p16(-),Head and Neck Squamous Cell Carcinoma (HNSC)_頭頸部扁平上皮癌
,扁平上皮癌,Head and Neck Squamous Cell Carcinoma (HNSC)_頭頸部扁平上皮癌
,咽頭癌（中咽頭、下咽頭）,Head and Neck Squamous Cell Carcinoma (HNSC)_頭頸部扁平上皮癌
,右舌扁平上皮癌,Head and Neck Squamous Cell Carcinoma (HNSC)_頭頸部扁平上皮癌
,口腔内扁平上皮癌,Head and Neck Squamous Cell Carcinoma (HNSC)_頭頸部扁平上皮癌
,中咽頭癌（扁平上皮癌）,Head and Neck Squamous Cell Carcinoma (HNSC)_頭頸部扁平上皮癌
,中咽頭癌,Head and Neck Squamous Cell Carcinoma (HNSC)_頭頸部扁平上皮癌
,中咽頭扁平上皮癌　p16陽性,Head and Neck Squamous Cell Carcinoma (HNSC)_頭頸部扁平上皮癌
,中咽頭がん（扁平上皮癌）,Head and Neck Squamous Cell Carcinoma (HNSC)_頭頸部扁平上皮癌
,"中咽頭がん, 頚部リンパ節転移, Squamous cell carcinoma（中咽頭がん） ",Head and Neck Squamous Cell Carcinoma (HNSC)_頭頸部扁平上皮癌
,中分化型扁平上皮癌,Head and Neck Squamous Cell Carcinoma (HNSC)_頭頸部扁平上皮癌
,中〜低分化扁平上皮癌,Head and Neck Squamous Cell Carcinoma (HNSC)_頭頸部扁平上皮癌
,上顎歯肉癌、扁平上皮癌,Head and Neck Squamous Cell Carcinoma (HNSC)_頭頸部扁平上皮癌
,上咽頭癌,Head and Neck Squamous Cell Carcinoma (HNSC)_頭頸部扁平上皮癌
,well to moderatery differentiated squamous cell carcinoma,Head and Neck Squamous Cell Carcinoma (HNSC)_頭頸部扁平上皮癌
,Squamousu cell carcinoma of the buccal mucosa,Head and Neck Squamous Cell Carcinoma (HNSC)_頭頸部扁平上皮癌
,Squamous cell carcinoma. hypopharynx,Head and Neck Squamous Cell Carcinoma (HNSC)_頭頸部扁平上皮癌
,Squamous cell carcinoma.,Head and Neck Squamous Cell Carcinoma (HNSC)_頭頸部扁平上皮癌
,"squamous cell carcinoma, 舌がん術後・多発肺転移・リンパ節転移",Head and Neck Squamous Cell Carcinoma (HNSC)_頭頸部扁平上皮癌
,"squamous cell carcinoma, 舌がん・多発リンパ節転移",Head and Neck Squamous Cell Carcinoma (HNSC)_頭頸部扁平上皮癌
,"Squamous cell carcinoma, lt subglotttis",Head and Neck Squamous Cell Carcinoma (HNSC)_頭頸部扁平上皮癌
,Squamous cell carcinoma of the tongue,Head and Neck Squamous Cell Carcinoma (HNSC)_頭頸部扁平上皮癌
,Squamous cell carcinoma of the right paranasal sinus,Head and Neck Squamous Cell Carcinoma (HNSC)_頭頸部扁平上皮癌
,Squamous cell carcinoma of the lower gingiva,Head and Neck Squamous Cell Carcinoma (HNSC)_頭頸部扁平上皮癌
,squamous cell carcinoma of the left tongue,Head and Neck Squamous Cell Carcinoma (HNSC)_頭頸部扁平上皮癌
,Squamous cell carcinoma of the left oropharynx.,Head and Neck Squamous Cell Carcinoma (HNSC)_頭頸部扁平上皮癌
,Squamous cell carcinoma of the left buccal mucosa,Head and Neck Squamous Cell Carcinoma (HNSC)_頭頸部扁平上皮癌
,Squamous cell carcinoma of the larynx,Head and Neck Squamous Cell Carcinoma (HNSC)_頭頸部扁平上皮癌
,Squamous　cell carcinoma of rt side of the tongue,Head and Neck Squamous Cell Carcinoma (HNSC)_頭頸部扁平上皮癌
,squamous cell carcinoma (中咽頭がん、骨転移、リンパ節転移）,Head and Neck Squamous Cell Carcinoma (HNSC)_頭頸部扁平上皮癌
,"Squamous cell carcinoma
    squamous cell carcinoma(上咽頭がん)",Head and Neck Squamous Cell Carcinoma (HNSC)_頭頸部扁平上皮癌
,squamous cell carcinoma,Head and Neck Squamous Cell Carcinoma (HNSC)_頭頸部扁平上皮癌
,SQUAMOUS CELL CARCINOMA,Head and Neck Squamous Cell Carcinoma (HNSC)_頭頸部扁平上皮癌
,squamous cell carcinom,Head and Neck Squamous Cell Carcinoma (HNSC)_頭頸部扁平上皮癌
,Spindle cell squamous cell carcinoma,Head and Neck Squamous Cell Carcinoma (HNSC)_頭頸部扁平上皮癌
,SCC,Head and Neck Squamous Cell Carcinoma (HNSC)_頭頸部扁平上皮癌
,"poorly differentiated squamous   
　　　cell carcinoma 
poorly differentiated squamous cell carcinoma",Head and Neck Squamous Cell Carcinoma (HNSC)_頭頸部扁平上皮癌
,nonkeratinizing carcinoma,Head and Neck Squamous Cell Carcinoma (HNSC)_頭頸部扁平上皮癌
,Nonkeratinizing carcinoma,Head and Neck Squamous Cell Carcinoma (HNSC)_頭頸部扁平上皮癌
,"non-keratinizing squamous cell carcinoma, undifferentiated subtype",Head and Neck Squamous Cell Carcinoma (HNSC)_頭頸部扁平上皮癌
,ketainizing squamous cell carcinoma,Head and Neck Squamous Cell Carcinoma (HNSC)_頭頸部扁平上皮癌
,Basaloid squamous cell carcinoma（頭頚部　舌がん）,Head and Neck Squamous Cell Carcinoma (HNSC)_頭頸部扁平上皮癌
,basaloid squamous cell carcinoma,Head and Neck Squamous Cell Carcinoma (HNSC)_頭頸部扁平上皮癌
,"Basaloid squamous cell    
　　　carcinoma 
Basaloid squamous cell carcinoma",Head and Neck Squamous Cell Carcinoma (HNSC)_頭頸部扁平上皮癌
,poory differentiated squamous cell carcinoma,Head and Neck Squamous Cell Carcinoma (HNSC)_頭頸部扁平上皮癌
,Poorly differentiated squamous cell carcinoma,Head and Neck Squamous Cell Carcinoma (HNSC)_頭頸部扁平上皮癌
,唾液腺原発扁平上皮癌,Head and Neck Squamous Cell Carcinoma (HNSC)_頭頸部扁平上皮癌
Head and Neck (HEAD_NECK)_頭頸部,上咽頭癌,Head and Neck Squamous Cell Carcinoma (HNSC)_頭頸部扁平上皮癌
Head and Neck (HEAD_NECK)_頭頸部,moderately differentiated squamous cell carcinoma,Head and Neck Squamous Cell Carcinoma (HNSC)_頭頸部扁平上皮癌
Larynx Squamous Cell Carcinoma (LXSC)_喉頭扁平上皮癌,larynx squamous cell carcinoma,Head and Neck Squamous Cell Carcinoma (HNSC)_頭頸部扁平上皮癌
,鼻腔癌,Head and Neck Squamous Cell Carcinoma (HNSC)_頭頸部扁平上皮癌
,耳下腺原発扁平上皮癌,Head and Neck Squamous Cell Carcinoma (HNSC)_頭頸部扁平上皮癌
,歯肉癌,Head and Neck Squamous Cell Carcinoma (HNSC)_頭頸部扁平上皮癌
,左頬粘膜癌,Head and Neck Squamous Cell Carcinoma (HNSC)_頭頸部扁平上皮癌
,喉頭癌,Head and Neck Squamous Cell Carcinoma (HNSC)_頭頸部扁平上皮癌
,右下顎歯肉癌,Head and Neck Squamous Cell Carcinoma (HNSC)_頭頸部扁平上皮癌
,低分化NPC,Head and Neck Squamous Cell Carcinoma (HNSC)_頭頸部扁平上皮癌
,NASOPHARYNGEAL CARCINOMA,Head and Neck Squamous Cell Carcinoma (HNSC)_頭頸部扁平上皮癌
,Nasopharyngeal carcinoma,Head and Neck Squamous Cell Carcinoma (HNSC)_頭頸部扁平上皮癌
,Conventional squamous cell carcinoma.,Head and Neck Squamous Cell Carcinoma (HNSC)_頭頸部扁平上皮癌
Mammary Analogue Secretory Carcinoma of Salivary Gland Origin (HNMASC)_唾液腺起源の乳腺相似分泌癌,耳下腺分泌癌,Mammary Analogue Secretory Carcinoma of Salivary Gland Origin (HNMASC)_唾液腺起源の乳腺相似分泌癌
Mammary Analogue Secretory Carcinoma of Salivary Gland Origin (HNMASC)_唾液腺起源の乳腺相似分泌癌,耳下腺乳腺類似分泌癌,Mammary Analogue Secretory Carcinoma of Salivary Gland Origin (HNMASC)_唾液腺起源の乳腺相似分泌癌
Mammary Analogue Secretory Carcinoma of Salivary Gland Origin (HNMASC)_唾液腺起源の乳腺相似分泌癌,分泌癌,Mammary Analogue Secretory Carcinoma of Salivary Gland Origin (HNMASC)_唾液腺起源の乳腺相似分泌癌
Mammary Analogue Secretory Carcinoma of Salivary Gland Origin (HNMASC)_唾液腺起源の乳腺相似分泌癌,Secretory carcinoma,Mammary Analogue Secretory Carcinoma of Salivary Gland Origin (HNMASC)_唾液腺起源の乳腺相似分泌癌
Mammary Analogue Secretory Carcinoma of Salivary Gland Origin (HNMASC)_唾液腺起源の乳腺相似分泌癌,mammary analogue secretory carcinoma,Mammary Analogue Secretory Carcinoma of Salivary Gland Origin (HNMASC)_唾液腺起源の乳腺相似分泌癌
Mammary Analogue Secretory Carcinoma of Salivary Gland Origin (HNMASC)_唾液腺起源の乳腺相似分泌癌,,Mammary Analogue Secretory Carcinoma of Salivary Gland Origin (HNMASC)_唾液腺起源の乳腺相似分泌癌
Mucoepidermoid Carcinoma (MUCC)_粘表皮癌,耳下腺癌　粘表皮癌,Mucoepidermoid Carcinoma (MUCC)_粘表皮癌
Mucoepidermoid Carcinoma (MUCC)_粘表皮癌,Mucoepidermoid Carcinoma,Mucoepidermoid Carcinoma (MUCC)_粘表皮癌
Mucoepidermoid Carcinoma (MUCC)_粘表皮癌,Mucoepidermoid carcinoma,Mucoepidermoid Carcinoma (MUCC)_粘表皮癌
Mucoepidermoid Carcinoma (MUCC)_粘表皮癌,muco epi. high-grade,Mucoepidermoid Carcinoma (MUCC)_粘表皮癌
Mucoepidermoid Carcinoma (MUCC)_粘表皮癌,high-grade adenocarcinoma,Mucoepidermoid Carcinoma (MUCC)_粘表皮癌
Mucoepidermoid Carcinoma (MUCC)_粘表皮癌,high grade mucoepidermoid,Mucoepidermoid Carcinoma (MUCC)_粘表皮癌
Mucoepidermoid Carcinoma (MUCC)_粘表皮癌,,Mucoepidermoid Carcinoma (MUCC)_粘表皮癌
Head and Neck (HEAD_NECK)_頭頸部,"粘表皮癌（Carcinoma, salivary gland type）",Mucoepidermoid Carcinoma (MUCC)_粘表皮癌
,高悪性度粘表皮癌（耳下腺癌）,Mucoepidermoid Carcinoma (MUCC)_粘表皮癌
,粘表皮癌（口蓋小唾液腺多形腺腫由来の疑い）,Mucoepidermoid Carcinoma (MUCC)_粘表皮癌
,粘表皮癌,Mucoepidermoid Carcinoma (MUCC)_粘表皮癌
,粘表皮がん,Mucoepidermoid Carcinoma (MUCC)_粘表皮癌
,涙嚢原発　粘表皮癌（4回目の再発）　ICDとステージングは、鼻腔副鼻腔癌,Mucoepidermoid Carcinoma (MUCC)_粘表皮癌
,唾液腺粘表皮癌,Mucoepidermoid Carcinoma (MUCC)_粘表皮癌
,"Mucoepidermoid carcinoma,low grade",Mucoepidermoid Carcinoma (MUCC)_粘表皮癌
,"Mucoepidermoid carcinoma, high grade （中咽頭癌）",Mucoepidermoid Carcinoma (MUCC)_粘表皮癌
,mucoepidermoid carcinoma,Mucoepidermoid Carcinoma (MUCC)_粘表皮癌
,"Carcinoma, High-grade mucoepidermoid carcinoma, suspected",Mucoepidermoid Carcinoma (MUCC)_粘表皮癌
Myoepithelial Carcinoma (MYEC)_筋上皮癌 ,顎下腺癌　筋上皮癌,Myoepithelial Carcinoma (MYEC)_筋上皮癌 
Myoepithelial Carcinoma (MYEC)_筋上皮癌 ,筋上皮癌,Myoepithelial Carcinoma (MYEC)_筋上皮癌 
Myoepithelial Carcinoma (MYEC)_筋上皮癌 ,唾液腺筋上皮ガン,Myoepithelial Carcinoma (MYEC)_筋上皮癌 
Myoepithelial Carcinoma (MYEC)_筋上皮癌 ,唾液腺癌　筋上皮癌疑い,Myoepithelial Carcinoma (MYEC)_筋上皮癌 
Myoepithelial Carcinoma (MYEC)_筋上皮癌 ,上皮-筋上皮性癌,Myoepithelial Carcinoma (MYEC)_筋上皮癌 
Myoepithelial Carcinoma (MYEC)_筋上皮癌 ,Myopithelial carcinoma,Myoepithelial Carcinoma (MYEC)_筋上皮癌 
Myoepithelial Carcinoma (MYEC)_筋上皮癌 ,"Myoepithelial Carcinoma
筋上皮癌",Myoepithelial Carcinoma (MYEC)_筋上皮癌 
Myoepithelial Carcinoma (MYEC)_筋上皮癌 ,Myoepithelial carcinoma,Myoepithelial Carcinoma (MYEC)_筋上皮癌 
Myoepithelial Carcinoma (MYEC)_筋上皮癌 ,Myoepithelial Carcinoma,Myoepithelial Carcinoma (MYEC)_筋上皮癌 
Myoepithelial Carcinoma (MYEC)_筋上皮癌 ,Epithelial-myeroepithelial carcinoma,Myoepithelial Carcinoma (MYEC)_筋上皮癌 
Myoepithelial Carcinoma (MYEC)_筋上皮癌 ,Carcinoma ex pleomorphic adenoma (myoepithelial　carcinoma),Myoepithelial Carcinoma (MYEC)_筋上皮癌 
Head and Neck (HEAD_NECK)_頭頸部,Myoepithelial carcinoma,Myoepithelial Carcinoma (MYEC)_筋上皮癌 
,筋上皮癌,Myoepithelial Carcinoma (MYEC)_筋上皮癌 
,Myoepithelial carcinoma of the extenal ear.,Myoepithelial Carcinoma (MYEC)_筋上皮癌 
,Myoepithelial carcinoma ex pleomorphic adenoma,Myoepithelial Carcinoma (MYEC)_筋上皮癌 
,myoepithelial carcinoma,Myoepithelial Carcinoma (MYEC)_筋上皮癌 
,myoepitelial carcinoma ex pleomorphic adenoma,Myoepithelial Carcinoma (MYEC)_筋上皮癌 
,上咽頭扁平上皮癌,Nasopharyngeal Carcinoma (NPC)_上咽頭癌
,"Nasopharyngeal Ca, non-keratinizing Ca, differentiated subtype",Nasopharyngeal Carcinoma (NPC)_上咽頭癌
Nasopharyngeal Carcinoma (NPC)_上咽頭癌,poorly differentiated carcinoma,Nasopharyngeal Carcinoma (NPC)_上咽頭癌
Nasopharyngeal Carcinoma (NPC)_上咽頭癌,Lymphoepithelial carcinoma,Nasopharyngeal Carcinoma (NPC)_上咽頭癌
Nasopharyngeal Carcinoma (NPC)_上咽頭癌,lymphoepithelial carcinoma,Nasopharyngeal Carcinoma (NPC)_上咽頭癌
Nasopharyngeal Carcinoma (NPC)_上咽頭癌,low grade Schneiderian papillary carcinoma,Nasopharyngeal Carcinoma (NPC)_上咽頭癌
NUT Midline Carcinoma of the Head and Neck (NMCHN)_頭頸部NUT正中線癌,NUT midline carcinoma,NUT Midline Carcinoma of the Head and Neck (NMCHN)_頭頸部NUT正中線癌
NUT Midline Carcinoma of the Head and Neck (NMCHN)_頭頸部NUT正中線癌,INI1-dificient tumor(SMARCB1欠損腫瘍）,NUT Midline Carcinoma of the Head and Neck (NMCHN)_頭頸部NUT正中線癌
,NUT midline carcinoma,NUT Midline Carcinoma of the Head and Neck (NMCHN)_頭頸部NUT正中線癌
,エナメル上皮癌,Odontogenic Carcinoma (ODGC)_歯原性癌腫
Odontogenic Carcinoma (ODGC)_歯原性癌腫,AMELOBLASTIC　CARCINOMA,Odontogenic Carcinoma (ODGC)_歯原性癌腫
,"歯原性癌：Carcinoma, most likely odontogenic",Odontogenic Carcinoma (ODGC)_歯原性癌腫
,Odontogenic carcinoma,Odontogenic Carcinoma (ODGC)_歯原性癌腫
,clear cell odontogenic carcinoma,Odontogenic Carcinoma (ODGC)_歯原性癌腫
,左舌癌,Oral Cavity Squamous Cell Carcinoma (OCSC)_口腔内扁平上皮癌
,左側舌扁平上皮癌,Oral Cavity Squamous Cell Carcinoma (OCSC)_口腔内扁平上皮癌
,上歯肉癌,Oral Cavity Squamous Cell Carcinoma (OCSC)_口腔内扁平上皮癌
,Adenosquamous carcinome,"Head and Neck Carcinoma, Other (OHNCA)_頭頸部癌、その他"
,adenosquamous carcinoma,"Head and Neck Carcinoma, Other (OHNCA)_頭頸部癌、その他"
,,"Head and Neck Carcinoma, Other (OHNCA)_頭頸部癌、その他"
,spindle cell carcinoma,"Head and Neck Carcinoma, Other (OHNCA)_頭頸部癌、その他"
,Spindle cell carcinoma,"Head and Neck Carcinoma, Other (OHNCA)_頭頸部癌、その他"
,Myxoid spindle cell tumor,"Head and Neck Carcinoma, Other (OHNCA)_頭頸部癌、その他"
,鼻涙管癌,"Head and Neck Carcinoma, Other (OHNCA)_頭頸部癌、その他"
,頭頸部原発脂腺癌,"Head and Neck Carcinoma, Other (OHNCA)_頭頸部癌、その他"
,腺癌,"Head and Neck Carcinoma, Other (OHNCA)_頭頸部癌、その他"
,嗅神経芽細胞種,"Head and Neck Carcinoma, Other (OHNCA)_頭頸部癌、その他"
,中咽頭癌　明細胞癌,"Head and Neck Carcinoma, Other (OHNCA)_頭頸部癌、その他"
,アポクリン腺癌,"Head and Neck Carcinoma, Other (OHNCA)_頭頸部癌、その他"
,undifferentiated carcinoma,"Head and Neck Carcinoma, Other (OHNCA)_頭頸部癌、その他"
,"olfactory neuroblastoma 
    olfactory　neuroblastoma　（神経芽細胞腫）","Head and Neck Carcinoma, Other (OHNCA)_頭頸部癌、その他"
,NEUROBLASTOMA,"Head and Neck Carcinoma, Other (OHNCA)_頭頸部癌、その他"
,moderate dysplasia,"Head and Neck Carcinoma, Other (OHNCA)_頭頸部癌、その他"
,MALIGNANT TUMOR,"Head and Neck Carcinoma, Other (OHNCA)_頭頸部癌、その他"
,Desmoid-type fibromatosis,"Head and Neck Carcinoma, Other (OHNCA)_頭頸部癌、その他"
,Dedifferentiated liposarcoma ( right parotid gland),"Head and Neck Carcinoma, Other (OHNCA)_頭頸部癌、その他"
,carcinosarcoma,"Head and Neck Carcinoma, Other (OHNCA)_頭頸部癌、その他"
,Carcinomam NOS or large cell carcinoma,"Head and Neck Carcinoma, Other (OHNCA)_頭頸部癌、その他"
,Carcinoma（乳頭癌未分化転化疑い）,"Head and Neck Carcinoma, Other (OHNCA)_頭頸部癌、その他"
,Parathyrold carcinoma,Parathyroid Carcinoma (PTHC)_副甲状腺癌
,parathyroid cancer（副甲状腺癌）,Parathyroid Carcinoma (PTHC)_副甲状腺癌
Parathyroid Carcinoma (PTHC)_副甲状腺癌,副甲状腺癌,Parathyroid Carcinoma (PTHC)_副甲状腺癌
Parathyroid Carcinoma (PTHC)_副甲状腺癌,carcinoma,Parathyroid Carcinoma (PTHC)_副甲状腺癌
,副甲状腺癌,Parathyroid Carcinoma (PTHC)_副甲状腺癌
Pleomorphic Adenoma (PADA)_多形腺腫,Carcinoma with ex pleomorphic adenoma,Pleomorphic Adenoma (PADA)_多形腺腫
Pleomorphic Adenoma (PADA)_多形腺腫,Carcinoma ex plemorphic adenoma,Pleomorphic Adenoma (PADA)_多形腺腫
,Carcinoma ex pleomorphic adenoma,Pleomorphic Adenoma (PADA)_多形腺腫
,carcinoma ex pleomorphic adenoma,Pleomorphic Adenoma (PADA)_多形腺腫
,carcinoma ex plemorphic adenoma,Pleomorphic Adenoma (PADA)_多形腺腫
,Carcinoma ex plemorohic adenoma,Pleomorphic Adenoma (PADA)_多形腺腫
,涙腺多形腺腫由来癌,Pleomorphic Adenoma (PADA)_多形腺腫
,多形腺腫由来癌,Pleomorphic Adenoma (PADA)_多形腺腫
Polymorphous Adenocarcinoma (PAC)_多型腺がん,Polymorphous low-grade adenocarcinoma,Polymorphous Adenocarcinoma (PAC)_多型腺がん
,"上咽頭原発Low garade, biphasic neoplasm, sarcomatoid carcnoma ex pleomorphic adenoma
上咽頭原発sarcomatoid carcinoma ex pleomorphic adenoma",Polymorphous Adenocarcinoma (PAC)_多型腺がん
,"Pleomorphic adenoma with microsatellite nodules, including predominant myoepithelial differentiated cells",Polymorphous Adenocarcinoma (PAC)_多型腺がん
Head and Neck (HEAD_NECK)_頭頸部,唾液腺導管癌,Salivary Adenocarcinoma (SAAD)_唾液腺腺癌
Head and Neck (HEAD_NECK)_頭頸部,Salivary duct carcinoma,Salivary Adenocarcinoma (SAAD)_唾液腺腺癌
Head and Neck (HEAD_NECK)_頭頸部,salivary duct carcinoma,Salivary Adenocarcinoma (SAAD)_唾液腺腺癌
Salivary Adenocarcinoma (SAAD)_唾液腺腺癌,鼻腔原発high grade adenocarcinoma (腺様嚢胞癌の可能性あり),Salivary Adenocarcinoma (SAAD)_唾液腺腺癌
Salivary Adenocarcinoma (SAAD)_唾液腺腺癌,顎下腺導管癌,Salivary Adenocarcinoma (SAAD)_唾液腺腺癌
Salivary Adenocarcinoma (SAAD)_唾液腺腺癌,腺癌NOS,Salivary Adenocarcinoma (SAAD)_唾液腺腺癌
Salivary Adenocarcinoma (SAAD)_唾液腺腺癌,唾液腺導管癌,Salivary Adenocarcinoma (SAAD)_唾液腺腺癌
Salivary Adenocarcinoma (SAAD)_唾液腺腺癌,Salivary duct carcinoma,Salivary Adenocarcinoma (SAAD)_唾液腺腺癌
Salivary Adenocarcinoma (SAAD)_唾液腺腺癌,Salivary dnct carcinoma,Salivary Adenocarcinoma (SAAD)_唾液腺腺癌
Salivary Adenocarcinoma (SAAD)_唾液腺腺癌,"carcinoma involving the soft tissue, consistent with metastasis from salivary duct carcinoma",Salivary Adenocarcinoma (SAAD)_唾液腺腺癌
Salivary Adenocarcinoma (SAAD)_唾液腺腺癌,Carcinoma involving the parapharyngeal space,Salivary Adenocarcinoma (SAAD)_唾液腺腺癌
Salivary Adenocarcinoma (SAAD)_唾液腺腺癌,Adeoid　Cystic Carcinoma,Salivary Adenocarcinoma (SAAD)_唾液腺腺癌
Salivary Adenocarcinoma (SAAD)_唾液腺腺癌,Adenocarcinoma,Salivary Adenocarcinoma (SAAD)_唾液腺腺癌
Salivary Adenocarcinoma (SAAD)_唾液腺腺癌,adenocarcinoma,Salivary Adenocarcinoma (SAAD)_唾液腺腺癌
Salivary Carcinoma (SACA)_唾液腺癌,耳下腺導管癌,Salivary Carcinoma (SACA)_唾液腺癌
Salivary Carcinoma (SACA)_唾液腺癌,筋上皮癌,Salivary Carcinoma (SACA)_唾液腺癌
Salivary Carcinoma (SACA)_唾液腺癌,唾液腺癌,Salivary Carcinoma (SACA)_唾液腺癌
Salivary Carcinoma (SACA)_唾液腺癌,唾液腺導管癌,Salivary Carcinoma (SACA)_唾液腺癌
Salivary Carcinoma (SACA)_唾液腺癌,低悪性度粘表皮癌,Salivary Carcinoma (SACA)_唾液腺癌
Salivary Carcinoma (SACA)_唾液腺癌,低分化腺癌,Salivary Carcinoma (SACA)_唾液腺癌
Salivary Carcinoma (SACA)_唾液腺癌,salivary gland cancer,Salivary Carcinoma (SACA)_唾液腺癌
Salivary Carcinoma (SACA)_唾液腺癌,Salivary duct carcinoma,Salivary Carcinoma (SACA)_唾液腺癌
Salivary Carcinoma (SACA)_唾液腺癌,Poorly diffrentiated carcinoma,Salivary Carcinoma (SACA)_唾液腺癌
Salivary Carcinoma (SACA)_唾液腺癌,high grade invasive carcinoma,Salivary Carcinoma (SACA)_唾液腺癌
Salivary Carcinoma (SACA)_唾液腺癌,adenoid cystic carcinoma,Salivary Carcinoma (SACA)_唾液腺癌
Salivary Carcinoma (SACA)_唾液腺癌,Adenoid cystic carcinoma,Salivary Carcinoma (SACA)_唾液腺癌
Salivary Carcinoma (SACA)_唾液腺癌,Adenocarcinoma,Salivary Carcinoma (SACA)_唾液腺癌
Salivary Carcinoma (SACA)_唾液腺癌,,Salivary Carcinoma (SACA)_唾液腺癌
,唾液腺腺様嚢胞癌,Salivary Carcinoma (SACA)_唾液腺癌
,唾液腺癌,Salivary Carcinoma (SACA)_唾液腺癌
,Salivary duct carcinoma（唾液腺導管がん）,Salivary Carcinoma (SACA)_唾液腺癌
,Salivary duct carcinoma (左耳下腺癌（導管癌）),Salivary Carcinoma (SACA)_唾液腺癌
,Salivary duct carcinoma,Salivary Carcinoma (SACA)_唾液腺癌
,salivary duct carcinoma,Salivary Carcinoma (SACA)_唾液腺癌
,salivary duct adenocarcinoma,Salivary Carcinoma (SACA)_唾液腺癌
,顎下腺癌,Salivary Carcinoma (SACA)_唾液腺癌
,軟口蓋小唾液腺癌,Salivary Carcinoma (SACA)_唾液腺癌
,耳下腺エクリン汗腺癌,Salivary Carcinoma (SACA)_唾液腺癌
,左顎下腺癌,Salivary Carcinoma (SACA)_唾液腺癌
,右耳下腺癌（乳腺類似分泌癌）,Salivary Carcinoma (SACA)_唾液腺癌
,分泌癌,Salivary Carcinoma (SACA)_唾液腺癌
,乳腺相似分泌癌,Salivary Carcinoma (SACA)_唾液腺癌
,"Secretory carcinoma.  Adenocarcinoma, intradual lesion, excision",Salivary Carcinoma (SACA)_唾液腺癌
,secretory　carcinoma,Salivary Carcinoma (SACA)_唾液腺癌
,secretory carcinoma,Salivary Carcinoma (SACA)_唾液腺癌
,Sebaceous carcinoma (right orbit),Salivary Carcinoma (SACA)_唾液腺癌
,Savaceous carcinoma,Salivary Carcinoma (SACA)_唾液腺癌
,lymphoepithelial carcinoma,Salivary Carcinoma (SACA)_唾液腺癌
"Salivary Carcinoma, Other (OSACA)_その他の唾液癌",腺癌,"Salivary Carcinoma, Other (OSACA)_その他の唾液癌"
"Salivary Carcinoma, Other (OSACA)_その他の唾液癌",唾液腺癌　その他の唾液腺癌,"Salivary Carcinoma, Other (OSACA)_その他の唾液癌"
"Salivary Carcinoma, Other (OSACA)_その他の唾液癌",poorly differentiated carcinoma,"Salivary Carcinoma, Other (OSACA)_その他の唾液癌"
"Salivary Carcinoma, Other (OSACA)_その他の唾液癌",metastatic poorly differentiated carcinoma,"Salivary Carcinoma, Other (OSACA)_その他の唾液癌"
"Salivary Carcinoma, Other (OSACA)_その他の唾液癌",carcinoma,"Salivary Carcinoma, Other (OSACA)_その他の唾液癌"
"Salivary Carcinoma, Other (OSACA)_その他の唾液癌","Adenocarcinoma, NOS","Salivary Carcinoma, Other (OSACA)_その他の唾液癌"
"Salivary Carcinoma, Other (OSACA)_その他の唾液癌",adenocarcinoma NOS,"Salivary Carcinoma, Other (OSACA)_その他の唾液癌"
"Salivary Carcinoma, Other (OSACA)_その他の唾液癌",Adenocarcinoma,"Salivary Carcinoma, Other (OSACA)_その他の唾液癌"
"Salivary Carcinoma, Other (OSACA)_その他の唾液癌",ADENOCARCINOMA,"Salivary Carcinoma, Other (OSACA)_その他の唾液癌"
,唾液腺原発筋上皮癌,"Salivary Carcinoma, Other (OSACA)_その他の唾液癌"
Head and Neck (HEAD_NECK)_頭頸部,Adenocarcinoma consistent with sallivary duct carcinoma,Salivary Duct Carcinoma (SDCA)_唾液腺導管癌
Salivary Duct Carcinoma (SDCA)_唾液腺導管癌,顎下腺癌,Salivary Duct Carcinoma (SDCA)_唾液腺導管癌
Salivary Duct Carcinoma (SDCA)_唾液腺導管癌,耳下腺癌,Salivary Duct Carcinoma (SDCA)_唾液腺導管癌
Salivary Duct Carcinoma (SDCA)_唾液腺導管癌,浸潤性導管癌,Salivary Duct Carcinoma (SDCA)_唾液腺導管癌
Salivary Duct Carcinoma (SDCA)_唾液腺導管癌,導管癌,Salivary Duct Carcinoma (SDCA)_唾液腺導管癌
Salivary Duct Carcinoma (SDCA)_唾液腺導管癌,唾液腺導管癌　HER2(3＋),Salivary Duct Carcinoma (SDCA)_唾液腺導管癌
Salivary Duct Carcinoma (SDCA)_唾液腺導管癌,唾液腺導管癌,Salivary Duct Carcinoma (SDCA)_唾液腺導管癌
Salivary Duct Carcinoma (SDCA)_唾液腺導管癌,唾液導管癌,Salivary Duct Carcinoma (SDCA)_唾液腺導管癌
Salivary Duct Carcinoma (SDCA)_唾液腺導管癌,右耳下腺原発唾液腺導管癌,Salivary Duct Carcinoma (SDCA)_唾液腺導管癌
Salivary Duct Carcinoma (SDCA)_唾液腺導管癌,SDC,Salivary Duct Carcinoma (SDCA)_唾液腺導管癌
Salivary Duct Carcinoma (SDCA)_唾液腺導管癌,Salivary duct carcinoma,Salivary Duct Carcinoma (SDCA)_唾液腺導管癌
Salivary Duct Carcinoma (SDCA)_唾液腺導管癌,salivary duct carcinoma,Salivary Duct Carcinoma (SDCA)_唾液腺導管癌
Salivary Duct Carcinoma (SDCA)_唾液腺導管癌,salivary　duct carcinoma,Salivary Duct Carcinoma (SDCA)_唾液腺導管癌
Salivary Duct Carcinoma (SDCA)_唾液腺導管癌,Metastatic salivary duct carcinoma ,Salivary Duct Carcinoma (SDCA)_唾液腺導管癌
Salivary Duct Carcinoma (SDCA)_唾液腺導管癌,,Salivary Duct Carcinoma (SDCA)_唾液腺導管癌
,唾液腺導管癌　胃癌,Salivary Duct Carcinoma (SDCA)_唾液腺導管癌
,唾液腺導管癌,Salivary Duct Carcinoma (SDCA)_唾液腺導管癌
,Sarivaly ductal carcinoma,Salivary Duct Carcinoma (SDCA)_唾液腺導管癌
,左顎下腺唾液腺導管癌,Salivary Duct Carcinoma (SDCA)_唾液腺導管癌
,左耳下腺唾液腺導管癌,Salivary Duct Carcinoma (SDCA)_唾液腺導管癌
,右顎下腺導管癌,Salivary Duct Carcinoma (SDCA)_唾液腺導管癌
,"Adenocarcinoma, 口蓋小唾液腺原発腺癌",Salivary Duct Carcinoma (SDCA)_唾液腺導管癌
,"Adenocarcinoma, suspicious ex pleomorphic adenoma",Salivary Duct Carcinoma (SDCA)_唾液腺導管癌
,Adenocarcinoma of  salivary duct,Salivary Duct Carcinoma (SDCA)_唾液腺導管癌
Sinonasal Adenocarcinoma (SNA)_副鼻腔腺癌,副鼻腔腺癌,Sinonasal Adenocarcinoma (SNA)_副鼻腔腺癌
Sinonasal Adenocarcinoma (SNA)_副鼻腔腺癌,SMARCB1(INI-1)-deficient sinonasal carcinoma,Sinonasal Adenocarcinoma (SNA)_副鼻腔腺癌
Sinonasal Adenocarcinoma (SNA)_副鼻腔腺癌,Adenoidcystic carcinoma,Sinonasal Adenocarcinoma (SNA)_副鼻腔腺癌
Sinonasal Adenocarcinoma (SNA)_副鼻腔腺癌,adenocarcinoma,Sinonasal Adenocarcinoma (SNA)_副鼻腔腺癌
Sinonasal Adenocarcinoma (SNA)_副鼻腔腺癌,Adenocarcinoma,Sinonasal Adenocarcinoma (SNA)_副鼻腔腺癌
,"Malignant neoplasm, in excision, frontal sinus(篩骨洞癌)",Sinonasal Squamous Cell Carcinoma (SNSC)_副鼻腔扁平上皮癌
Sinonasal Undifferentiated Carcinoma (SNUC)_副鼻腔未分化癌,副鼻腔未分化癌,Sinonasal Undifferentiated Carcinoma (SNUC)_副鼻腔未分化癌
Sinonasal Undifferentiated Carcinoma (SNUC)_副鼻腔未分化癌,Undifferentiated　carcinoma,Sinonasal Undifferentiated Carcinoma (SNUC)_副鼻腔未分化癌
Sinonasal Undifferentiated Carcinoma (SNUC)_副鼻腔未分化癌,undifferentiated carcinoma,Sinonasal Undifferentiated Carcinoma (SNUC)_副鼻腔未分化癌
Sinonasal Undifferentiated Carcinoma (SNUC)_副鼻腔未分化癌,Undifferentiated Carcinoma,Sinonasal Undifferentiated Carcinoma (SNUC)_副鼻腔未分化癌
Sinonasal Undifferentiated Carcinoma (SNUC)_副鼻腔未分化癌,SMARCB1(INI1)-deficient sinonasal carcinoma,Sinonasal Undifferentiated Carcinoma (SNUC)_副鼻腔未分化癌
Sinonasal Undifferentiated Carcinoma (SNUC)_副鼻腔未分化癌,SMARCB1 (INI-1)-deficient sinonasal carcinoma,Sinonasal Undifferentiated Carcinoma (SNUC)_副鼻腔未分化癌
Sinonasal Undifferentiated Carcinoma (SNUC)_副鼻腔未分化癌,Sinonasal undifferentiated carcinoma,Sinonasal Undifferentiated Carcinoma (SNUC)_副鼻腔未分化癌
,篩骨洞未分化癌,Sinonasal Undifferentiated Carcinoma (SNUC)_副鼻腔未分化癌
,"High-grade carcinoma,susupect of myoepithelial carcinoma of the left submandibular gland.",Myoepithelial Carcinoma (MYEC)_筋上皮癌 