﻿症例.基本情報.がん種.OncoTree..名称.,症例.背景情報.病理診断名,y
Bladder Adenocarcinoma (BLAD)_膀胱腺癌,,BLAD_AD
Bladder Adenocarcinoma (BLAD)_膀胱腺癌,Adenocarcinoma,BLAD_AD
Bladder Adenocarcinoma (BLAD)_膀胱腺癌,Ａｄｅｎｏcarcinoma,BLAD_AD
Bladder Adenocarcinoma (BLAD)_膀胱腺癌,膀胱腺癌,BLAD_AD
Bladder Adenocarcinoma (BLAD)_膀胱腺癌,Urotherial Carcinoma,BLAD_BUC
Bladder Adenocarcinoma (BLAD)_膀胱腺癌,"Urothelial carcinoma with squamous differentiation, urinary bladder",BLAD_BUC
Bladder Adenocarcinoma (BLAD)_膀胱腺癌,Urothelial carcinoma,BLAD_BUC
Bladder Squamous Cell Carcinoma (BLSC)_膀胱扁平上皮癌,尿路上皮癌（扁平上皮癌の成分が多い）,BLAD_BUC
Bladder Squamous Cell Carcinoma (BLSC)_膀胱扁平上皮癌,膀胱扁平上皮癌,BLAD_BUC
Bladder Squamous Cell Carcinoma (BLSC)_膀胱扁平上皮癌,"squamous cell carcinoma , bladder (膀胱扁平上皮癌）",BLAD_BUC
Bladder Squamous Cell Carcinoma (BLSC)_膀胱扁平上皮癌,Squamous cell carcinoma,BLAD_BUC
Bladder Urothelial Carcinoma (BLCA)_膀胱尿路上皮癌,新生物，悪性,BLAD_BUC
Bladder Urothelial Carcinoma (BLCA)_膀胱尿路上皮癌,"Invasive urotherial carcinoma,urinary bladder,TUR-Bt",BLAD_BUC
Bladder Urothelial Carcinoma (BLCA)_膀胱尿路上皮癌,urothelial carcinoma（膀胱がん、尿路上皮がん）,BLAD_BUC
Bladder Urothelial Carcinoma (BLCA)_膀胱尿路上皮癌,Invasive urothelial carcinoma of the urinary bladder,BLAD_BUC
Bladder Urothelial Carcinoma (BLCA)_膀胱尿路上皮癌,膀胱癌,BLAD_BUC
Bladder Urothelial Carcinoma (BLCA)_膀胱尿路上皮癌,"invasive urothelial carcinoma with squamous differentiation, micropapillary variant, high grade, G3",BLAD_BUC
Bladder Urothelial Carcinoma (BLCA)_膀胱尿路上皮癌,尿路上皮癌,BLAD_BUC
Bladder Urothelial Carcinoma (BLCA)_膀胱尿路上皮癌,Urothelial carcinoma,BLAD_BUC
Bladder Urothelial Carcinoma (BLCA)_膀胱尿路上皮癌,膀胱癌　浸潤性尿路上皮癌,BLAD_BUC
Bladder Urothelial Carcinoma (BLCA)_膀胱尿路上皮癌,"Urothelial carcinoma,G3",BLAD_BUC
Bladder Urothelial Carcinoma (BLCA)_膀胱尿路上皮癌,Invasive urothelial carcinoma,BLAD_BUC
Bladder Urothelial Carcinoma (BLCA)_膀胱尿路上皮癌,"Invasive urothelial carcinoma.Sessile/nodular type,INFb,pT3,ly1,v1,u-lt0,PM0",BLAD_BUC
Bladder Urothelial Carcinoma (BLCA)_膀胱尿路上皮癌,urothelial carcinoma,BLAD_BUC
Bladder Urothelial Carcinoma (BLCA)_膀胱尿路上皮癌,"Invasive Bladder Urothelial Carcinoma, G2（浸潤性膀胱尿路上皮がん）",BLAD_BUC
Bladder Urothelial Carcinoma (BLCA)_膀胱尿路上皮癌,"bladder cancer, urothelial carcinoma",BLAD_BUC
Bladder Urothelial Carcinoma (BLCA)_膀胱尿路上皮癌,膀胱尿路上皮癌,BLAD_BUC
Bladder Urothelial Carcinoma (BLCA)_膀胱尿路上皮癌,"Invasive urothelial carcinoma,htgh grade,urinary bladder",BLAD_BUC
Bladder Urothelial Carcinoma (BLCA)_膀胱尿路上皮癌,TRANSITIONAL　CELL　CARCINOMA，URINARY BLADDER,BLAD_BUC
Bladder Urothelial Carcinoma (BLCA)_膀胱尿路上皮癌,Invasive urothelial cacinoma,BLAD_BUC
Bladder Urothelial Carcinoma (BLCA)_膀胱尿路上皮癌,invasive urothelial carcinoma(G3) with squamous differentiation,BLAD_BUC
Bladder Urothelial Carcinoma (BLCA)_膀胱尿路上皮癌,浸潤性尿路上皮癌,BLAD_BUC
Bladder Urothelial Carcinoma (BLCA)_膀胱尿路上皮癌,"urothelial cancer
urothelial carcinoma",BLAD_BUC
Bladder Urothelial Carcinoma (BLCA)_膀胱尿路上皮癌,invasive urothelial carcinoma,BLAD_BUC
Bladder Urothelial Carcinoma (BLCA)_膀胱尿路上皮癌,"invasive urothelial carcinoma, urinary bladder",BLAD_BUC
Bladder Urothelial Carcinoma (BLCA)_膀胱尿路上皮癌,Urothelial Carcinoma,BLAD_BUC
Bladder Urothelial Carcinoma (BLCA)_膀胱尿路上皮癌,Invasive urothelial carcinoma (high grade) with glandular differentiation（膀胱がん）,BLAD_BUC
Bladder Urothelial Carcinoma (BLCA)_膀胱尿路上皮癌,Invasive urothelial carcinoma with glandular differentiation,BLAD_BUC
Bladder Urothelial Carcinoma (BLCA)_膀胱尿路上皮癌,"Invasive urothelial carcinoma, high grade, G3",BLAD_BUC
Bladder Urothelial Carcinoma (BLCA)_膀胱尿路上皮癌,urothelial carcinoma high grade,BLAD_BUC
Bladder Urothelial Carcinoma (BLCA)_膀胱尿路上皮癌,尿路上皮がん,BLAD_BUC
Bladder Urothelial Carcinoma (BLCA)_膀胱尿路上皮癌,"Urothelial carcinoma,urinary bladder",BLAD_BUC
Bladder Urothelial Carcinoma (BLCA)_膀胱尿路上皮癌,Urothelian Carcinoma,BLAD_BUC
Bladder Urothelial Carcinoma (BLCA)_膀胱尿路上皮癌,Ｕｒｏｔｈｅｌｉａｌ ｃａｎｃｅｒ,BLAD_BUC
Bladder Urothelial Carcinoma (BLCA)_膀胱尿路上皮癌,膀胱後壁部膀胱癌,BLAD_BUC
Bladder Urothelial Carcinoma (BLCA)_膀胱尿路上皮癌,Invasive Urothelial carcinoma,BLAD_BUC
Bladder Urothelial Carcinoma (BLCA)_膀胱尿路上皮癌,Infiltroing urothelial carcinoma,BLAD_BUC
Bladder Urothelial Carcinoma (BLCA)_膀胱尿路上皮癌,"urothelial carcinoma
膀胱癌",BLAD_BUC
Bladder Urothelial Carcinoma (BLCA)_膀胱尿路上皮癌,"urothelial carcinoma, high grade",BLAD_BUC
Bladder Urothelial Carcinoma (BLCA)_膀胱尿路上皮癌,TRANSITIONAL CELL CARCINOMA,BLAD_BUC
Bladder Urothelial Carcinoma (BLCA)_膀胱尿路上皮癌,"invasive urothelial carcinoma, G2",BLAD_BUC
Bladder Urothelial Carcinoma (BLCA)_膀胱尿路上皮癌,浸潤性膀胱癌,BLAD_BUC
Bladder Urothelial Carcinoma (BLCA)_膀胱尿路上皮癌,移行上皮癌，NOS,BLAD_BUC
Bladder Urothelial Carcinoma (BLCA)_膀胱尿路上皮癌,Urothelial carcinoma of the bladder.,BLAD_BUC
Bladder Urothelial Carcinoma (BLCA)_膀胱尿路上皮癌,"Invasive urothelial carcinoma,high-grade,G2（G2>G3）",BLAD_BUC
Bladder Urothelial Carcinoma (BLCA)_膀胱尿路上皮癌,Invasive urothelial carcinoma (膀胱癌),BLAD_BUC
Bladder Urothelial Carcinoma (BLCA)_膀胱尿路上皮癌,Invasive urotherial carcinoma,BLAD_BUC
Bladder Urothelial Carcinoma (BLCA)_膀胱尿路上皮癌,,BLAD_BUC
Bladder Urothelial Carcinoma (BLCA)_膀胱尿路上皮癌,尿路上皮腫瘍,BLAD_BUC
Bladder Urothelial Carcinoma (BLCA)_膀胱尿路上皮癌,Invasive urotherial carcinoma of right ureter.,BLAD_BUC
Bladder Urothelial Carcinoma (BLCA)_膀胱尿路上皮癌,Invasive urothelial carcinoma with micropapillary component,BLAD_BUC
Bladder Urothelial Carcinoma (BLCA)_膀胱尿路上皮癌,Urothelial carcinoma（膀胱）,BLAD_BUC
Bladder Urothelial Carcinoma (BLCA)_膀胱尿路上皮癌,Urotherial carcinoma,BLAD_BUC
Bladder Urothelial Carcinoma (BLCA)_膀胱尿路上皮癌,Invasive urothelial carcinoma（膀胱癌）,BLAD_BUC
Bladder Urothelial Carcinoma (BLCA)_膀胱尿路上皮癌,膀胱癌（尿路上皮癌　high grade  pT2),BLAD_BUC
Bladder Urothelial Carcinoma (BLCA)_膀胱尿路上皮癌,Urotherial carcinoma of the urinary bladder.,BLAD_BUC
Bladder Urothelial Carcinoma (BLCA)_膀胱尿路上皮癌,浸潤性高異型度尿路上皮癌,BLAD_BUC
Bladder Urothelial Carcinoma (BLCA)_膀胱尿路上皮癌,"Carcinoma, see comment.",BLAD_BUC
Bladder Urothelial Carcinoma (BLCA)_膀胱尿路上皮癌,Urothelial carcinoma of the urinary bladder,BLAD_BUC
Bladder Urothelial Carcinoma (BLCA)_膀胱尿路上皮癌,noninvasive papillary urothelial carcinoma,BLAD_BUC
Bladder Urothelial Carcinoma (BLCA)_膀胱尿路上皮癌,Invasive urothelial carcinoma （尿路上皮癌）,BLAD_BUC
Bladder Urothelial Carcinoma (BLCA)_膀胱尿路上皮癌,右尿管癌,BLAD_UTUC
Bladder Urothelial Carcinoma (BLCA)_膀胱尿路上皮癌,Urothelian carcinoma,BLAD_BUC
Bladder Urothelial Carcinoma (BLCA)_膀胱尿路上皮癌,"Invasive urothelial carcinoma,G3",BLAD_BUC
Bladder Urothelial Carcinoma (BLCA)_膀胱尿路上皮癌,carcinoma,BLAD_BUC
Bladder Urothelial Carcinoma (BLCA)_膀胱尿路上皮癌,左腎盂癌,BLAD_UTUC
Bladder Urothelial Carcinoma (BLCA)_膀胱尿路上皮癌,Invasive urothlial carcinoma,BLAD_BUC
Bladder/Urinary Tract (BLADDER)_膀胱/尿路,Invasive urothelial carcinoma,BLAD_BUC
Bladder/Urinary Tract (BLADDER)_膀胱/尿路,"Invasive urothelial carcinoma, G3, high grade",BLAD_BUC
Bladder/Urinary Tract (BLADDER)_膀胱/尿路,尿路上皮癌,BLAD_BUC
Bladder/Urinary Tract (BLADDER)_膀胱/尿路,移行上皮癌,BLAD_BUC
Bladder/Urinary Tract (BLADDER)_膀胱/尿路,移行上皮癌，NOS,BLAD_BUC
Bladder/Urinary Tract (BLADDER)_膀胱/尿路,"Invasive Urothelial Carcinoma,G3",BLAD_BUC
Bladder/Urinary Tract (BLADDER)_膀胱/尿路,"urothelial carcinoma, high grade G2",BLAD_BUC
Bladder/Urinary Tract (BLADDER)_膀胱/尿路,"Invasive urothelial carcinoma,poorly differentiated",BLAD_BUC
Bladder/Urinary Tract (BLADDER)_膀胱/尿路,乳頭状移行上皮癌,BLAD_BUC
Bladder/Urinary Tract (BLADDER)_膀胱/尿路,urothelial carcinoma (腎盂癌),BLAD_UTUC
Bladder/Urinary Tract (BLADDER)_膀胱/尿路,Urothelial carcinoma (尿管癌),BLAD_UTUC
Mucosal Melanoma of the Urethra (URMM)_尿道粘膜（悪性）黒色腫,悪性黒色腫,BLAD_Melanoma
Plasmacytoid/Signet Ring Cell Bladder Carcinoma (SRCBC)_膀胱形質細胞様/印環細胞癌,"Adenocarcinoma,sig",BLAD_AD
Plasmacytoid/Signet Ring Cell Bladder Carcinoma (SRCBC)_膀胱形質細胞様/印環細胞癌,adenocarcinoma（signet ring cell subtype),BLAD_AD
Plasmacytoid/Signet Ring Cell Bladder Carcinoma (SRCBC)_膀胱形質細胞様/印環細胞癌,形質細胞腫，NOS,BLAD_Unknown
Plasmacytoid/Signet Ring Cell Bladder Carcinoma (SRCBC)_膀胱形質細胞様/印環細胞癌,"Adenocarcinoma,signet ring cell and mucinous type",BLAD_AD
Sarcomatoid Carcinoma of the Urinary Bladder (SCB)_膀胱肉腫様癌,膀胱肉腫様癌,BLAD_Other
Small Cell Bladder Cancer (SCBC)_膀胱小細胞癌,small cell carcinoma,BLAD_SCC
Small Cell Bladder Cancer (SCBC)_膀胱小細胞癌,Small cell carcinoma,BLAD_SCC
Small Cell Bladder Cancer (SCBC)_膀胱小細胞癌,悪性腫瘍，小細胞型,BLAD_SCC
Small Cell Bladder Cancer (SCBC)_膀胱小細胞癌,small cellcarcinoma,BLAD_SCC
Small Cell Bladder Cancer (SCBC)_膀胱小細胞癌,Small Cell Carcinoma,BLAD_SCC
Small Cell Bladder Cancer (SCBC)_膀胱小細胞癌,Small cell neuroendocrine carcinoma,BLAD_SCC
Small Cell Bladder Cancer (SCBC)_膀胱小細胞癌,小細胞癌,BLAD_SCC
Small Cell Bladder Cancer (SCBC)_膀胱小細胞癌,Urinary Bladder Small cell carcinoma,BLAD_SCC
Small Cell Bladder Cancer (SCBC)_膀胱小細胞癌,Small cell carcinoma of the urinary bladder,BLAD_SCC
Small Cell Bladder Cancer (SCBC)_膀胱小細胞癌,Small cell carcinoma（膀胱）,BLAD_SCC
Upper Tract Urothelial Carcinoma (UTUC)_上部尿路上皮癌,悪性腫瘍，小細胞型,BLAD_SCC
Upper Tract Urothelial Carcinoma (UTUC)_上部尿路上皮癌,小細胞癌，NOS,BLAD_SCC
Upper Tract Urothelial Carcinoma (UTUC)_上部尿路上皮癌,癌腫，NOS,BLAD_Unknown
Upper Tract Urothelial Carcinoma (UTUC)_上部尿路上皮癌,Invasive urothelial carcinoma,BLAD_UTUC
Upper Tract Urothelial Carcinoma (UTUC)_上部尿路上皮癌,尿管癌,BLAD_UTUC
Upper Tract Urothelial Carcinoma (UTUC)_上部尿路上皮癌,urothelial carcinoma,BLAD_UTUC
Upper Tract Urothelial Carcinoma (UTUC)_上部尿路上皮癌,"Invasive urothelial carcinoma,G2",BLAD_UTUC
Upper Tract Urothelial Carcinoma (UTUC)_上部尿路上皮癌,"Invasive urothelial carcinoma with squamous differentiation,high grade",BLAD_UTUC
Upper Tract Urothelial Carcinoma (UTUC)_上部尿路上皮癌,"Invasive urothelial carcinoma,high-grade, G3>G2",BLAD_UTUC
Upper Tract Urothelial Carcinoma (UTUC)_上部尿路上皮癌,Invasive urothelial carcinoma with squamous differentiation,BLAD_UTUC
Upper Tract Urothelial Carcinoma (UTUC)_上部尿路上皮癌,invasive urothelial carcinoma,BLAD_UTUC
Upper Tract Urothelial Carcinoma (UTUC)_上部尿路上皮癌,尿路上皮癌,BLAD_UTUC
Upper Tract Urothelial Carcinoma (UTUC)_上部尿路上皮癌,Invasive urothelial carcinoma of left ureter and renal pelvis,BLAD_UTUC
Upper Tract Urothelial Carcinoma (UTUC)_上部尿路上皮癌,Urothelial carcinoma,BLAD_UTUC
Upper Tract Urothelial Carcinoma (UTUC)_上部尿路上皮癌,urotherial carcinoma,BLAD_UTUC
Upper Tract Urothelial Carcinoma (UTUC)_上部尿路上皮癌,尿路上皮がん,BLAD_UTUC
Upper Tract Urothelial Carcinoma (UTUC)_上部尿路上皮癌,上部尿路上皮癌,BLAD_UTUC
Upper Tract Urothelial Carcinoma (UTUC)_上部尿路上皮癌,左腎盂原発尿路上皮癌,BLAD_UTUC
Upper Tract Urothelial Carcinoma (UTUC)_上部尿路上皮癌,Urothelial Carcinoma,BLAD_UTUC
Upper Tract Urothelial Carcinoma (UTUC)_上部尿路上皮癌,"urothelial carcinoma
uro",BLAD_UTUC
Upper Tract Urothelial Carcinoma (UTUC)_上部尿路上皮癌,carcinoma　of Renal pelvis,BLAD_UTUC
Upper Tract Urothelial Carcinoma (UTUC)_上部尿路上皮癌,左尿管　浸潤性尿路上皮癌,BLAD_UTUC
Upper Tract Urothelial Carcinoma (UTUC)_上部尿路上皮癌,Invasive urotherial carcinoma of right ureter,BLAD_UTUC
Upper Tract Urothelial Carcinoma (UTUC)_上部尿路上皮癌,"Invasive urothelial carcinoma,high grade",BLAD_UTUC
Upper Tract Urothelial Carcinoma (UTUC)_上部尿路上皮癌,乳頭状移行上皮癌,BLAD_UTUC
Upper Tract Urothelial Carcinoma (UTUC)_上部尿路上皮癌,"Invasive urothelial carcinoma with squamous differentiation, high 
    grade, G3",BLAD_UTUC
Upper Tract Urothelial Carcinoma (UTUC)_上部尿路上皮癌,みぎ腎盂癌,BLAD_UTUC
Upper Tract Urothelial Carcinoma (UTUC)_上部尿路上皮癌,左腎盂癌,BLAD_UTUC
Upper Tract Urothelial Carcinoma (UTUC)_上部尿路上皮癌,Urothelial　carcinoma with glandular differentiation,BLAD_UTUC
Upper Tract Urothelial Carcinoma (UTUC)_上部尿路上皮癌,infiltrating urothelial carcinoma ,BLAD_UTUC
Upper Tract Urothelial Carcinoma (UTUC)_上部尿路上皮癌,"Non invasive papillary urothelial carcinoma, high grade.",BLAD_UTUC
Upper Tract Urothelial Carcinoma (UTUC)_上部尿路上皮癌,"Invasive urothelial carcinoma, high grade",BLAD_UTUC
Upper Tract Urothelial Carcinoma (UTUC)_上部尿路上皮癌,Metastatic urothelial carcinoma,BLAD_UTUC
Upper Tract Urothelial Carcinoma (UTUC)_上部尿路上皮癌,squamous cell carcinoma of renal pelvis (腎盂扁平上皮癌）,BLAD_UTUC
Upper Tract Urothelial Carcinoma (UTUC)_上部尿路上皮癌,,BLAD_UTUC
Upper Tract Urothelial Carcinoma (UTUC)_上部尿路上皮癌,Upper Tract Urothelial Carcinoma(UTUC),BLAD_UTUC
Upper Tract Urothelial Carcinoma (UTUC)_上部尿路上皮癌,"Invasive carcinoma, urinary bladder（腎盂がん、低分化がん）",BLAD_UTUC
Upper Tract Urothelial Carcinoma (UTUC)_上部尿路上皮癌,"Right ureteral cancer, multiple, invasive urothelial carcinoma",BLAD_UTUC
Upper Tract Urothelial Carcinoma (UTUC)_上部尿路上皮癌,Urothelial carcinoma(尿管癌),BLAD_UTUC
Upper Tract Urothelial Carcinoma (UTUC)_上部尿路上皮癌,"Carcinoma, urinary duct （右尿管癌）",BLAD_UTUC
Upper Tract Urothelial Carcinoma (UTUC)_上部尿路上皮癌,TRANSITIONAL CELL CARCINOMA,BLAD_UTUC
Upper Tract Urothelial Carcinoma (UTUC)_上部尿路上皮癌,Carcinoma with squamous differentiation,BLAD_UTUC
Upper Tract Urothelial Carcinoma (UTUC)_上部尿路上皮癌,Invasive Urothelial carcinoma,BLAD_UTUC
Upper Tract Urothelial Carcinoma (UTUC)_上部尿路上皮癌,"Ureteral cancer, invasive urothelial carcinoma",BLAD_UTUC
Upper Tract Urothelial Carcinoma (UTUC)_上部尿路上皮癌,浸潤性左腎盂癌,BLAD_UTUC
Upper Tract Urothelial Carcinoma (UTUC)_上部尿路上皮癌,Urothelial carcinoma ,BLAD_UTUC
Upper Tract Urothelial Carcinoma (UTUC)_上部尿路上皮癌,Urothelialcarcinoma,BLAD_UTUC
Upper Tract Urothelial Carcinoma (UTUC)_上部尿路上皮癌,"Urothelial carcinoma,G2",BLAD_UTUC
Upper Tract Urothelial Carcinoma (UTUC)_上部尿路上皮癌,Invasive urothelial carcinoma with glandular differentiation and sarcomatoid differentiation,BLAD_UTUC
Upper Tract Urothelial Carcinoma (UTUC)_上部尿路上皮癌,腎盂癌疑い,BLAD_UTUC
Upper Tract Urothelial Carcinoma (UTUC)_上部尿路上皮癌,腎孟癌,BLAD_UTUC
Upper Tract Urothelial Carcinoma (UTUC)_上部尿路上皮癌,Urotherial Carcinoma,BLAD_UTUC
Upper Tract Urothelial Carcinoma (UTUC)_上部尿路上皮癌,UROTHELIAL CARCINOMA,BLAD_UTUC
Upper Tract Urothelial Carcinoma (UTUC)_上部尿路上皮癌,Urothelial carcinoma with squamous differentiation,BLAD_UTUC
Upper Tract Urothelial Carcinoma (UTUC)_上部尿路上皮癌,Urothelial　carcinoma,BLAD_UTUC
Urachal Adenocarcinoma (UA)_尿膜管腺癌,Mucinous　Adenocarcinoma,BLAD_AD
Urachal Adenocarcinoma (UA)_尿膜管腺癌,urachalcar carcinoma,BLAD_Urachal
Urachal Adenocarcinoma (UA)_尿膜管腺癌,mucinous adenocarcinoma,BLAD_Urachal
Urachal Adenocarcinoma (UA)_尿膜管腺癌,尿膜管癌,BLAD_Urachal
Urachal Adenocarcinoma (UA)_尿膜管腺癌,Urachal cancer,BLAD_Urachal
Urachal Adenocarcinoma (UA)_尿膜管腺癌,Adenocarcinoma,BLAD_Urachal
Urachal Adenocarcinoma (UA)_尿膜管腺癌,Adenocarcinoma metastatic,BLAD_Urachal
Urachal Adenocarcinoma (UA)_尿膜管腺癌,,BLAD_Urachal
Urachal Adenocarcinoma (UA)_尿膜管腺癌,Urachal Adenocarcinoma ,BLAD_Urachal
Urachal Adenocarcinoma (UA)_尿膜管腺癌,Adenocarcinoma of urinary bladder,BLAD_Urachal
Urachal Adenocarcinoma (UA)_尿膜管腺癌,adenocarcinoma,BLAD_Urachal
Urachal Adenocarcinoma (UA)_尿膜管腺癌,"Metastatic adenocarcinoma, consistent with metastasis from the urachal carcinoma",BLAD_Urachal
Urachal Adenocarcinoma (UA)_尿膜管腺癌,Well to moderately differentiated adenocarcinoma,BLAD_AD
Urachal Adenocarcinoma (UA)_尿膜管腺癌,"Adenocarcinoma, metastatic : -liver, needle biopsy",BLAD_AD
Urachal Adenocarcinoma (UA)_尿膜管腺癌,"Mucinous adenocarcinoma,compatible with urachal carcinoma(尿膜管癌)",BLAD_
Urachal Carcinoma (URCA)_尿膜管癌,尿膜管がん,BLAD_Urachal
Urachal Carcinoma (URCA)_尿膜管癌,尿膜管癌,BLAD_Urachal
Urachal Carcinoma (URCA)_尿膜管癌,Adenocarcinoma,BLAD_Urachal
Urachal Carcinoma (URCA)_尿膜管癌,Urachal mucinous cystic tumor of low malignant potential,BLAD_Urachal
Urethral Adenocarcinoma (UAD)_尿道腺癌,Adenocarcinoma,BLAD_AD
Urethral Adenocarcinoma (UAD)_尿道腺癌,"Invasive adenocarcinoma,mucinous,Urethra(尿道癌)",BLAD_AD
Urethral Adenocarcinoma (UAD)_尿道腺癌,Urethral Adenocarcinoma,BLAD_AD
Urethral Adenocarcinoma (UAD)_尿道腺癌,adenocarcinoma,BLAD_AD
Urethral Adenocarcinoma (UAD)_尿道腺癌,尿道原発腺癌,BLAD_Uret
Urethral Cancer (UCA)_尿道癌,,BLAD_Uret
Urethral Cancer (UCA)_尿道癌,Clear cell carcinoma,BLAD_Uret
Urethral Squamous Cell Carcinoma (USCC)_尿道扁平上皮癌,Squamous cell carcinoma,BLAD_Uret
Urethral Squamous Cell Carcinoma (USCC)_尿道扁平上皮癌,,BLAD_Uret
Urethral Squamous Cell Carcinoma (USCC)_尿道扁平上皮癌,腎盂癌,BLAD_UTUC
Urethral Urothelial Carcinoma (UCU)_尿道尿路上皮癌,尿路上皮癌,BLAD_Uret
Urethral Urothelial Carcinoma (UCU)_尿道尿路上皮癌,Invasive urothelial carcinoma ,BLAD_Uret
Urethral Urothelial Carcinoma (UCU)_尿道尿路上皮癌,Urter Cancer,BLAD_Uret
Urethral Urothelial Carcinoma (UCU)_尿道尿路上皮癌,urothelial carcinoma,BLAD_Uret
Urethral Urothelial Carcinoma (UCU)_尿道尿路上皮癌,Invasive　urothelial carcinoma　with　signent　ring　cell,BLAD_Uret
Urethral Urothelial Carcinoma (UCU)_尿道尿路上皮癌,尿管癌,BLAD_UTUC
,Adenocarcinoma in the urinary bladder,BLAD_AD
,粘液腺癌,BLAD_AD
,Metastatic adenocarcinoma in the lymph node,BLAD_AD
,"adenocarcinoma,mucinous type,",BLAD_AD
,Adenocarcinoma,BLAD_AD
,膀胱腺癌,BLAD_AD
,adenocarcinoma,BLAD_AD
,invasive micropapillary adenocarcinoma,BLAD_AD
,adenocarinoma,BLAD_AD
,膀胱癌リンパ節転移,BLAD_BUC
,膀胱尿路上皮癌,BLAD_BUC
,膀胱癌,BLAD_BUC
,bladder carcinoma,BLAD_BUC
,"Urothelial carcihoma of the urinary bladder,TUR,referred specimen. ",BLAD_BUC
,膀胱癌、尿路上皮癌、肉腫型（膀胱がん）,BLAD_BUC
,膀胱がん,BLAD_BUC
,膀胱腫瘍,BLAD_BUC
,膀胱がん、Invasive urothelial carcinoma（膀胱がん）,BLAD_BUC
,urothelial carcinoma（膀胱癌・多発肺転移・リンパ節転移）,BLAD_BUC
,small cell carcinoma,BLAD_SCC
,膀胱小細胞癌、肝転移,BLAD_SCC
,小細胞がん,BLAD_SCC
,Urothelial carcinoma(膀胱小細胞癌）,BLAD_SCC
,尿路上皮癌,BLAD_UC
,urothelial carcinoma,BLAD_UC
,invasive urothelial carcinoma,BLAD_UC
,"Invasive urothelial carutinona,high grade　",BLAD_UC
,Invasive urothelial carcinoma,BLAD_UC
,Urothelial carcinoma,BLAD_UC
,"Invasive urothelial carcinoma,high grade",BLAD_UC
,Urothelial Carcinoma,BLAD_UC
,urothelial carcinoma　with wquamous differentiation,BLAD_UC
,"Invasive urothelial carcinoma 
    Invasive urothelial carcinoma 
    Invasive urothelial carcinoma 
    invasive urothelial carcinoma, 右腎盂癌、多発リンパ節転移、肺転移",BLAD_UC
,"Invasive urotherial carcinoma, sarcomatoid variant.",BLAD_UC
,invasive urothelial carcinoma with micropapillary component,BLAD_UC
,Urothelial　carcinoma,BLAD_UC
,invasive urothelial caricnoma,BLAD_UC
,"Invasive urothelial carcinoma,urinary bladder and right ureter.",BLAD_UC
,urothelial　carcinoma,BLAD_UC
,Ｕｒｏｔｈｅｌｉａｌ carcinoma,BLAD_UC
,"Urothelial carcinoma, nested variant",BLAD_UC
,Urotherial carcinoma,BLAD_UC
,urothelial carcinoma(泌尿器科),BLAD_UC
,UROTHELIAL　CARCINOMA　,BLAD_UC
,urothelial carcinoma with squamous diffferentiation,BLAD_UC
,invasive urothelial carcinoma with squamous differentiation,BLAD_UC
,invasive urotherial carcinoma,BLAD_UC
,"Invasive urothelial carcinoma, high grade",BLAD_UC
,Invasive　unothelial carcimoma,BLAD_UC
,Carcinoma,BLAD_Unknown
,metastatic carcinoma,BLAD_Unknown
,,BLAD_Unknown
,carcinoma,BLAD_Unknown
,Urachal adenocarcinoma,BLAD_Urachal
,尿膜管腺癌,BLAD_Urachal
,尿膜管がん（低分化型腺癌＞印環細胞癌）,BLAD_Urachal
,"Mucinous adenocarcinoma, urachal carcinoma",BLAD_Urachal
,尿膜菅癌,BLAD_Urachal
,膀胱腺癌(尿膜管由来adenocarcinoma),BLAD_Urachal
,尿膜管癌,BLAD_Urachal
,Urachal carcinoma,BLAD_Urachal
,Urachal Adenocarcinoma,BLAD_Urachal
,Urachal Ca,BLAD_Urachal
,Adenocarcinoma(尿膜管癌）,BLAD_Urachal
,"Adenocarcinoma,mucinous type,urachal carcinoma",BLAD_Urachal
,"adenocarcinoma, compatible with urachal carcinoma（尿膜管癌）",BLAD_Urachal
,尿道癌,BLAD_Uret
,腎盂癌,BLAD_UTUC
,urothelial carcinoma(腎盂癌）,BLAD_UTUC
,腎盂　尿路上皮癌,BLAD_UTUC
,左尿管癌,BLAD_UTUC
,Invasive urothelial carcinoma of the right ureter and renal pelvis,BLAD_UTUC
,Left ureteral cancer (invasive urothelial carcinoma),BLAD_UTUC
,Urothelial carcinoma of renal pelvis,BLAD_UTUC
,腎盂癌（尿路上皮癌）,BLAD_UTUC
,右腎盂癌（尿路上皮癌）,BLAD_UTUC
,尿管がん,BLAD_UTUC
,Invasive urothelial carcinoma（尿管癌）,BLAD_UTUC
,浸潤性腎盂癌,BLAD_UTUC
,urothelial carcinoma (尿管癌、多発リンパ節転移）,BLAD_UTUC