﻿症例.基本情報.がん種.OncoTree..名称.,症例.背景情報.病理診断名,y
,adenoid cystic cartinoma of the breast,adenoid cystic breast cancer
Adenoid Cystic Breast Cancer (ACBC)_腺様嚢胞癌,Adenoid cystic carcinoma of the breast,adenoid cystic breast cancer
Adenoid Cystic Breast Cancer (ACBC)_腺様嚢胞癌,腺様のう胞癌,adenoid cystic breast cancer
Breast (BREAST)_乳房,adenoid cystic carcinoma,adenoid cystic breast cancer
Adenoid Cystic Breast Cancer (ACBC)_腺様嚢胞癌,Adenoid cystic carcinoma,adenoid cystic breast cancer
,Angiosarcoma,breast angiosarcoma
Breast Angiosarcoma (BA)_血管肉腫,Postradiation angiosarcoma of the breast,breast angiosarcoma
Breast Angiosarcoma (BA)_血管肉腫,左乳房血管肉腫,breast angiosarcoma
Breast Angiosarcoma (BA)_血管肉腫,血管肉腫,breast angiosarcoma
Breast Angiosarcoma (BA)_血管肉腫,血管肉腫、左乳房,breast angiosarcoma
Breast Angiosarcoma (BA)_血管肉腫,Angiosarcoma,breast angiosarcoma
Breast Angiosarcoma (BA)_血管肉腫,angiosarcoma,breast angiosarcoma
Breast Invasive Ductal Carcinoma (IDC)_浸潤性乳管癌,Axillary tumor: accessory mamary gland carcinoma,breast invasive ductal carcinoma
,浸潤性乳管癌,breast invasive ductal carcinoma
,"Invasive ductal carcinoma,solid type",breast invasive ductal carcinoma
,硬癌,breast invasive ductal carcinoma
,invasive ductal carcinoma,breast invasive ductal carcinoma
,"乳がん（Invasive ductal carcinoma, micropapillary and solid-tubular）",breast invasive ductal carcinoma
,Invasive ductal carcinoma.Solid tubular carcinoma.,breast invasive ductal carcinoma
,乳癌,breast invasive ductal carcinoma
,Invasive ductal carcinoma,breast invasive ductal carcinoma
,"Breast cancer inv.ductal carcinoma, skin meta",breast invasive ductal carcinoma
,Invasive ductal carcinoma Scirrhous type,breast invasive ductal carcinoma
,Invasive micropapillary carcinoma,breast invasive ductal carcinoma
,浸潤性乳管癌（硬癌）,breast invasive ductal carcinoma
,浸潤性乳管癌（充実腺管癌）,breast invasive ductal carcinoma
,Scirrhous,breast invasive ductal carcinoma
,腺癌,breast invasive ductal carcinoma
Breast (BREAST)_乳房,Invasive ductal carcinoma,breast invasive ductal carcinoma
,浸潤性乳管がん,breast invasive ductal carcinoma
,Invasive ductal carcinoma of the right breast,breast invasive ductal carcinoma
Breast (BREAST)_乳房,浸潤性乳管癌,breast invasive ductal carcinoma
,"Invasive ductal carcinoma,scirrhous carcinoma",breast invasive ductal carcinoma
,浸潤癌,breast invasive ductal carcinoma
,浸潤性乳管癌　硬性型,breast invasive ductal carcinoma
,左乳癌,breast invasive ductal carcinoma
,Carcinoma,breast invasive ductal carcinoma
,右乳癌,breast invasive ductal carcinoma
,Adenocarcinoma,breast invasive ductal carcinoma
,乳がん,breast invasive ductal carcinoma
,"Invasive ductal carcinoma, scirrhous",breast invasive ductal carcinoma
Breast (BREAST)_乳房,Invasive ductal carcinoma.,breast invasive ductal carcinoma
,Invasive carcinoma,breast invasive ductal carcinoma
Breast (BREAST)_乳房,浸潤性導管癌,breast invasive ductal carcinoma
,invasive breast cancer,breast invasive ductal carcinoma
,Invasive　carcinoma,breast invasive ductal carcinoma
,Scirrhous　carcinoma of the breast,breast invasive ductal carcinoma
,"Invasive ductal carcinoma
Invasive ductal carcinoma",breast invasive ductal carcinoma
,INVASIVE DUCTAL CARCINOMA,breast invasive ductal carcinoma
,ADENOCARCINOMA,breast invasive ductal carcinoma
,Invasive　dutal carucinoma,breast invasive ductal carcinoma
,Highly suspicious of metastatic breast cancer in the lung,breast invasive ductal carcinoma
Breast (BREAST)_乳房,浸潤性硬癌,breast invasive ductal carcinoma
,Invasive　ductal　carcinoma,breast invasive ductal carcinoma
,乳頭腺管癌,breast invasive ductal carcinoma
,Breast Ca. Invasive solid type,breast invasive ductal carcinoma
,"Invasive ductal carcinoma, G3, NG3",breast invasive ductal carcinoma
Breast (BREAST)_乳房,invasive ductal carcinoma scirrhous carcinoma,breast invasive ductal carcinoma
,浸潤性乳癌,breast invasive ductal carcinoma
,Solid tubular carcinoma.,breast invasive ductal carcinoma
,Breast cancer,breast invasive ductal carcinoma
,Invasive DUCTAL CARCINOMA,breast invasive ductal carcinoma
,invasive carcinoma,breast invasive ductal carcinoma
,adenocarcinoma,breast invasive ductal carcinoma
,Invasive ductal carcinoma with apocrine differentiation,breast invasive ductal carcinoma
,乳癌、乳頭腺管癌（右乳癌）,breast invasive ductal carcinoma
,"invasive ductal carcinoma,solid-tubular carcinoma",breast invasive ductal carcinoma
,左乳がん,breast invasive ductal carcinoma
,乳頭腺管がん,breast invasive ductal carcinoma
,"Invasive ductal carcinoma, solid type/invasive carcinoma of no special type (乳がん)",breast invasive ductal carcinoma
,浸潤性乳管癌　硬癌,breast invasive ductal carcinoma
,転移性腺癌（乳癌）,breast invasive ductal carcinoma
,Invasive ductal carcinoma of Breast,breast invasive ductal carcinoma
,invasive ductal carcinoma of breast,breast invasive ductal carcinoma
Breast (BREAST)_乳房,浸潤性乳頭腺管癌,breast invasive ductal carcinoma
,"Invasive carcinoma, Scirrhous carcinoma",breast invasive ductal carcinoma
,粘液がん、混合型,breast invasive ductal carcinoma
,metastatic adenocarcinoma,breast invasive ductal carcinoma
,Invasive　ductal　carcinoma　scirrhous　carcinoma,breast invasive ductal carcinoma
,Invasive ductal carcinoma of breast,breast invasive ductal carcinoma
,乳癌肝転移,breast invasive ductal carcinoma
,新生物，悪性,breast invasive ductal carcinoma
,INVASIVE DUCTAL CARCINOM、RIGHT FEMALE BREAST,breast invasive ductal carcinoma
,乳がん（浸潤性乳管癌）,breast invasive ductal carcinoma
,右乳癌　卵巣転移　癌性腹膜炎,breast invasive ductal carcinoma
,"INVASIVE　DUCTALVE　CALCINOMA, RIGHT BREAST",breast invasive ductal carcinoma
,乳癌 (adenocarcinoma)、肺転移、心嚢水（乳がん）,breast invasive ductal carcinoma
Breast (BREAST)_乳房,metastasis of breast　caricinoma,breast invasive ductal carcinoma
,Invasive ductal carcinoma solid type,breast invasive ductal carcinoma
,Adenocarcinoma（オカルト乳がん）,breast invasive ductal carcinoma
,Carcinoma of breast,breast invasive ductal carcinoma
,"Adequate, malignant, invasive ductal carcinoma, skin",breast invasive ductal carcinoma
,右乳がん,breast invasive ductal carcinoma
Breast (BREAST)_乳房,"invasive ductal carcinoma with medullary features,  triple negative",breast invasive ductal carcinoma
,Breast Invasive Ductal Carcinoma (IDC),breast invasive ductal carcinoma
,ductal carcinoma,breast invasive ductal carcinoma
,Recurrence of breast cancer,breast invasive ductal carcinoma
,Invasive ductal carcinoma (乳癌),breast invasive ductal carcinoma
,左乳癌　骨、肝転移再発,breast invasive ductal carcinoma
,Invasive ductal carcinoma.scirrhous type,breast invasive ductal carcinoma
,invasive ductal cartinoma,breast invasive ductal carcinoma
,Invasive Ductal Carcinoma,breast invasive ductal carcinoma
,Invasive carcinoma (乳癌),breast invasive ductal carcinoma
,"Invasive ductal carcinoma, papillotubular>scirrhous, G2, NG3",breast invasive ductal carcinoma
,浸潤性乳管癌、硬癌,breast invasive ductal carcinoma
,"Invasive ductal carcinoma, solidtubular type with squamous differentiation",breast invasive ductal carcinoma
,"invasive ductal carcinoma, scirrhous type",breast invasive ductal carcinoma
,"Adenocarcinoma, breast cancer, in the preural effusion ",breast invasive ductal carcinoma
,Breast Carcinorma,breast invasive ductal carcinoma
,"Invasive ductal carcinoma,solild-tubular carcinoma",breast invasive ductal carcinoma
,Invasive ductal carcinoma NOS ER(−) PgR(−)HER2(2+) FISH(-) grade2(3-3-1),breast invasive ductal carcinoma
,metastatic adenocarcinoma (Invasive ductal carcinoma ),breast invasive ductal carcinoma
,invasive carcinoma of NST,breast invasive ductal carcinoma
,Invasive ductal carcinoma of the breast,breast invasive ductal carcinoma
,Invasive ductel carcinoma ,breast invasive ductal carcinoma
,Invasive　ductal carcinoma,breast invasive ductal carcinoma
,"Breast ca, Scirrhous（浸潤性乳管癌）",breast invasive ductal carcinoma
,Invasice ductal carcinoma,breast invasive ductal carcinoma
,"浸潤性乳管癌, 肝転移（乳癌）",breast invasive ductal carcinoma
,"Breast Cancer, Invasive ductal carcinoma",breast invasive ductal carcinoma
,転移性肝腫瘍、乳癌再発,breast invasive ductal carcinoma
,浸潤性乳管癌，scirrhous（右乳がん）,breast invasive ductal carcinoma
,adenomcarcinoma　（乳癌）,breast invasive ductal carcinoma
,浸潤性乳管癌、リンパ節転移（左乳がん、腋窩リンパ節転移）,breast invasive ductal carcinoma
,INVASIVE　DUCTAL　CARCINOMA,breast invasive ductal carcinoma
,"Invasive ductal carcinoma, solid-tubular, G3, NG3",breast invasive ductal carcinoma
,Invasive　ductal carcinoma 　,breast invasive ductal carcinoma
,"Invasive ductal carcinoma, solid type, in the lymphnode.",breast invasive ductal carcinoma
,Adenocarcinoma metastatic,breast invasive ductal carcinoma
,"Invasive ductal carcinoma, solid type, breast",breast invasive ductal carcinoma
,Solid-tubular of the breast.,breast invasive ductal carcinoma
,carcinoma of the breast,breast invasive ductal carcinoma
,Invesive Ductal Carcinoma,breast invasive ductal carcinoma
Breast (BREAST)_乳房,浸潤性導管癌（scirrhous〜papillotubular）,breast invasive ductal carcinoma
,Invasive ductal Carcinoma,breast invasive ductal carcinoma
,Invasive dectal carcinoma、solid-type,breast invasive ductal carcinoma
Breast (BREAST)_乳房,乳頭腺管がん,breast invasive ductal carcinoma
Breast (BREAST)_乳房,乳癌,breast invasive ductal carcinoma
,solid tubular carcinoma ,breast invasive ductal carcinoma
,"Invasive ductal carcinoma, scirrhous carcinoma of the right mammary gland",breast invasive ductal carcinoma
Breast (BREAST)_乳房,腺癌（TNB）浸潤性乳管癌,breast invasive ductal carcinoma
,Adenocarcionoma,breast invasive ductal carcinoma
,左浸潤性乳管癌,breast invasive ductal carcinoma
,"Breast cancer,schirrous type",breast invasive ductal carcinoma
Breast (BREAST)_乳房,"Carcinoma, compatible with invsaive ductal carinoma, left breast",breast invasive ductal carcinoma
,Invasive ductal carcinoma.,breast invasive ductal carcinoma
,"invasive ductal carcinoma, scirrhous, G3",breast invasive ductal carcinoma
,Invasive ductal carcinoma of breast ,breast invasive ductal carcinoma
,invasive ductal carcinoma of breast ,breast invasive ductal carcinoma
Breast (BREAST)_乳房,metastatic adenocarcinoma,breast invasive ductal carcinoma
,"Adenocarcinoma, metastatic from the breast",breast invasive ductal carcinoma
,"Invasive ductal carcinoma, scirrhous carcinoma of the right breast",breast invasive ductal carcinoma
Breast (BREAST)_乳房,浸潤性充実腺管癌,breast invasive ductal carcinoma
,"Invasive ductal carcinoma,consistent with metastatic carcinoma.",breast invasive ductal carcinoma
,"Invasive carcinoma, G3, NG",breast invasive ductal carcinoma
,乳癌骨転移,breast invasive ductal carcinoma
,"Invasive ductal carcinoma,solid-tubular carcinoma",breast invasive ductal carcinoma
,"adenocarcinoma, compatible with metastatic invasive ductal carcinoma",breast invasive ductal carcinoma
,浸潤性乳管癌（充実型）,breast invasive ductal carcinoma
,Invasive ductal adenocarcinoma,breast invasive ductal carcinoma
,Metastatic Cancer(Lung),breast invasive ductal carcinoma
,Invasive ductal carcinoma G3NG3　TNBC,breast invasive ductal carcinoma
,浸潤性乳管がん、pap-tub（乳がん）,breast invasive ductal carcinoma
,"Adenocarcinoma, Carcinoma metastasis to the brain、乳管癌脳転移",breast invasive ductal carcinoma
,Papillotubular carcinoma,breast invasive ductal carcinoma
,"invasive ductal carcinoma, left breast",breast invasive ductal carcinoma
,"Carcinoma,metastatic",breast invasive ductal carcinoma
,Scirrhous carcinoma　（乳癌）,breast invasive ductal carcinoma
,scirrhous carcinoma,breast invasive ductal carcinoma
Breast (BREAST)_乳房,invasive ductal carcinoma,breast invasive ductal carcinoma
,invasive ductal carcinama,breast invasive ductal carcinoma
,浸潤性乳管癌　肝転移,breast invasive ductal carcinoma
,invasive adenocarcinoma,breast invasive ductal carcinoma
,"invasive carcinoma,NST",breast invasive ductal carcinoma
,"Lung, lower lobe, lt.: Adenocarcinoma",breast invasive ductal carcinoma
,浸潤性乳管がん　硬性型,breast invasive ductal carcinoma
,"invasive ductal carcinoma,solid-tubular carcinoma,f,Nuclear grade 3,mpT2,ly++,sly+,v-,mastectomy",breast invasive ductal carcinoma
,"Adenocarcinoma, metastatic",breast invasive ductal carcinoma
,Invasive ductal carcinoma (papillotubular ~ scirrhous carcinoma),breast invasive ductal carcinoma
,"invasive ductal carcinoma,scirrhous",breast invasive ductal carcinoma
Breast Invasive Ductal Carcinoma (IDC)_浸潤性乳管癌,浸潤性乳管癌,breast invasive ductal carcinoma
,浸潤性乳管癌、気管転移、Adenocarcinoma（乳癌）,breast invasive ductal carcinoma
,乳癌　浸潤性乳管癌,breast invasive ductal carcinoma
Breast Invasive Ductal Carcinoma (IDC)_浸潤性乳管癌,invasive ductal carcinoma scirrhous carcinoma ,breast invasive ductal carcinoma
,"Invasive carcinoma, NST, Solid-tubular (乳癌)",breast invasive ductal carcinoma
Invasive Breast Carcinoma (BRCA)_浸潤性乳癌,浸潤性乳管癌,breast invasive ductal carcinoma
Breast Invasive Ductal Carcinoma (IDC)_浸潤性乳管癌,腺癌,breast invasive ductal carcinoma
Breast Invasive Ductal Carcinoma (IDC)_浸潤性乳管癌,papillotubular,breast invasive ductal carcinoma
Invasive Breast Carcinoma (BRCA)_浸潤性乳癌,invasive ductal carcinona,breast invasive ductal carcinoma
Breast Invasive Ductal Carcinoma (IDC)_浸潤性乳管癌,乳癌,breast invasive ductal carcinoma
Breast Invasive Ductal Carcinoma (IDC)_浸潤性乳管癌,乳癌　浸潤性乳管癌,breast invasive ductal carcinoma
Breast Invasive Ductal Carcinoma (IDC)_浸潤性乳管癌,Invasive ductal carcinoma,breast invasive ductal carcinoma
Breast Invasive Ductal Carcinoma (IDC)_浸潤性乳管癌,ADENOCARCINOMA,breast invasive ductal carcinoma
,invasvie ductal carcinoma,breast invasive ductal carcinoma
Breast Invasive Ductal Carcinoma (IDC)_浸潤性乳管癌,invasive ductal carcinoma,breast invasive ductal carcinoma
Breast Invasive Ductal Carcinoma (IDC)_浸潤性乳管癌,Breast Invasive Ductal Carcinoma (IDC),breast invasive ductal carcinoma
"Breast Invasive Carcinoma, NOS (BRCNOS)_浸潤性乳癌、特定不能",浸潤性乳管癌,breast invasive ductal carcinoma
"Breast Invasive Carcinoma, NOS (BRCNOS)_浸潤性乳癌、特定不能","Metastatic cancer, breast cancer ",breast invasive ductal carcinoma
Breast Invasive Ductal Carcinoma (IDC)_浸潤性乳管癌,硬癌,breast invasive ductal carcinoma
Breast Invasive Ductal Carcinoma (IDC)_浸潤性乳管癌,浸潤性乳管癌膵転移,breast invasive ductal carcinoma
Inflammatory Breast Cancer (IBC)_炎症性乳癌,breast carcinoma,inflammatory breast cancer
Invasive Breast Carcinoma (BRCA)_浸潤性乳癌,INVASIVE CARCINOMA,breast invasive ductal carcinoma
Breast Invasive Ductal Carcinoma (IDC)_浸潤性乳管癌,Invasive Breast Carcinoma,breast invasive ductal carcinoma
Breast Invasive Ductal Carcinoma (IDC)_浸潤性乳管癌,Invasive ductal carcinoma (左乳癌),breast invasive ductal carcinoma
"Breast Invasive Carcinoma, NOS (BRCNOS)_浸潤性乳癌、特定不能","Invasive ductal carcinoma,right breast",breast invasive ductal carcinoma
Breast Invasive Ductal Carcinoma (IDC)_浸潤性乳管癌,Scirrhous carcinoma,breast invasive ductal carcinoma
Breast Invasive Ductal Carcinoma (IDC)_浸潤性乳管癌,"Invasive ductal carcinoma,scirrhous carcinoma",breast invasive ductal carcinoma
"Breast Invasive Carcinoma, NOS (BRCNOS)_浸潤性乳癌、特定不能",Invasive carcinoma NOS,breast invasive ductal carcinoma
Breast Invasive Ductal Carcinoma (IDC)_浸潤性乳管癌,浸潤性乳管癌　硬性型,breast invasive ductal carcinoma
Breast (BREAST)_乳房,PAPILLOTUBULAR　CARCINOMA,breast invasive ductal carcinoma
Breast Invasive Ductal Carcinoma (IDC)_浸潤性乳管癌,Invasive ductal calcinoma ,breast invasive ductal carcinoma
Breast Invasive Ductal Carcinoma (IDC)_浸潤性乳管癌,Invasive ductal carcinoma(scirrhous carcinoma),breast invasive ductal carcinoma
Breast (BREAST)_乳房,solid-tubular carcinoma,breast invasive ductal carcinoma
"Breast Invasive Cancer, NOS (BRCANOS)_浸潤性乳癌、特定不能",Invasive ductal carcinoma,breast invasive ductal carcinoma
,"Invasive ductal carcinoma
Invasive ductal carcinoma
Invasive ductal carcinoma
Invasive ductal carcinoma
IDC",breast invasive ductal carcinoma
Invasive Breast Carcinoma (BRCA)_浸潤性乳癌,Invasive ductal carcinoma,breast invasive ductal carcinoma
"Breast Invasive Cancer, NOS (BRCANOS)_浸潤性乳癌、特定不能",浸潤性乳管癌,breast invasive ductal carcinoma
Invasive Breast Carcinoma (BRCA)_浸潤性乳癌,Invasive ductal carcinoma(Invasive foci of adenocarcinoma),breast invasive ductal carcinoma
Breast Invasive Ductal Carcinoma (IDC)_浸潤性乳管癌,右乳癌（浸潤性乳管癌）,breast invasive ductal carcinoma
Breast Invasive Ductal Carcinoma (IDC)_浸潤性乳管癌,"Breast Invasive Ductal Carcinoma, scirrhous type（浸潤性乳管がん、右）",breast invasive ductal carcinoma
Invasive Breast Carcinoma (BRCA)_浸潤性乳癌,,breast invasive ductal carcinoma
,"Invasive ductal carcinoma, scirrhous, G3",breast invasive ductal carcinoma
Breast Invasive Ductal Carcinoma (IDC)_浸潤性乳管癌,"Invasive ductal carcinoma, scirrhous type",breast invasive ductal carcinoma
Breast Invasive Ductal Carcinoma (IDC)_浸潤性乳管癌,invasive ductal adenocarcinoma,breast invasive ductal carcinoma
Breast Invasive Ductal Carcinoma (IDC)_浸潤性乳管癌,乳癌　腋窩リンパ節再発,breast invasive ductal carcinoma
Invasive Breast Carcinoma (BRCA)_浸潤性乳癌,ductal carcinoma,breast invasive ductal carcinoma
Breast Invasive Ductal Carcinoma (IDC)_浸潤性乳管癌,右乳癌,breast invasive ductal carcinoma
Invasive Breast Carcinoma (BRCA)_浸潤性乳癌,invasive ductal carcinoma,breast invasive ductal carcinoma
Breast Invasive Ductal Carcinoma (IDC)_浸潤性乳管癌,IDC,breast invasive ductal carcinoma
Breast Invasive Ductal Carcinoma (IDC)_浸潤性乳管癌,INVASIVE　DUCTAL　CARCINOMA,breast invasive ductal carcinoma
Breast Invasive Ductal Carcinoma (IDC)_浸潤性乳管癌,Invasive ductal carcinoma of the right breast,breast invasive ductal carcinoma
Breast Invasive Ductal Carcinoma (IDC)_浸潤性乳管癌,Adenocarcinoma,breast invasive ductal carcinoma
Breast Invasive Ductal Carcinoma (IDC)_浸潤性乳管癌,左乳癌（浸潤性乳管癌）,breast invasive ductal carcinoma
Breast Invasive Ductal Carcinoma (IDC)_浸潤性乳管癌,浸潤性乳管癌硬性型,breast invasive ductal carcinoma
Invasive Breast Carcinoma (BRCA)_浸潤性乳癌,adenocarcinoma,breast invasive ductal carcinoma
Breast Invasive Ductal Carcinoma (IDC)_浸潤性乳管癌,Invasive　ductal　carcinoma,breast invasive ductal carcinoma
"Breast Invasive Cancer, NOS (BRCANOS)_浸潤性乳癌、特定不能","Invasive ductal carcinoma,solid type",breast invasive ductal carcinoma
Breast Invasive Ductal Carcinoma (IDC)_浸潤性乳管癌,"Invasive ductal carcinoma, scirrhous, G2, NG2（左乳癌ＣＡ領域）",breast invasive ductal carcinoma
Breast Invasive Ductal Carcinoma (IDC)_浸潤性乳管癌,浸潤性乳管癌　,breast invasive ductal carcinoma
Breast (BREAST)_乳房,乳がん,breast invasive ductal carcinoma
Invasive Breast Carcinoma (BRCA)_浸潤性乳癌,Invasive metaplastic and ductal cardinoma of the left breast.,breast invasive ductal carcinoma
Breast Invasive Ductal Carcinoma (IDC)_浸潤性乳管癌,Adenocarcinoma (breast),breast invasive ductal carcinoma
,左乳癌　浸潤性乳管癌,breast invasive ductal carcinoma
Breast Invasive Ductal Carcinoma (IDC)_浸潤性乳管癌,,breast invasive ductal carcinoma
Invasive Breast Carcinoma (BRCA)_浸潤性乳癌,硬癌,breast invasive ductal carcinoma
Invasive Breast Carcinoma (BRCA)_浸潤性乳癌,"Invasive ductal carcinoma,solid-tubular cacinoma",breast invasive ductal carcinoma
Breast Invasive Ductal Carcinoma (IDC)_浸潤性乳管癌,"Invasive ductal carcinoma, scirrhous",breast invasive ductal carcinoma
Breast Invasive Ductal Carcinoma (IDC)_浸潤性乳管癌,"Adequate, malignant, invasive ductal cacinoma",breast invasive ductal carcinoma
Breast Invasive Ductal Carcinoma (IDC)_浸潤性乳管癌,invacive ductal carcinoma ,breast invasive ductal carcinoma
,IDC(sol-tub),breast invasive ductal carcinoma
Breast Invasive Ductal Carcinoma (IDC)_浸潤性乳管癌,左乳癌再発（肺、肝、骨、リンパ節）,breast invasive ductal carcinoma
"Breast Invasive Carcinoma, NOS (BRCNOS)_浸潤性乳癌、特定不能",Invasive carcinoma of no special type,breast invasive ductal carcinoma
Invasive Breast Carcinoma (BRCA)_浸潤性乳癌,浸潤性乳癌,breast invasive ductal carcinoma
"Breast Invasive Carcinoma, NOS (BRCNOS)_浸潤性乳癌、特定不能",Invasive ductal carcinoma,breast invasive ductal carcinoma
Breast Invasive Ductal Carcinoma (IDC)_浸潤性乳管癌,Invasive ductal carcinoma of the breast,breast invasive ductal carcinoma
Invasive Breast Carcinoma (BRCA)_浸潤性乳癌,乳癌,breast invasive ductal carcinoma
Breast Invasive Ductal Carcinoma (IDC)_浸潤性乳管癌,浸潤性乳頭腺管癌,breast invasive ductal carcinoma
Breast Invasive Ductal Carcinoma (IDC)_浸潤性乳管癌,左乳癌,breast invasive ductal carcinoma
Breast Invasive Ductal Carcinoma (IDC)_浸潤性乳管癌,invasive ductal carcinima,breast invasive ductal carcinoma
Breast Invasive Ductal Carcinoma (IDC)_浸潤性乳管癌,Invasive carcinoma of nonspecific type,breast invasive ductal carcinoma
Breast Invasive Ductal Carcinoma (IDC)_浸潤性乳管癌,invasive carcinoma of no special type,breast invasive ductal carcinoma
Breast Invasive Ductal Carcinoma (IDC)_浸潤性乳管癌,Invasive ductal carcinoma（右乳癌）,breast invasive ductal carcinoma
Solid Papillary Carcinoma of the Breast (SPC)_充実乳頭癌,乳癌肺転移,breast invasive ductal carcinoma
,Breast Carcinoma(乳癌）,breast invasive ductal carcinoma
Invasive Breast Carcinoma (BRCA)_浸潤性乳癌,IDC  solid type,breast invasive ductal carcinoma
Breast Invasive Ductal Carcinoma (IDC)_浸潤性乳管癌,"Invasive ductal carcinoma, 左乳がん肝転移(Adenocarcinoma)、（左浸潤性乳管癌,肝転移）",breast invasive ductal carcinoma
Breast Invasive Ductal Carcinoma (IDC)_浸潤性乳管癌,"Invasive carcinoma,NST",breast invasive ductal carcinoma
Breast Invasive Ductal Carcinoma (IDC)_浸潤性乳管癌,Invasive carcinoma,breast invasive ductal carcinoma
Breast Invasive Ductal Carcinoma (IDC)_浸潤性乳管癌,invasibe ductal carcinoma,breast invasive ductal carcinoma
Breast Invasive Ductal Carcinoma (IDC)_浸潤性乳管癌,"Invasive ductal carcinoma, scirrhous carcinoma",breast invasive ductal carcinoma
Invasive Breast Carcinoma (BRCA)_浸潤性乳癌,Invasive　carcinoma　with　micropapillary　pattem,breast invasive ductal carcinoma
Breast Invasive Ductal Carcinoma (IDC)_浸潤性乳管癌,breast cancer,breast invasive ductal carcinoma
Breast Invasive Ductal Carcinoma (IDC)_浸潤性乳管癌,Invasive ductal carcinoma of the left breast,breast invasive ductal carcinoma
Breast Invasive Mixed Mucinous Carcinoma (IMMC)_浸潤性乳癌（粘液癌との混合型）,右乳癌,breast invasive ductal carcinoma
Invasive Breast Carcinoma (BRCA)_浸潤性乳癌,Invasive ductal carcinoma of the right breast,breast invasive ductal carcinoma
Breast Invasive Ductal Carcinoma (IDC)_浸潤性乳管癌,"scirrhous carcinoma, solid-tubular carcinoma",breast invasive ductal carcinoma
Breast Invasive Ductal Carcinoma (IDC)_浸潤性乳管癌,METASTATIC　CARCINOMA,breast invasive ductal carcinoma
Breast Invasive Ductal Carcinoma (IDC)_浸潤性乳管癌,浸潤性乳管がん、脳転移（左乳がん）,breast invasive ductal carcinoma
,IDC,breast invasive ductal carcinoma
Breast Invasive Ductal Carcinoma (IDC)_浸潤性乳管癌,Invasive ductal carcinoma of breast,breast invasive ductal carcinoma
Breast Invasive Ductal Carcinoma (IDC)_浸潤性乳管癌,Invasive ductal Carcinoma of breast,breast invasive ductal carcinoma
Breast Invasive Ductal Carcinoma (IDC)_浸潤性乳管癌,invasive carcinoma,breast invasive ductal carcinoma
Breast Invasive Ductal Carcinoma (IDC)_浸潤性乳管癌,"浸潤性乳管癌,皮膚転移（浸潤性乳管癌）",breast invasive ductal carcinoma
Breast Invasive Ductal Carcinoma (IDC)_浸潤性乳管癌,"浸潤性乳管がん,solid type（浸潤性乳管がん）",breast invasive ductal carcinoma
Breast Invasive Ductal Carcinoma (IDC)_浸潤性乳管癌,Metastatic invasive ductal carcinoma,breast invasive ductal carcinoma
Breast Invasive Ductal Carcinoma (IDC)_浸潤性乳管癌,Invasive ductal breast carcinoma,breast invasive ductal carcinoma
Invasive Breast Carcinoma (BRCA)_浸潤性乳癌,Adenocarcinoma,breast invasive ductal carcinoma
Solid Papillary Carcinoma of the Breast (SPC)_充実乳頭癌,Invasive ductal carcinoma,breast invasive ductal carcinoma
Breast Invasive Ductal Carcinoma (IDC)_浸潤性乳管癌,左乳房中央部乳癌,breast invasive ductal carcinoma
Breast Invasive Ductal Carcinoma (IDC)_浸潤性乳管癌,"浸潤性乳管癌,Metastatic Adenocarcinoma（乳がん, 皮下転移）",breast invasive ductal carcinoma
Breast Invasive Ductal Carcinoma (IDC)_浸潤性乳管癌,Breast Invasive Ductal Carcinoma,breast invasive ductal carcinoma
Breast Invasive Ductal Carcinoma (IDC)_浸潤性乳管癌,Carcinoma，compatible with recurrence of left breast cancer,breast invasive ductal carcinoma
Breast Invasive Ductal Carcinoma (IDC)_浸潤性乳管癌,Invasive ductal carcinoma （対側乳房転移）,breast invasive ductal carcinoma
Breast Invasive Ductal Carcinoma (IDC)_浸潤性乳管癌,Lt breast tumor;invasive ductal carcinoma 左乳癌,breast invasive ductal carcinoma
Metaplastic Squamous Cell Carcinoma (MSCC)_扁平上皮癌 ,"Invasive ductal carcinoma,solid type.lt.breast",breast invasive ductal carcinoma
Breast Invasive Ductal Carcinoma (IDC)_浸潤性乳管癌,ＩＮＶＡＳＩＶＥ　ＤＵＣＴＡＬ　ＣＡＲＣＩＮＯＭＡ,breast invasive ductal carcinoma
Breast Invasive Ductal Carcinoma (IDC)_浸潤性乳管癌,scirrhous carcinoma,breast invasive ductal carcinoma
Breast Invasive Ductal Carcinoma (IDC)_浸潤性乳管癌,左浸潤性乳管癌　多発肺・骨転移,breast invasive ductal carcinoma
Breast Invasive Ductal Carcinoma (IDC)_浸潤性乳管癌,確認中,breast invasive ductal carcinoma
Breast Invasive Ductal Carcinoma (IDC)_浸潤性乳管癌,Invasive ductul carcinoma,breast invasive ductal carcinoma
Invasive Breast Carcinoma (BRCA)_浸潤性乳癌,invasive  carcinoma,breast invasive ductal carcinoma
Breast Invasive Ductal Carcinoma (IDC)_浸潤性乳管癌,Rt breast cancer: invasive ductal carcinoma 　右乳癌,breast invasive ductal carcinoma
Breast Invasive Ductal Carcinoma (IDC)_浸潤性乳管癌,Invasive ductal carcinoma(scirrhous type carcinoma),breast invasive ductal carcinoma
"Breast Invasive Carcinoma, NOS (BRCNOS)_浸潤性乳癌、特定不能",,breast invasive ductal carcinoma
Breast Invasive Ductal Carcinoma (IDC)_浸潤性乳管癌,Invasive ductal carcinoma ,breast invasive ductal carcinoma
Breast Invasive Ductal Carcinoma (IDC)_浸潤性乳管癌,Invasive carcinoma NST Solid tubular,breast invasive ductal carcinoma
Breast Invasive Ductal Carcinoma (IDC)_浸潤性乳管癌,Breast Invasive ductal Carcinoma,breast invasive ductal carcinoma
Breast Invasive Ductal Carcinoma (IDC)_浸潤性乳管癌,invasive ductalca,breast invasive ductal carcinoma
Breast Invasive Ductal Carcinoma (IDC)_浸潤性乳管癌,Invasive  ductal  carcinoma,breast invasive ductal carcinoma
Breast Invasive Mixed Mucinous Carcinoma (IMMC)_浸潤性乳癌（粘液癌との混合型）,浸潤性乳管癌,breast invasive ductal carcinoma
Breast Invasive Ductal Carcinoma (IDC)_浸潤性乳管癌,乳癌肝転移、,breast invasive ductal carcinoma
Breast Invasive Ductal Carcinoma (IDC)_浸潤性乳管癌,invasive  ductal   carcinoma,breast invasive ductal carcinoma
Breast Invasive Ductal Carcinoma (IDC)_浸潤性乳管癌,Invasive 　ductal 　carcinoma,breast invasive ductal carcinoma
Breast Invasive Ductal Carcinoma (IDC)_浸潤性乳管癌,浸潤性乳管がん、リンパ節転移、Adenocarcinoma（浸潤性乳管がん）,breast invasive ductal carcinoma
Breast Invasive Ductal Carcinoma (IDC)_浸潤性乳管癌,Invasive　carcinoma,breast invasive ductal carcinoma
Breast Invasive Ductal Carcinoma (IDC)_浸潤性乳管癌,Metastatic carcinoma,breast invasive ductal carcinoma
Invasive Breast Carcinoma (BRCA)_浸潤性乳癌,乳癌再発,breast invasive ductal carcinoma
Invasive Breast Carcinoma (BRCA)_浸潤性乳癌,"Breast cancer, papillotublar carcinoma",breast invasive ductal carcinoma
Breast Invasive Ductal Carcinoma (IDC)_浸潤性乳管癌,Carcinoma,breast invasive ductal carcinoma
Breast Invasive Ductal Carcinoma (IDC)_浸潤性乳管癌,Breast Invasive Ductal Cartinoma,breast invasive ductal carcinoma
Breast Invasive Ductal Carcinoma (IDC)_浸潤性乳管癌,Invasive ductal carcinoma with apocrine feature,breast invasive ductal carcinoma
Breast Invasive Ductal Carcinoma (IDC)_浸潤性乳管癌,"invasive ductal carcinoma,solid tubular",breast invasive ductal carcinoma
Breast Invasive Ductal Carcinoma (IDC)_浸潤性乳管癌,Invasive ductal carcinoma. scirrhous carcinoma（浸潤性乳管がん）,breast invasive ductal carcinoma
Breast Invasive Ductal Carcinoma (IDC)_浸潤性乳管癌,invasive ductal carcinoma ,breast invasive ductal carcinoma
Breast Invasive Ductal Carcinoma (IDC)_浸潤性乳管癌,INVASIVE DUCTAL CARCINOMA,breast invasive ductal carcinoma
"Breast Invasive Cancer, NOS (BRCANOS)_浸潤性乳癌、特定不能",乳癌　浸潤性乳癌,breast invasive ductal carcinoma
Breast Invasive Ductal Carcinoma (IDC)_浸潤性乳管癌,invasive ductal carcinoma (浸潤性乳管癌),breast invasive ductal carcinoma
Breast Invasive Ductal Carcinoma (IDC)_浸潤性乳管癌,invasive ductal carcinoma (breast),breast invasive ductal carcinoma
Breast Invasive Ductal Carcinoma (IDC)_浸潤性乳管癌,solid-tub,breast invasive ductal carcinoma
Invasive Breast Carcinoma (BRCA)_浸潤性乳癌,浸潤性導管癌,breast invasive ductal carcinoma
Breast Invasive Ductal Carcinoma (IDC)_浸潤性乳管癌,乳癌　転移性肺腫瘍,breast invasive ductal carcinoma
Invasive Breast Carcinoma (BRCA)_浸潤性乳癌,Invasive breast carcinoma,breast invasive ductal carcinoma
"Breast Invasive Cancer, NOS (BRCANOS)_浸潤性乳癌、特定不能",Adenocarcinoma,breast invasive ductal carcinoma
Breast Invasive Ductal Carcinoma (IDC)_浸潤性乳管癌,浸潤性乳管癌、scerrhous carcinoma,breast invasive ductal carcinoma
Breast Invasive Ductal Carcinoma (IDC)_浸潤性乳管癌,"metastatic carcinoma, of the right axillar lymph node",breast invasive ductal carcinoma
"Breast Invasive Cancer, NOS (BRCANOS)_浸潤性乳癌、特定不能",左乳癌,breast invasive ductal carcinoma
Breast Invasive Ductal Carcinoma (IDC)_浸潤性乳管癌,浸潤性乳管癌、硬性型,breast invasive ductal carcinoma
Breast Invasive Ductal Carcinoma (IDC)_浸潤性乳管癌,Invasive ductal carcinoma scirrhous type,breast invasive ductal carcinoma
Breast Invasive Ductal Carcinoma (IDC)_浸潤性乳管癌,Invasive ductal carcinoma Solid tubular carcinoma,breast invasive ductal carcinoma
Invasive Breast Carcinoma (BRCA)_浸潤性乳癌,invasive solid-tubular carcinoma,breast invasive ductal carcinoma
Breast Invasive Ductal Carcinoma (IDC)_浸潤性乳管癌,adenocarcinoma,breast invasive ductal carcinoma
Breast Invasive Ductal Carcinoma (IDC)_浸潤性乳管癌,Invasive ductal carcinoma（浸潤性乳管がん、右腋窩リンパ節転移）,breast invasive ductal carcinoma
Breast Invasive Ductal Carcinoma (IDC)_浸潤性乳管癌,breast cancer invasive ductal carcinoma,breast invasive ductal carcinoma
Breast (BREAST)_乳房,"右局所進行乳癌,右腋周リンパ節,停胸骨リンパ節転移",breast invasive ductal carcinoma
Breast Invasive Ductal Carcinoma (IDC)_浸潤性乳管癌,Invasive ductal carcinoma.papillotubular type,breast invasive ductal carcinoma
Breast Invasive Ductal Carcinoma (IDC)_浸潤性乳管癌,invasive carcinoma of no special type ,breast invasive ductal carcinoma
Invasive Breast Carcinoma (BRCA)_浸潤性乳癌,"Carcinoma, metastatic",breast invasive ductal carcinoma
Breast Invasive Ductal Carcinoma (IDC)_浸潤性乳管癌,Invasive ductal carcinoma (breast),breast invasive ductal carcinoma
Breast (BREAST)_乳房,左乳癌,breast invasive ductal carcinoma
Breast Invasive Ductal Carcinoma (IDC)_浸潤性乳管癌,"Epithelial tumor, malignant. Invasive ductal carcinoma(scirrhous carcinoma) （左浸潤性乳管癌）",breast invasive ductal carcinoma
Breast Invasive Ductal Carcinoma (IDC)_浸潤性乳管癌,"Epithelial tumor, malignant. Invasive ductal carcinoma (scirrhous carcinoma)（浸潤性乳管癌）",breast invasive ductal carcinoma
Breast Invasive Ductal Carcinoma (IDC)_浸潤性乳管癌,Residual invasive ductal carcinoma,breast invasive ductal carcinoma
Invasive Breast Carcinoma (BRCA)_浸潤性乳癌,"Carcinoma, see comments",breast invasive ductal carcinoma
Breast Invasive Ductal Carcinoma (IDC)_浸潤性乳管癌,Invasive ductal carcinoma　of breast,breast invasive ductal carcinoma
Breast Invasive Ductal Carcinoma (IDC)_浸潤性乳管癌,invasive ductul carcinoma,breast invasive ductal carcinoma
Breast Invasive Ductal Carcinoma (IDC)_浸潤性乳管癌,"Epithelial tumor, malignant. Invasive ductal carcinoma (solid-tubular carcinoma)（浸潤性乳管がん）",breast invasive ductal carcinoma
"Breast Invasive Carcinoma, NOS (BRCNOS)_浸潤性乳癌、特定不能",腺癌,breast invasive ductal carcinoma
Breast Invasive Ductal Carcinoma (IDC)_浸潤性乳管癌,Invasive  carcinoma of no special type,breast invasive ductal carcinoma
Breast Invasive Ductal Carcinoma (IDC)_浸潤性乳管癌,Invasive ductal carcinoma (Scirrhous type),breast invasive ductal carcinoma
Breast Invasive Ductal Carcinoma (IDC)_浸潤性乳管癌,Invasive Ductal Carcinoma,breast invasive ductal carcinoma
Breast Invasive Ductal Carcinoma (IDC)_浸潤性乳管癌,"Invasive ductal carcinoma, scirrhous type, left breast",breast invasive ductal carcinoma
Breast Invasive Ductal Carcinoma (IDC)_浸潤性乳管癌,Breast Invasive ductal carcinoma,breast invasive ductal carcinoma
Breast Invasive Ductal Carcinoma (IDC)_浸潤性乳管癌,Residual carcinoma post neoadjuvant chemotherapy,breast invasive ductal carcinoma
Breast Invasive Ductal Carcinoma (IDC)_浸潤性乳管癌,Invasive ductal carcinoma solid type,breast invasive ductal carcinoma
Breast Invasive Ductal Carcinoma (IDC)_浸潤性乳管癌,breast invasive ductal carcinoma,breast invasive ductal carcinoma
"Breast Invasive Carcinoma, NOS (BRCNOS)_浸潤性乳癌、特定不能","Epithelial tumor, malignant. Invasive carcinoma.（浸潤性乳がん、腹部転移）",breast invasive ductal carcinoma
Breast Invasive Ductal Carcinoma (IDC)_浸潤性乳管癌,"Invasive ductal carcinoma,solid-tubular",breast invasive ductal carcinoma
Breast Invasive Ductal Carcinoma (IDC)_浸潤性乳管癌,Invasive ductal cancer of the breast.,breast invasive ductal carcinoma
Breast Invasive Ductal Carcinoma (IDC)_浸潤性乳管癌,浸潤性乳管癌（腺癌）,breast invasive ductal carcinoma
Breast Invasive Ductal Carcinoma (IDC)_浸潤性乳管癌,Metastatic carcinoma.,breast invasive ductal carcinoma
Breast Invasive Ductal Carcinoma (IDC)_浸潤性乳管癌,浸潤性乳管癌、尿管転移,breast invasive ductal carcinoma
Breast Invasive Ductal Carcinoma (IDC)_浸潤性乳管癌,Invasive ductal carcinoma.,breast invasive ductal carcinoma
"Breast Invasive Carcinoma, NOS (BRCNOS)_浸潤性乳癌、特定不能",Invasive carcinoma,breast invasive ductal carcinoma
Breast Invasive Ductal Carcinoma (IDC)_浸潤性乳管癌,左乳癌　腋窩リンパ節　骨転移再発,breast invasive ductal carcinoma
Breast Invasive Ductal Carcinoma (IDC)_浸潤性乳管癌,Breast invasive ductal carainoma. Metastatic liver cancer originated from the breast（浸潤性乳管癌、肝転移）,breast invasive ductal carcinoma
"Breast Invasive Cancer, NOS (BRCANOS)_浸潤性乳癌、特定不能","breast cancer, Invasive ductal carcinoma",breast invasive ductal carcinoma
Breast Invasive Ductal Carcinoma (IDC)_浸潤性乳管癌,"左浸潤性乳管癌　Left breast, invasive ductal carcinoma, scirrhous carcinoma",breast invasive ductal carcinoma
Invasive Breast Carcinoma (BRCA)_浸潤性乳癌,metastatic adenocarcinoma,breast invasive ductal carcinoma
Breast Invasive Ductal Carcinoma (IDC)_浸潤性乳管癌,invasive ductal carcinoma　triple negative type,breast invasive ductal carcinoma
Breast Invasive Ductal Carcinoma (IDC)_浸潤性乳管癌,"Invasive dactal carcinoma,scirrhous type",breast invasive ductal carcinoma
Breast Invasive Ductal Carcinoma (IDC)_浸潤性乳管癌,IDC solid-tubular carcinoma,breast invasive ductal carcinoma
Breast Invasive Ductal Carcinoma (IDC)_浸潤性乳管癌,IDC scirrouhous ,breast invasive ductal carcinoma
Breast Invasive Ductal Carcinoma (IDC)_浸潤性乳管癌,"invasive ductal carcinoma, scirrhous carcinoma",breast invasive ductal carcinoma
Breast Invasive Ductal Carcinoma (IDC)_浸潤性乳管癌,Adenocarcinoma involving the liver（浸潤性乳管がん、肝転移）,breast invasive ductal carcinoma
Breast Invasive Ductal Carcinoma (IDC)_浸潤性乳管癌,Invasive ductal carcinoma of right breast,breast invasive ductal carcinoma
Breast Invasive Ductal Carcinoma (IDC)_浸潤性乳管癌,"Invasive ductal carcinoma,solid type",breast invasive ductal carcinoma
Invasive Breast Carcinoma (BRCA)_浸潤性乳癌,Invasive Breast Carcinoma ,breast invasive ductal carcinoma
Breast Invasive Ductal Carcinoma (IDC)_浸潤性乳管癌,浸潤性乳管癌、硬癌,breast invasive ductal carcinoma
"Breast Invasive Carcinoma, NOS (BRCNOS)_浸潤性乳癌、特定不能",新生物，悪性,breast invasive ductal carcinoma
Invasive Breast Carcinoma (BRCA)_浸潤性乳癌,Carcinoma,breast invasive ductal carcinoma
Breast Invasive Ductal Carcinoma (IDC)_浸潤性乳管癌,invasive ductal cartinoma,breast invasive ductal carcinoma
Breast Invasive Ductal Carcinoma (IDC)_浸潤性乳管癌,invasive ductal carcinoma solid type,breast invasive ductal carcinoma
Breast Invasive Ductal Carcinoma (IDC)_浸潤性乳管癌,浸潤性導管癌,breast invasive ductal carcinoma
Breast Invasive Ductal Carcinoma (IDC)_浸潤性乳管癌,ductal carcinoma,breast invasive ductal carcinoma
Breast Invasive Ductal Carcinoma (IDC)_浸潤性乳管癌,浸潤性充実腺管癌,breast invasive ductal carcinoma
Invasive Breast Carcinoma (BRCA)_浸潤性乳癌,"Invasive ductal carcinoma, tubule forming type, G3, NG3",breast invasive ductal carcinoma
Breast Invasive Ductal Carcinoma (IDC)_浸潤性乳管癌,浸潤性導管癌，ＮＯＳ,breast invasive ductal carcinoma
Breast Invasive Ductal Carcinoma (IDC)_浸潤性乳管癌,"Metastasizing bone cancer originated from the breast, adenocarcinoma with tubule formation and scirrhous invasion（浸潤性乳管癌,骨転移）",breast invasive ductal carcinoma
Breast Invasive Ductal Carcinoma (IDC)_浸潤性乳管癌,Invasive ductal carcinoma（浸潤性乳管がん）,breast invasive ductal carcinoma
Invasive Breast Carcinoma (BRCA)_浸潤性乳癌,Ｉｎｖａｓｉｖｅ　ｄｕｃｔａｌ　ｃａｒｃｉｎｏｍａ,breast invasive ductal carcinoma
Breast Invasive Ductal Carcinoma (IDC)_浸潤性乳管癌,carcinoma,breast invasive ductal carcinoma
Breast Invasive Ductal Carcinoma (IDC)_浸潤性乳管癌,"Invasive ductal carcinome, scirrhous cartinoma",breast invasive ductal carcinoma
Breast Invasive Ductal Carcinoma (IDC)_浸潤性乳管癌,Invasive　ductal carcinoma,breast invasive ductal carcinoma
Breast Invasive Ductal Carcinoma (IDC)_浸潤性乳管癌,浸潤性硬癌,breast invasive ductal carcinoma
Breast Invasive Ductal Carcinoma (IDC)_浸潤性乳管癌,"Invasive ductal carcinoma, scirrhous carcinoma, of the breast.",breast invasive ductal carcinoma
Breast Invasive Ductal Carcinoma (IDC)_浸潤性乳管癌,Metastatic adenocarcinoma（浸潤性乳管癌、脳転移）,breast invasive ductal carcinoma
Breast Invasive Ductal Carcinoma (IDC)_浸潤性乳管癌,"Finding　probably coｍpatible with ductal carcinoma,early invasive papillotubular of the right breast",breast invasive ductal carcinoma
"Breast Invasive Cancer, NOS (BRCANOS)_浸潤性乳癌、特定不能",腺癌,breast invasive ductal carcinoma
Breast Invasive Ductal Carcinoma (IDC)_浸潤性乳管癌,転移性乳癌,breast invasive ductal carcinoma
"Breast Neoplasm, NOS (BNNOS)_乳腺新生物、特定不能",Adenocarcinoma,breast invasive ductal carcinoma
Breast Invasive Ductal Carcinoma (IDC)_浸潤性乳管癌,"invasive ductal carcinoma of the rt.breast,apocrine carcinoma",breast invasive ductal carcinoma
Breast Invasive Ductal Carcinoma (IDC)_浸潤性乳管癌,Invasive carcinoma of no special type,breast invasive ductal carcinoma
Invasive Breast Carcinoma (BRCA)_浸潤性乳癌,Metastatic carcinoma Liver,breast invasive ductal carcinoma
Breast Invasive Ductal Carcinoma (IDC)_浸潤性乳管癌,Invasive ductal　carcinoma　of the right breast,breast invasive ductal carcinoma
Breast Invasive Ductal Carcinoma (IDC)_浸潤性乳管癌,Ductal carcinoma,breast invasive ductal carcinoma
Breast Invasive Ductal Carcinoma (IDC)_浸潤性乳管癌,局所進行乳癌（左）,breast invasive ductal carcinoma
Breast Invasive Ductal Carcinoma (IDC)_浸潤性乳管癌,Invasive carcinoma of no special type.,breast invasive ductal carcinoma
Breast Invasive Ductal Carcinoma (IDC)_浸潤性乳管癌,Breast  cancer,breast invasive ductal carcinoma
Breast Invasive Ductal Carcinoma (IDC)_浸潤性乳管癌,乳腺・浸潤性乳管癌,breast invasive ductal carcinoma
Breast Invasive Ductal Carcinoma (IDC)_浸潤性乳管癌,Invasive ductal Carcinoma,breast invasive ductal carcinoma
Inflammatory Breast Cancer (IBC)_炎症性乳癌,Invasive carcinoma of the breast,inflammatory breast cancer
Breast Invasive Ductal Carcinoma (IDC)_浸潤性乳管癌,Breast Invasive Ductal Carcinoma ,breast invasive ductal carcinoma
Invasive Breast Carcinoma (BRCA)_浸潤性乳癌,"Invasive ductal carcinoma, solid type",breast invasive ductal carcinoma
Breast Invasive Ductal Carcinoma (IDC)_浸潤性乳管癌,Scirrhous carcinoma based on solid tubular carcinoma,breast invasive ductal carcinoma
Breast Invasive Ductal Carcinoma (IDC)_浸潤性乳管癌,solid-tubular carcinoma,breast invasive ductal carcinoma
Breast Invasive Ductal Carcinoma (IDC)_浸潤性乳管癌,Breast Invasive Ductal Carcinoma（IDC）,breast invasive ductal carcinoma
Invasive Breast Carcinoma (BRCA)_浸潤性乳癌,"Incasive ductal carcinoma, scirrhous carcinoma",breast invasive ductal carcinoma
Breast Invasive Ductal Carcinoma (IDC)_浸潤性乳管癌,Invasive Ductal carcinoma,breast invasive ductal carcinoma
Invasive Breast Carcinoma (BRCA)_浸潤性乳癌,トリプルネガティブ乳がん,breast invasive ductal carcinoma
Breast Invasive Ductal Carcinoma (IDC)_浸潤性乳管癌,浸潤性乳管癌（充実型>硬性型),breast invasive ductal carcinoma
Breast Invasive Ductal Carcinoma (IDC)_浸潤性乳管癌,右乳癌　多発骨転移,breast invasive ductal carcinoma
Breast Invasive Ductal Carcinoma (IDC)_浸潤性乳管癌,Invasive ductal carcinoma of the breast.,breast invasive ductal carcinoma
Breast Invasive Ductal Carcinoma (IDC)_浸潤性乳管癌,"Invasive ductal carcinoma, G2, NG2",breast invasive ductal carcinoma
Breast Invasive Ductal Carcinoma (IDC)_浸潤性乳管癌,Papillotubular carcinoma,breast invasive ductal carcinoma
Breast (BREAST)_乳房,浸潤性乳管癌充実型,breast invasive ductal carcinoma
Breast Invasive Ductal Carcinoma (IDC)_浸潤性乳管癌,Invasive ductal carcinoma Scirous carcinoma,breast invasive ductal carcinoma
Breast Invasive Ductal Carcinoma (IDC)_浸潤性乳管癌,"Invasive ductal carcinoma of the right breast,",breast invasive ductal carcinoma
Breast Invasive Ductal Carcinoma (IDC)_浸潤性乳管癌,Invasive ductal carcinoma; right breast,breast invasive ductal carcinoma
Breast Invasive Ductal Carcinoma (IDC)_浸潤性乳管癌,"Invasive ductal carcinoma,breast",breast invasive ductal carcinoma
Breast Invasive Ductal Carcinoma (IDC)_浸潤性乳管癌,Invasive ductal carcionoma,breast invasive ductal carcinoma
Breast Invasive Ductal Carcinoma (IDC)_浸潤性乳管癌,浸潤性乳管癌、充実型,breast invasive ductal carcinoma
Invasive Breast Carcinoma (BRCA)_浸潤性乳癌,浸潤性乳管がん,breast invasive ductal carcinoma
Breast Invasive Ductal Carcinoma (IDC)_浸潤性乳管癌,Invasive ductal carcinoma with situ,breast invasive ductal carcinoma
Breast Invasive Ductal Carcinoma (IDC)_浸潤性乳管癌,invasive ductal carcinoma（乳房）,breast invasive ductal carcinoma
Breast Invasive Ductal Carcinoma (IDC)_浸潤性乳管癌,Invasive ductal carcinoma.papillotubular>solid tubular>scirrhous carcinoma,breast invasive ductal carcinoma
Invasive Breast Carcinoma (BRCA)_浸潤性乳癌,"invasive carcinoma, solid type（浸潤性乳癌）",breast invasive ductal carcinoma
Breast Invasive Ductal Carcinoma (IDC)_浸潤性乳管癌,metastasis of breast cancer,breast invasive ductal carcinoma
Breast Invasive Mixed Mucinous Carcinoma (IMMC)_浸潤性乳癌（粘液癌との混合型）,"Invasive ductal carcinoma, mucinous carcinoma（右乳癌）",breast invasive ductal carcinoma
Breast Invasive Ductal Carcinoma (IDC)_浸潤性乳管癌,metastatic carcinoma,breast invasive ductal carcinoma
Breast Invasive Ductal Carcinoma (IDC)_浸潤性乳管癌,乳腺 浸潤性乳管癌,breast invasive ductal carcinoma
Breast Invasive Ductal Carcinoma (IDC)_浸潤性乳管癌,腺管形成型浸潤性乳管癌,breast invasive ductal carcinoma
Breast Invasive Ductal Carcinoma (IDC)_浸潤性乳管癌,"Breast cancer, invasive ductal carcinoma, scirrhous carcinoma",breast invasive ductal carcinoma
Breast Invasive Ductal Carcinoma (IDC)_浸潤性乳管癌, Invasive ductal carcinoma,breast invasive ductal carcinoma
Breast Invasive Ductal Carcinoma (IDC)_浸潤性乳管癌,Invasive ductal carcinoma Scirrhous carcinoma,breast invasive ductal carcinoma
Breast Invasive Ductal Carcinoma (IDC)_浸潤性乳管癌,"Breast carcinoma, invasive ductal carcinoma.",breast invasive ductal carcinoma
Breast Invasive Ductal Carcinoma (IDC)_浸潤性乳管癌,invasive ductal carcinoma of the left breast with fat infiltration.,breast invasive ductal carcinoma
Breast Invasive Ductal Carcinoma (IDC)_浸潤性乳管癌,invasive ductal carcinoma + schirrous carcinoma,breast invasive ductal carcinoma
"Breast Invasive Carcinoma, NOS (BRCNOS)_浸潤性乳癌、特定不能",scirrhous carcinoma,breast invasive ductal carcinoma
Breast Invasive Ductal Carcinoma (IDC)_浸潤性乳管癌,"Ｉnvasive ductal carcinoma, solid type ＞ Scirrhous type（右乳房上外側部乳癌）",breast invasive ductal carcinoma
Breast Invasive Ductal Carcinoma (IDC)_浸潤性乳管癌,浸潤性乳管がん,breast invasive ductal carcinoma
Breast Invasive Ductal Carcinoma (IDC)_浸潤性乳管癌,invaseve ductal carcinoma (breast),breast invasive ductal carcinoma
Solid Papillary Carcinoma of the Breast (SPC)_充実乳頭癌,乳頭癌,breast invasive ductal carcinoma
Invasive Breast Carcinoma (BRCA)_浸潤性乳癌,invasive carcinoma,breast invasive ductal carcinoma
Breast Invasive Ductal Carcinoma (IDC)_浸潤性乳管癌,"Invasive carcinoma, scirrhous carcinoma（左乳癌）",breast invasive ductal carcinoma
Invasive Breast Carcinoma (BRCA)_浸潤性乳癌,腺癌,breast invasive ductal carcinoma
Breast Invasive Ductal Carcinoma (IDC)_浸潤性乳管癌,Metastatic breast carcinoma,breast invasive ductal carcinoma
Breast Invasive Ductal Carcinoma (IDC)_浸潤性乳管癌,腺癌の転移,breast invasive ductal carcinoma
Breast Invasive Ductal Carcinoma (IDC)_浸潤性乳管癌,"invasive ductal carcinoma, breast",breast invasive ductal carcinoma
Breast Invasive Ductal Carcinoma (IDC)_浸潤性乳管癌,左浸潤性乳管癌,breast invasive ductal carcinoma
Breast Invasive Ductal Carcinoma (IDC)_浸潤性乳管癌, Invasive Ductal Carcinoma ,breast invasive ductal carcinoma
Breast Invasive Ductal Carcinoma (IDC)_浸潤性乳管癌,"INVASIVE DUCTAL CARCINOMA 
 
INVASIVE DUCTAL CARCINOMA 
Invasive ductal carcinoma",breast invasive ductal carcinoma
Breast Invasive Ductal Carcinoma (IDC)_浸潤性乳管癌,"Invasive ductal carcinoma,solid-tubular carcinoma",breast invasive ductal carcinoma
Invasive Breast Carcinoma (BRCA)_浸潤性乳癌,浸潤性乳管癌（硬性型）,breast invasive ductal carcinoma
Invasive Breast Carcinoma (BRCA)_浸潤性乳癌,Invasive ductal carcinoma (乳癌）,breast invasive ductal carcinoma
Invasive Breast Carcinoma (BRCA)_浸潤性乳癌,再発乳がん,breast invasive ductal carcinoma
"Breast Neoplasm, NOS (BNNOS)_乳腺新生物、特定不能","Carcinoma, metastatic",breast invasive ductal carcinoma
Invasive Breast Carcinoma (BRCA)_浸潤性乳癌,"Invasive carcinoma NST (others), metastatic（乳癌）",breast invasive ductal carcinoma
Breast Invasive Ductal Carcinoma (IDC)_浸潤性乳管癌,"Adenocarcinoma, metastatic, pericardial effusion (cell block)（乳癌）",breast invasive ductal carcinoma
Breast Invasive Ductal Carcinoma (IDC)_浸潤性乳管癌,"Invasive ductar carcinoma, Breast carcinoma(浸潤性乳管がん)",breast invasive ductal carcinoma
Breast Invasive Ductal Carcinoma (IDC)_浸潤性乳管癌,"Invasive ductal carcinoma, scirrhous carcinoma（浸潤性乳管がん）",breast invasive ductal carcinoma
Breast Invasive Ductal Carcinoma (IDC)_浸潤性乳管癌,Invasive ductal carcinoma of no special type,breast invasive ductal carcinoma
Breast Invasive Ductal Carcinoma (IDC)_浸潤性乳管癌,Invasive breast carcinoma,breast invasive ductal carcinoma
Breast Invasive Ductal Carcinoma (IDC)_浸潤性乳管癌,"Invasive ductal carcinoma,Solid-tubular carcinoma（浸潤性乳管癌）",breast invasive ductal carcinoma
Breast Invasive Mixed Mucinous Carcinoma (IMMC)_浸潤性乳癌（粘液癌との混合型）,invasive ductal carcinoma,breast invasive ductal carcinoma
Metaplastic Adenocarcinoma with Spindle Cell Differentiation (MASCC)_紡錘細胞癌,Breast Invasive Ductal Carcinoma ,breast invasive ductal carcinoma
Breast Invasive Ductal Carcinoma (IDC)_浸潤性乳管癌,"Left breast cancer, invasive ductal carcinoma, schirrhous carcinoma",breast invasive ductal carcinoma
Invasive Breast Carcinoma (BRCA)_浸潤性乳癌,Invasive carcinoma,breast invasive ductal carcinoma
Breast Invasive Ductal Carcinoma (IDC)_浸潤性乳管癌,乳がん　浸潤性乳管がん,breast invasive ductal carcinoma
Invasive Breast Carcinoma (BRCA)_浸潤性乳癌,浸潤性乳頭腺管癌,breast invasive ductal carcinoma
Breast Invasive Ductal Carcinoma (IDC)_浸潤性乳管癌,invasive ductal carcinoma scirrhous type,breast invasive ductal carcinoma
Breast Invasive Ductal Carcinoma (IDC)_浸潤性乳管癌,"Invasive Ductal Carcinoma, right breast ",breast invasive ductal carcinoma
Breast Invasive Ductal Carcinoma (IDC)_浸潤性乳管癌,乳腺・女性生殖器腫瘍 乳腺 浸潤性乳管癌,breast invasive ductal carcinoma
Breast Invasive Ductal Carcinoma (IDC)_浸潤性乳管癌,湿潤性乳管癌,breast invasive ductal carcinoma
"Breast Invasive Cancer, NOS (BRCANOS)_浸潤性乳癌、特定不能","Invasive ductal carcinoma,other type()",breast invasive ductal carcinoma
Invasive Breast Carcinoma (BRCA)_浸潤性乳癌,Invasive  breast carcinoma,breast invasive ductal carcinoma
Breast Invasive Ductal Carcinoma (IDC)_浸潤性乳管癌,invasive ductal carcioma,breast invasive ductal carcinoma
"Breast Neoplasm, NOS (BNNOS)_乳腺新生物、特定不能","Breast Neoplasm, NOS (BNNOS)",breast invasive ductal carcinoma
Breast Invasive Ductal Carcinoma (IDC)_浸潤性乳管癌,invasive ductal carcinoma(浸潤性乳管がん）,breast invasive ductal carcinoma
Breast Invasive Ductal Carcinoma (IDC)_浸潤性乳管癌,Invasive　breast　cancer,breast invasive ductal carcinoma
Breast Invasive Ductal Carcinoma (IDC)_浸潤性乳管癌,Metastatic ductal carcinoma from breast cancer (皮膚　乳癌硬癌転移),breast invasive ductal carcinoma
Breast Invasive Ductal Carcinoma (IDC)_浸潤性乳管癌,"INVASIVE DUCTAL CARCINOMA,PAPILLOTUBULAR CARCINOMA",breast invasive ductal carcinoma
Breast Invasive Ductal Carcinoma (IDC)_浸潤性乳管癌,"left breast carcinoma, invasive ductal carcinoma",breast invasive ductal carcinoma
Breast Invasive Ductal Carcinoma (IDC)_浸潤性乳管癌,Invasive ductal carcinoma of the left breast  scirrhous type,breast invasive ductal carcinoma
Breast (BREAST)_乳房,"invasive ductal carcinoma,schirrhous type",breast invasive ductal carcinoma
Breast Invasive Ductal Carcinoma (IDC)_浸潤性乳管癌,"Invasive ductal carcinoma, scirrhous type（左乳頭部乳癌）",breast invasive ductal carcinoma
Invasive Breast Carcinoma (BRCA)_浸潤性乳癌,Invasive Breast Carcinoma (BRCA),breast invasive ductal carcinoma
Invasive Breast Carcinoma (BRCA)_浸潤性乳癌,"Invasive ductal　carcinoma,scirrhous carcinoma",breast invasive ductal carcinoma
Breast Invasive Ductal Carcinoma (IDC)_浸潤性乳管癌,Invasive Ductal Carcinoma (IDC),breast invasive ductal carcinoma
Breast (BREAST)_乳房,papillotubular carcinoma,breast invasive ductal carcinoma
Breast Invasive Ductal Carcinoma (IDC)_浸潤性乳管癌,Breast invasive ductal carcinoma,breast invasive ductal carcinoma
Breast Invasive Ductal Carcinoma (IDC)_浸潤性乳管癌,"invasive ductal carcinoma, papillotubular carcinoma, low grade",breast invasive ductal carcinoma
Breast Invasive Ductal Carcinoma (IDC)_浸潤性乳管癌,invasive ductal carcinoma（浸潤性乳管がん）,breast invasive ductal carcinoma
Breast Invasive Ductal Carcinoma (IDC)_浸潤性乳管癌,scirrhous,breast invasive ductal carcinoma
Breast Invasive Ductal Carcinoma (IDC)_浸潤性乳管癌,"Invasive ductal carcinoma, scirrhous carcinoma（浸潤性乳管がん, 腋窩リンパ節転移）",breast invasive ductal carcinoma
Breast (BREAST)_乳房,右浸潤性乳管癌,breast invasive ductal carcinoma
Breast (BREAST)_乳房,腺癌の転移,breast invasive ductal carcinoma
Breast Invasive Ductal Carcinoma (IDC)_浸潤性乳管癌,Breast Invasive Ductal Carcinoma (IDC)_浸潤性乳管癌,breast invasive ductal carcinoma
Breast Invasive Ductal Carcinoma (IDC)_浸潤性乳管癌,invasive　ductal carcinoma,breast invasive ductal carcinoma
Breast Invasive Ductal Carcinoma (IDC)_浸潤性乳管癌,ductal adenocarcinoma,breast invasive ductal carcinoma
Breast Invasive Ductal Carcinoma (IDC)_浸潤性乳管癌,Invasive ductal carcinoma with invasive micropapillary components,breast invasive ductal carcinoma
"Breast Invasive Cancer, NOS (BRCANOS)_浸潤性乳癌、特定不能","Invasive ductal carcinoma,scirrhous type",breast invasive ductal carcinoma
Breast Invasive Ductal Carcinoma (IDC)_浸潤性乳管癌,"Invasive carcinoma, solid-tubular〜scirrhous = mucinous（右乳癌）",breast invasive ductal carcinoma
Breast Invasive Ductal Carcinoma (IDC)_浸潤性乳管癌,Invasive ductal carcinoma（右炎症性乳癌）,breast invasive ductal carcinoma
Breast Invasive Ductal Carcinoma (IDC)_浸潤性乳管癌,"Breast carcinoma(浸潤性乳管がん, 肝転移)",breast invasive ductal carcinoma
Breast Invasive Ductal Carcinoma (IDC)_浸潤性乳管癌,Invasive ductal carcinoma（左乳癌）,breast invasive ductal carcinoma
Breast Invasive Ductal Carcinoma (IDC)_浸潤性乳管癌,"Breast invasive ductal carcinoma, scirrhous type.",breast invasive ductal carcinoma
Breast Invasive Ductal Carcinoma (IDC)_浸潤性乳管癌,ductal　Carcinoma ,breast invasive ductal carcinoma
Breast Invasive Ductal Carcinoma (IDC)_浸潤性乳管癌,"Invasive ductal carcinoma,left breast",breast invasive ductal carcinoma
Invasive Breast Carcinoma (BRCA)_浸潤性乳癌,"invasive carcinoma, breast (浸潤性乳管癌）",breast invasive ductal carcinoma
Breast Invasive Ductal Carcinoma (IDC)_浸潤性乳管癌,Invasie ductal carcinoma,breast invasive ductal carcinoma
Breast Invasive Ductal Carcinoma (IDC)_浸潤性乳管癌,浸潤性乳癌,breast invasive ductal carcinoma
Breast Invasive Ductal Carcinoma (IDC)_浸潤性乳管癌,Left breast cancer,breast invasive ductal carcinoma
Breast Invasive Ductal Carcinoma (IDC)_浸潤性乳管癌,"Invasive ductal carcinoma,Squamous cell carcinoma様（浸潤性乳管がん）",breast invasive ductal carcinoma
Breast Invasive Ductal Carcinoma (IDC)_浸潤性乳管癌,"Invasive ductal carcinoma, Two solid tumors, 15mm and 7mm in diameter at Ｄ area, Scirrhous carcinoma（右乳癌）",breast invasive ductal carcinoma
Breast Invasive Ductal Carcinoma (IDC)_浸潤性乳管癌,右乳癌　肝転移,breast invasive ductal carcinoma
,"Invasive ductal carcinoma,scirrhous ca",breast invasive ductal carcinoma
,乳管癌,breast invasive ductal carcinoma
,invasive　ductal　carcinoma,breast invasive ductal carcinoma
,TNBC,breast invasive ductal carcinoma
,浸潤性乳管癌　充実型,breast invasive ductal carcinoma
,solid-tubular carcinoma,breast invasive ductal carcinoma
,"invasive ductal carcinoma, solid type",breast invasive ductal carcinoma
,"invasive ductal carcinoma,scirrhous（硬癌）",breast invasive ductal carcinoma
Breast (BREAST)_乳房,Invasive　ductal　carcinoma,breast invasive ductal carcinoma
,"浸潤性乳管癌
浸潤性乳管癌",breast invasive ductal carcinoma
,"Invasive ductal carcinoma, Solid type",breast invasive ductal carcinoma
,右乳癌　Invasive carcinoma TNBC,breast invasive ductal carcinoma
,"Invasive ductal carcinoma, scirrhous carcinoma",breast invasive ductal carcinoma
,左乳癌再発,breast invasive ductal carcinoma
,Invasive ductal ｃarcinoma,breast invasive ductal carcinoma
,ひだり浸潤性乳管癌,breast invasive ductal carcinoma
,乳癌（浸潤性乳管癌）,breast invasive ductal carcinoma
,Metastatic carcinoma of subclavicular lymph node,breast invasive ductal carcinoma
,浸潤性乳管癌の肝転移巣,breast invasive ductal carcinoma
,左乳癌、肝転移,breast invasive ductal carcinoma
,Residue of invasive ductal carcinoma（乳がん）,breast invasive ductal carcinoma
,intra ductal carcinoma (乳癌),breast invasive ductal carcinoma
,INVSIVE DUCTAL CARCINOMA,breast invasive ductal carcinoma
,Invasive ductal carcinoma of the left breast,breast invasive ductal carcinoma
,invasive ductal carcinoma、solid type,breast invasive ductal carcinoma
,"adeno

Invasive ductal carcinoma 
Invasive ductal carcinoma 
invasive ductal carcinoma",breast invasive ductal carcinoma
,Invasive ductal carcinoma(scirrhous carcinoma),breast invasive ductal carcinoma
,Invasive ductal carcinoma. scirrhous type.,breast invasive ductal carcinoma
,みぎ乳がん,breast invasive ductal carcinoma
,scirrhous+adenosquamous carcinoma (乳癌),breast invasive ductal carcinoma
,Invasive ductal carcinoma (solid type),breast invasive ductal carcinoma
,Breast Cancer,breast invasive ductal carcinoma
,Invasive ductal carcinoma ,breast invasive ductal carcinoma
,invasive ductal carcinoma scirrhous,breast invasive ductal carcinoma
,INVASIVE DUCTAL CARCINOMA ,breast invasive ductal carcinoma
,intraductal papillary cancer（乳腺）,breast invasive ductal carcinoma
,metastatic breast cancer,breast invasive ductal carcinoma
Breast Invasive Ductal Carcinoma (IDC)_浸潤性乳管癌,Invasive ductal carcinoma (scirrhous),breast invasive ductal carcinoma
Breast Invasive Ductal Carcinoma (IDC)_浸潤性乳管癌,Invasive ductal cartinoma,breast invasive ductal carcinoma
Inflammatory Breast Cancer (IBC)_炎症性乳癌,浸潤性乳管癌,breast invasive ductal carcinoma
Breast Invasive Ductal Carcinoma (IDC)_浸潤性乳管癌,"Invasive ductal carcinoma, solid-tubular carcinoma",breast invasive ductal carcinoma
Breast Invasive Ductal Carcinoma (IDC)_浸潤性乳管癌,Scirrhous carcinoma（浸潤性乳管がん）,breast invasive ductal carcinoma
Breast Invasive Ductal Carcinoma (IDC)_浸潤性乳管癌,"Invasive ductal carcinoma, scirrhous type, G3.",breast invasive ductal carcinoma
Breast Invasive Ductal Carcinoma (IDC)_浸潤性乳管癌,invasive ductal carcinoma of rt. breast,breast invasive ductal carcinoma
Breast Invasive Ductal Carcinoma (IDC)_浸潤性乳管癌,Breast Ductal Carcinoma,breast invasive ductal carcinoma
Breast Invasive Ductal Carcinoma (IDC)_浸潤性乳管癌,左乳癌　再発,breast invasive ductal carcinoma
Breast Invasive Ductal Carcinoma (IDC)_浸潤性乳管癌,invasive ductal carcinoma of ,breast invasive ductal carcinoma
Breast Invasive Ductal Carcinoma (IDC)_浸潤性乳管癌,乳頭腺管癌,breast invasive ductal carcinoma
Breast Invasive Ductal Carcinoma (IDC)_浸潤性乳管癌,Invasive ductal ca,breast invasive ductal carcinoma
Breast Invasive Ductal Carcinoma (IDC)_浸潤性乳管癌,Invasiveductalcarcarcinoma,breast invasive ductal carcinoma
Breast Invasive Ductal Carcinoma (IDC)_浸潤性乳管癌,"Invasive ductal carcinoma, breast（浸潤性乳管癌）",breast invasive ductal carcinoma
Breast Invasive Ductal Carcinoma (IDC)_浸潤性乳管癌,"Invasive ductal carcinoma, scirrhous, G3, NG3 : -right breast, resection",breast invasive ductal carcinoma
Breast Invasive Ductal Carcinoma (IDC)_浸潤性乳管癌,"Invasive ductal carcinoma, breast (浸潤性乳管癌）",breast invasive ductal carcinoma
Breast Invasive Ductal Carcinoma (IDC)_浸潤性乳管癌,Invasive ductal carcinoma scirrhous type（乳癌）,breast invasive ductal carcinoma
Invasive Breast Carcinoma (BRCA)_浸潤性乳癌,Invasive Breast Carcinoma（乳癌）,breast invasive ductal carcinoma
Breast Invasive Ductal Carcinoma (IDC)_浸潤性乳管癌,invasive　ductal　carcinoma,breast invasive ductal carcinoma
Invasive Breast Carcinoma (BRCA)_浸潤性乳癌,"INVASIVE DUCTAL CARCINOMA,PAPILLOTUBULAR CARCINOMA",breast invasive ductal carcinoma
Breast (BREAST)_乳房,breast cancer,breast invasive ductal carcinoma
Breast Invasive Ductal Carcinoma (IDC)_浸潤性乳管癌,"Invasive ductal carcinoma, scirrhous carcinoma（右乳癌）",breast invasive ductal carcinoma
Breast Invasive Ductal Carcinoma (IDC)_浸潤性乳管癌,浸潤性乳管癌　硬癌,breast invasive ductal carcinoma
Breast Invasive Ductal Carcinoma (IDC)_浸潤性乳管癌,左乳癌　腋窩リンパ節　心嚢再発,breast invasive ductal carcinoma
Breast Invasive Ductal Carcinoma (IDC)_浸潤性乳管癌,"Iinvasive ductal carcinoma, papillotubular carcinoma",breast invasive ductal carcinoma
Breast Invasive Ductal Carcinoma (IDC)_浸潤性乳管癌,invasive popillotubulen ca.,breast invasive ductal carcinoma
Breast Invasive Ductal Carcinoma (IDC)_浸潤性乳管癌,scirrhous carcinoma（浸潤性乳管がん）,breast invasive ductal carcinoma
Invasive Breast Carcinoma (BRCA)_浸潤性乳癌,IDC,breast invasive ductal carcinoma
"Breast Invasive Cancer, NOS (BRCANOS)_浸潤性乳癌、特定不能","breast cancer, scirrhus type",breast invasive ductal carcinoma
Invasive Breast Carcinoma (BRCA)_浸潤性乳癌,乳がん,breast invasive ductal carcinoma
Breast Invasive Ductal Carcinoma (IDC)_浸潤性乳管癌,"Metastatic brain tumor, adenocarcinoma（浸潤性乳管がん）",breast invasive ductal carcinoma
Invasive Breast Carcinoma (BRCA)_浸潤性乳癌,乳癌StageⅣ,breast invasive ductal carcinoma
Invasive Breast Carcinoma (BRCA)_浸潤性乳癌,乳管癌,breast invasive ductal carcinoma
Breast Invasive Ductal Carcinoma (IDC)_浸潤性乳管癌,左乳がん　IDC,breast invasive ductal carcinoma
Breast Invasive Ductal Carcinoma (IDC)_浸潤性乳管癌,Invasive ductal carcinoma with squamous differentiation,breast invasive ductal carcinoma
Breast Invasive Ductal Carcinoma (IDC)_浸潤性乳管癌,右乳癌　脳転移,breast invasive ductal carcinoma
Breast Invasive Ductal Carcinoma (IDC)_浸潤性乳管癌,"invaseive ductal carcinoma, breast (浸潤性乳腺管癌）",breast invasive ductal carcinoma
,Invasive　lobular carcinoma,breast invasive lobular carcinoma
,invasive lobular carcinoma,breast invasive lobular carcinoma
Breast (BREAST)_乳房,Invasive lobular carcinoma,breast invasive lobular carcinoma
,浸潤性小葉癌,breast invasive lobular carcinoma
,Invasive lobular carcinoma,breast invasive lobular carcinoma
,invasive lobular carcinoma of the lt-breast,breast invasive lobular carcinoma
,左浸潤性小葉癌,breast invasive lobular carcinoma
,転移性小腸がん；乳がん・浸潤性小葉がん(乳癌（occult breast cancer））,breast invasive lobular carcinoma
,Invasive　Lobular Carcinoma,breast invasive lobular carcinoma
Adenomyoepithelioma of the Breast (BRAME)_腺筋上皮腫,左乳がん（invasive lobular carcinoma),breast invasive lobular carcinoma
Breast Invasive Lobular Carcinoma (ILC)_浸潤性小葉癌,INVASIVE　LOBULAR　CARCINOMA,breast invasive lobular carcinoma
Breast Invasive Lobular Carcinoma (ILC)_浸潤性小葉癌,Metastasizing Breast Ca. ILC（乳がん浸潤性小葉がん）,breast invasive lobular carcinoma
Breast Invasive Lobular Carcinoma (ILC)_浸潤性小葉癌,浸潤性小葉癌,breast invasive lobular carcinoma
Breast Invasive Lobular Carcinoma (ILC)_浸潤性小葉癌,invasive lobular carcinoma,breast invasive lobular carcinoma
Breast Invasive Lobular Carcinoma (ILC)_浸潤性小葉癌,乳癌　浸潤性小葉癌,breast invasive lobular carcinoma
Breast Invasive Lobular Carcinoma (ILC)_浸潤性小葉癌,Invasive lobular carcinoma,breast invasive lobular carcinoma
Breast Invasive Lobular Carcinoma (ILC)_浸潤性小葉癌,Invasive lobular carcinoma.,breast invasive lobular carcinoma
Breast Invasive Lobular Carcinoma (ILC)_浸潤性小葉癌,Invasive　lobular　carcinoma,breast invasive lobular carcinoma
Breast Invasive Lobular Carcinoma (ILC)_浸潤性小葉癌,Breast Invasive Lobular Carcinoma,breast invasive lobular carcinoma
Breast Invasive Lobular Carcinoma (ILC)_浸潤性小葉癌,右乳房　浸潤性小葉癌,breast invasive lobular carcinoma
Breast Invasive Lobular Carcinoma (ILC)_浸潤性小葉癌,Metastasis of invasive lobular carcinoma,breast invasive lobular carcinoma
Breast Invasive Lobular Carcinoma (ILC)_浸潤性小葉癌,"Invasive lobular carcinoma, pleomrphic, solid variant",breast invasive lobular carcinoma
Breast Invasive Lobular Carcinoma (ILC)_浸潤性小葉癌,浸潤性小葉胃癌,breast invasive lobular carcinoma
Breast Invasive Lobular Carcinoma (ILC)_浸潤性小葉癌,INVASIVE LOBULAR CARCINOMA,breast invasive lobular carcinoma
Breast Invasive Lobular Carcinoma (ILC)_浸潤性小葉癌,Invasive Lobular Carcinoma,breast invasive lobular carcinoma
Breast Mixed Ductal and Lobular Carcinoma (MDLC)_浸潤性乳癌（乳管癌と小葉癌の混合型）,乳癌　浸潤性小葉癌,breast invasive lobular carcinoma
Breast Invasive Lobular Carcinoma (ILC)_浸潤性小葉癌,Invasive lobular carcinoma　(乳癌）,breast invasive lobular carcinoma
Breast Invasive Lobular Carcinoma (ILC)_浸潤性小葉癌,Breast Invasive Lobular Carcinoma (ILC),breast invasive lobular carcinoma
Breast Invasive Lobular Carcinoma (ILC)_浸潤性小葉癌,invasive lobular carcinoma（乳房）,breast invasive lobular carcinoma
Breast Invasive Lobular Carcinoma (ILC)_浸潤性小葉癌,Invasive carcinomas skins of the left,breast invasive lobular carcinoma
Breast Invasive Lobular Carcinoma (ILC)_浸潤性小葉癌,乳癌　,breast invasive lobular carcinoma
Breast Invasive Lobular Carcinoma (ILC)_浸潤性小葉癌,Adenocarcinoma,breast invasive lobular carcinoma
Breast Invasive Lobular Carcinoma (ILC)_浸潤性小葉癌,metastatic breast carcinoma,breast invasive lobular carcinoma
Breast Invasive Lobular Carcinoma (ILC)_浸潤性小葉癌,乳腺浸潤性小葉癌,breast invasive lobular carcinoma
Breast (BREAST)_乳房,浸潤性小葉癌,breast invasive lobular carcinoma
Breast Invasive Lobular Carcinoma (ILC)_浸潤性小葉癌,"invasive lobular carcinoma, breast (乳癌：浸潤性小葉癌）",breast invasive lobular carcinoma
Breast Invasive Ductal Carcinoma (IDC)_浸潤性乳管癌,Invasive ductal caricinoma with mucinous carcinoma,Breast Invasive Mixed Mucinous Carcinoma
,mixed invasive and lobular carcinoma,breast mixed ductal and lobular carcinoma
,Invasive carcinoma(lobular優位）,breast mixed ductal and lobular carcinoma
Breast Invasive Lobular Carcinoma (ILC)_浸潤性小葉癌,Coexistence of invasive lobular carcinoma and invasive ductal carcinoma,breast mixed ductal and lobular carcinoma
Breast Mixed Ductal and Lobular Carcinoma (MDLC)_浸潤性乳癌（乳管癌と小葉癌の混合型）,,breast mixed ductal and lobular carcinoma
Breast Mixed Ductal and Lobular Carcinoma (MDLC)_浸潤性乳癌（乳管癌と小葉癌の混合型）,"invasive carcinoma, scirrhous with lobular",breast mixed ductal and lobular carcinoma
,apocrine carcinoma,carcinoma with apocrine differentiation
,左副乳腺癌またはアポクリン腺癌,carcinoma with apocrine differentiation
,metastatic apocrine carcinoma,carcinoma with apocrine differentiation
,adenocarcinoma(apocrine carcinoma),carcinoma with apocrine differentiation
Invasive Breast Carcinoma (BRCA)_浸潤性乳癌,アポクリン癌,carcinoma with apocrine differentiation
"Breast Invasive Carcinoma, NOS (BRCNOS)_浸潤性乳癌、特定不能",invasive ducta carcinoma (apocrine carcinoma),carcinoma with apocrine differentiation
Invasive Breast Carcinoma (BRCA)_浸潤性乳癌,浸潤性乳管癌　Apocrine carcinoma ,carcinoma with apocrine differentiation
Breast Invasive Ductal Carcinoma (IDC)_浸潤性乳管癌,apocrine carcinoma,carcinoma with apocrine differentiation
Invasive Breast Carcinoma (BRCA)_浸潤性乳癌,Apocrine carcinoma,carcinoma with apocrine differentiation
,invasive breast cancer with neroendocrine differentiation and focal sarcomatoid change,carcinoma with neuroendocrine features
,Invasive breast carcinoma with neuroendocrine differentiation,carcinoma with neuroendocrine features
,Large cell neuroendocrine carcinoma (LCNEC) （右乳癌）,carcinoma with neuroendocrine features
,Carcinoma with neuroendocrine features of left breast,carcinoma with neuroendocrine features
Breast (BREAST)_乳房,大細胞神経内分泌癌,carcinoma with neuroendocrine features
,小細胞癌,carcinoma with neuroendocrine features
Breast (BREAST)_乳房,Carcinoma with neuroendocrine features,carcinoma with neuroendocrine features
"Breast Neoplasm, NOS (BNNOS)_乳腺新生物、特定不能","adenocarcinoma, neuroendcrine differentiation",carcinoma with neuroendocrine features
"Breast Invasive Carcinoma, NOS (BRCNOS)_浸潤性乳癌、特定不能",neuroendocrine carcinoma,carcinoma with neuroendocrine features
"Breast Neoplasm, NOS (BNNOS)_乳腺新生物、特定不能",neuroendocrine tumor of the breast origin,carcinoma with neuroendocrine features
,乳腺基質産生癌,Carcinoma with Osseous Metaplasia
,Metaplastic carcinoma,epithelial type metaplastic breast cancer
,metaplastic carcinoma,epithelial type metaplastic breast cancer
,metaplastic narcinoma,epithelial type metaplastic breast cancer
,metastatic mammary carcinoma,epithelial type metaplastic breast cancer
,右乳癌（化生癌）,epithelial type metaplastic breast cancer
Metaplastic Breast Cancer (MBC)_化生癌,Metaplastic carcinoma,epithelial type metaplastic breast cancer
Metaplastic Breast Cancer (MBC)_化生癌,化生癌（metaplastic  carcinoma),epithelial type metaplastic breast cancer
Metaplastic Breast Cancer (MBC)_化生癌,化生がん,epithelial type metaplastic breast cancer
Metaplastic Breast Cancer (MBC)_化生癌,METAPLASTIC　CARCINOMA,epithelial type metaplastic breast cancer
Epithelial Type Metaplastic Breast Cancer (EMBC)_上皮型化生癌,Metaplastic carcinoma with invasive ductal carcinoma/ductal carcinoma in situ components,epithelial type metaplastic breast cancer
Metaplastic Breast Cancer (MBC)_化生癌,Metaplastic carcinoma / malignant adenomyoepithelioma of the right breast,epithelial type metaplastic breast cancer
Metaplastic Breast Cancer (MBC)_化生癌,化生癌，NOS,epithelial type metaplastic breast cancer
Metaplastic Breast Cancer (MBC)_化生癌,METAPLASTIC CARCINOMA,epithelial type metaplastic breast cancer
Epithelial Type Metaplastic Breast Cancer (EMBC)_上皮型化生癌,METAPLASTIC CARCINOMA,epithelial type metaplastic breast cancer
Metaplastic Breast Cancer (MBC)_化生癌,breast metaplastic carcinoma,epithelial type metaplastic breast cancer
Carcinoma with Osseous Metaplasia (COM)_骨化生を伴う癌,化生癌,epithelial type metaplastic breast cancer
Metaplastic Breast Cancer (MBC)_化生癌,Metaplastic Breast Cancer ,epithelial type metaplastic breast cancer
Inflammatory Breast Cancer (IBC)_炎症性乳癌,,inflammatory breast cancer
Inflammatory Breast Cancer (IBC)_炎症性乳癌,両側炎症性乳癌,inflammatory breast cancer
,Papillary ductal carcinoma,invasive papillary carcinoma
Breast Invasive Ductal Carcinoma (IDC)_浸潤性乳管癌,invasive micropapillary carcinoma,invasive papillary carcinoma
Invasive Breast Carcinoma (BRCA)_浸潤性乳癌,Invasive micropapillary carcinoma with squamous differentiation,invasive papillary carcinoma
Breast Invasive Ductal Carcinoma (IDC)_浸潤性乳管癌,Invasive Papillary Carcinoma(3＋、2＋、3＋）,invasive papillary carcinoma
Invasive Breast Carcinoma (BRCA)_浸潤性乳癌,"Invasive micropapillary carcinoma of the left breast,triple negative",invasive papillary carcinoma
Breast Invasive Ductal Carcinoma (IDC)_浸潤性乳管癌,Invasive micropapillary carcinoma,invasive papillary carcinoma
Invasive Breast Carcinoma (BRCA)_浸潤性乳癌,浸潤性微小乳頭癌,invasive papillary carcinoma
Breast Invasive Ductal Carcinoma (IDC)_浸潤性乳管癌,Invasive　micropapillary ca,invasive papillary carcinoma
Invasive Breast Carcinoma (BRCA)_浸潤性乳癌,invasive micropapillary ca.,invasive papillary carcinoma
Breast Invasive Ductal Carcinoma (IDC)_浸潤性乳管癌,浸潤性微小乳管癌,invasive papillary carcinoma
Invasive Breast Carcinoma (BRCA)_浸潤性乳癌,invasive micropapillary carcinoma,invasive papillary carcinoma
"Breast Invasive Carcinoma, NOS (BRCNOS)_浸潤性乳癌、特定不能","invasive micropapillarｙ carcinoma, right breast",invasive papillary carcinoma
Solid Papillary Carcinoma of the Breast (SPC)_充実乳頭癌,Invasive micropapilllary carcinoma,invasive papillary carcinoma
,悪性葉状腫瘍,malignant phyllodes tumor of the breast
,葉状腫瘍,malignant phyllodes tumor of the breast
,Ｍaligmant phyllodes tumor,malignant phyllodes tumor of the breast
Malignant Phyllodes Tumor of the Breast (MPT)_悪性葉状腫瘍,葉状腫瘍，悪性,malignant phyllodes tumor of the breast
,malignant phyllodes tumor,malignant phyllodes tumor of the breast
,malignant phyllodes tumor、stromal sarcoma,malignant phyllodes tumor of the breast
,phyllodes tumor,malignant phyllodes tumor of the breast
,"Phyllodes tumor, malignant",malignant phyllodes tumor of the breast
,乳癌　葉状腫瘍,malignant phyllodes tumor of the breast
,"Phrllodes tumor,malignant",malignant phyllodes tumor of the breast
Malignant Phyllodes Tumor of the Breast (MPT)_悪性葉状腫瘍,悪性葉状腫瘍,malignant phyllodes tumor of the breast
Malignant Phyllodes Tumor of the Breast (MPT)_悪性葉状腫瘍,Malignant phyllodes tumor,malignant phyllodes tumor of the breast
Borderline Phyllodes Tumor of the Breast (BLPT)_境界悪性葉状腫瘍,phyllodes tumor,malignant phyllodes tumor of the breast
"Breast Neoplasm, NOS (BNNOS)_乳腺新生物、特定不能","Phyllodes tumor,malignant ",malignant phyllodes tumor of the breast
Phyllodes Tumor of the Breast (PT)_葉状腫瘍,Phyllodes tumor,malignant phyllodes tumor of the breast
Malignant Phyllodes Tumor of the Breast (MPT)_悪性葉状腫瘍,"phyllodes tumor, malignant",malignant phyllodes tumor of the breast
Malignant Phyllodes Tumor of the Breast (MPT)_悪性葉状腫瘍,"悪性葉状腫瘍：Phyllodes tumor, malignant, with a malignant heterologous component",malignant phyllodes tumor of the breast
Malignant Phyllodes Tumor of the Breast (MPT)_悪性葉状腫瘍,Malignant　phyllodes　tumor,malignant phyllodes tumor of the breast
Malignant Phyllodes Tumor of the Breast (MPT)_悪性葉状腫瘍,"phyllodes tumor,malignant",malignant phyllodes tumor of the breast
Malignant Phyllodes Tumor of the Breast (MPT)_悪性葉状腫瘍,Malignant Phyllodes tumor of the breast,malignant phyllodes tumor of the breast
Malignant Phyllodes Tumor of the Breast (MPT)_悪性葉状腫瘍,Malignant Phyllodes Tumor of the Breast,malignant phyllodes tumor of the breast
Malignant Phyllodes Tumor of the Breast (MPT)_悪性葉状腫瘍,Malignant phyllodes tumor of the breast,malignant phyllodes tumor of the breast
Malignant Phyllodes Tumor of the Breast (MPT)_悪性葉状腫瘍,Malignant Phyllodes tumor of breast,malignant phyllodes tumor of the breast
,Spindle cell carcinoma 　上皮性性格が明らかな部分と肉腫様の部分が混在する浸潤,metaplastic adenocarcinoma with spindle cell differentiation
,spindle cell carcinoma,metaplastic adenocarcinoma with spindle cell differentiation
,spindle cell　,metaplastic adenocarcinoma with spindle cell differentiation
,"Spindle cell carcinoma, carcinosarcoma (乳癌または悪性葉状腫瘍）",metaplastic adenocarcinoma with spindle cell differentiation
Mixed Type Metaplastic Breast Cancer (MMBC)_混合型化生癌,化生癌（紡錘細胞腫)+浸潤性乳管癌（硬癌〜充実腺管癌）ごく一部DCIS,metaplastic adenocarcinoma with spindle cell differentiation
Metaplastic Adenocarcinoma with Spindle Cell Differentiation (MASCC)_紡錘細胞癌,spindle cell carcinoma,metaplastic adenocarcinoma with spindle cell differentiation
Metaplastic Adenocarcinoma with Spindle Cell Differentiation (MASCC)_紡錘細胞癌,浸潤癌（紡錘細胞癌）,metaplastic adenocarcinoma with spindle cell differentiation
,Metaplastic carcinoma (spindle cell carcinoma),metaplastic adenocarcinoma with spindle cell differentiation
Metaplastic Breast Cancer (MBC)_化生癌,"乳癌転移　Metaplastic carcinoma,spindle cell carcinoma",metaplastic adenocarcinoma with spindle cell differentiation
Malignant Phyllodes Tumor of the Breast (MPT)_悪性葉状腫瘍,"Spindle cell tumor with epithelial glandular component,consistant with metastasis of malignant phyllodes tumor",metaplastic adenocarcinoma with spindle cell differentiation
"Breast Invasive Carcinosarcoma, NOS (CSNOS)_浸潤性癌肉腫、特定不能",carcinoma with mesencymal diffrentiaon(spindle cell carcinoma),metaplastic adenocarcinoma with spindle cell differentiation
Breast (BREAST)_乳房,基質産生癌,metaplastic carcinosarcoma
,乳房間質肉腫,metaplastic carcinosarcoma
,right breast cancer Metaplastic carcinoma (Squamous cell carcinoma),metaplastic squamous cell carcinoma
,squamous cell carcinoma,metaplastic squamous cell carcinoma
Metaplastic Squamous Cell Carcinoma (MSCC)_扁平上皮癌 ,扁平上皮癌,metaplastic squamous cell carcinoma
Metaplastic Squamous Cell Carcinoma (MSCC)_扁平上皮癌 ,"Metaplastic carcinoma, squamous cell carcinoma",metaplastic squamous cell carcinoma
Metaplastic Squamous Cell Carcinoma (MSCC)_扁平上皮癌 ,squamous cell carcinoma,metaplastic squamous cell carcinoma
Breast Invasive Ductal Carcinoma (IDC)_浸潤性乳管癌,Invasive ductal carcinoma with metaplastic carcinoma (squamous cell carcinoma) component,metaplastic squamous cell carcinoma
Metaplastic Squamous Cell Carcinoma (MSCC)_扁平上皮癌 ,"squamous cell carcinoma, metaplastic carcinoma of breast",metaplastic squamous cell carcinoma
"Breast Neoplasm, NOS (BNNOS)_乳腺新生物、特定不能",Squamous cell carcinoma,metaplastic squamous cell carcinoma
Metaplastic Squamous Cell Carcinoma (MSCC)_扁平上皮癌 ,Metaplastic Squamous cell carcinoma,metaplastic squamous cell carcinoma
Breast Invasive Ductal Carcinoma (IDC)_浸潤性乳管癌,Invasive ductal carcinoma with squamous cell cartinoma,metaplastic squamous cell carcinoma
Epithelial Type Metaplastic Breast Cancer (EMBC)_上皮型化生癌,化生癌（扁平上皮癌）,metaplastic squamous cell carcinoma
,Squamous cell carcinoma,metaplastic squamous cell carcinoma
,Invasive ductal carcinoma with squamous differentiation,metaplastic squamous cell carcinoma
Mixed Type Metaplastic Breast Cancer (MMBC)_混合型化生癌,,mixed Type Metaplastic Breast Cancer
,mucinous carcinoma(invasive carcinoma),mucinous carcinoma
,Mucinous carcinoma,mucinous carcinoma
,mucinous carcinoma,mucinous carcinoma
Breast Invasive Mixed Mucinous Carcinoma (IMMC)_浸潤性乳癌（粘液癌との混合型）,粘液癌,mucinous carcinoma
Breast Invasive Mixed Mucinous Carcinoma (IMMC)_浸潤性乳癌（粘液癌との混合型）,MUCINOUS　CARCINOMA,mucinous carcinoma
Breast Invasive Mixed Mucinous Carcinoma (IMMC)_浸潤性乳癌（粘液癌との混合型）,mucinous adenocarcinoma,mucinous carcinoma
"Breast Invasive Cancer, NOS (BRCANOS)_浸潤性乳癌、特定不能",粘液癌,mucinous carcinoma
Breast Invasive Mixed Mucinous Carcinoma (IMMC)_浸潤性乳癌（粘液癌との混合型）,乳腺・女性生殖器腫瘍 乳腺　粘液癌,mucinous carcinoma
,Metastatic carcinoma,Other
,,Other
,Metastatic carcinoma、Left cervical LN,Other
"Breast Invasive Carcinoma, NOS (BRCNOS)_浸潤性乳癌、特定不能",癌腫，NOS,Other
,浸潤癌特殊型（アポクリン癌）,carcinoma with apocrine differentiation
,"Invasive ductal carcinoma 
Invasive ductal carcinoma 
Invasive ductal carcinoma 
Invasive ductal carcinoma 
Invasive ductal carcinoma",breast invasive ductal carcinoma
,アポクリン癌,carcinoma with apocrine differentiation
,右炎症性乳がん,inflammatory breast cancer
,粘液癌（Type B）,mucinous carcinoma
,浸潤性小葉がん,breast invasive lobular carcinoma
,ANGIOSARCOMA,breast angiosarcoma
,粘液癌,mucinous carcinoma
,metaplastic　carcinoma,metaplastic breast carcinoma
,Metaplastic carcinoma.,metaplastic breast carcinoma
Metaplastic Adenocarcinoma with Spindle Cell Differentiation (MASCC)_紡錘細胞癌,"spindle cell carcinoma most probable,1t.C,pT3(30mm/30mm),DC+,f,Iy±,v-,N0(0/1),ER0,PgR0,HER20,pStageⅡB,Triple Negative",metaplastic adenocarcinoma with spindle cell differentiation
Metaplastic Squamous Cell Carcinoma (MSCC)_扁平上皮癌 ,,metaplastic squamous cell carcinoma
Breast Sarcoma (PBS)_乳腺肉腫,BREAST SARCOMA,breast sarcoma
Invasive Breast Carcinoma (BRCA)_浸潤性乳癌,carcinoma,breast invasive ductal carcinoma
Juvenile Secretory Carcinoma of the Breast (JSCB)_分泌癌,Secretory　carcinoma,Juvenile Secretory Carcinoma of the Breast
Adenomyoepithelioma of the Breast (BRAME)_腺筋上皮腫,悪性乳腺腺筋上皮腫,Adenomyoepithelioma of the Breast
Metaplastic Adenocarcinoma with Spindle Cell Differentiation (MASCC)_紡錘細胞癌,"spindle cell carcinoma, breast (左乳がん：紡錘細胞癌）",metaplastic adenocarcinoma with spindle cell differentiation
Breast Angiosarcoma (BA)_血管肉腫,,breast angiosarcoma
Invasive Breast Carcinoma (BRCA)_浸潤性乳癌,浸潤性乳癌（化生癌）,metaplastic breast carcinoma
"Breast Neoplasm, NOS (BNNOS)_乳腺新生物、特定不能",metaplastic carcinoma,metaplastic breast carcinoma
Breast Invasive Mixed Mucinous Carcinoma (IMMC)_浸潤性乳癌（粘液癌との混合型）,Mucinous adenocarcinoma,mucinous carcinoma
Malignant Phyllodes Tumor of the Breast (MPT)_悪性葉状腫瘍,malignant phyllodes,malignant phyllodes tumor of the breast
Breast Invasive Ductal Carcinoma (IDC)_浸潤性乳管癌,"Invasive ductal carcinoma,scirrhous",breast invasive ductal carcinoma
Breast (BREAST)_乳房,IDC　(乳癌),breast invasive ductal carcinoma
Breast Invasive Ductal Carcinoma (IDC)_浸潤性乳管癌,Adenocarcinoma（浸潤性乳管がん）,breast invasive ductal carcinoma
Breast Invasive Ductal Carcinoma (IDC)_浸潤性乳管癌,Invasive　ductal　carcinoma（scirrhous type)and mucinous,breast invasive ductal carcinoma
Metaplastic Breast Cancer (MBC)_化生癌,metaplastic carcinoma,metaplastic breast carcinoma
Breast Invasive Ductal Carcinoma (IDC)_浸潤性乳管癌,"Adenocarainoma Invasive ductal carcinoma, Scirrhous Type（浸潤性乳管がん）",breast invasive ductal carcinoma