﻿症例.基本情報.がん種.OncoTree..名称.,症例.背景情報.病理診断名,y
Adenoid Cystic Carcinoma of the Lung (LUACC)_肺腺様嚢胞癌,Adenoid cystic carcinoma,Adenoid Cystic Carcinoma of the Lung (LUACC)
Adenoid Cystic Carcinoma of the Lung (LUACC)_肺腺様嚢胞癌,adenoid cystic carcinoma,Adenoid Cystic Carcinoma of the Lung (LUACC)
Adenoid Cystic Carcinoma of the Lung (LUACC)_肺腺様嚢胞癌,腺様嚢胞癌,Adenoid Cystic Carcinoma of the Lung (LUACC)
,線様嚢胞癌,Adenoid Cystic Carcinoma of the Lung (LUACC)
,Adenoid cystic carcinoma,Adenoid Cystic Carcinoma of the Lung (LUACC)
,気管癌（気管腺様嚢胞癌）,Adenoid Cystic Carcinoma of the Lung (LUACC)
,気管腺様嚢胞癌,Adenoid Cystic Carcinoma of the Lung (LUACC)
,腺様嚢胞癌,Adenoid Cystic Carcinoma of the Lung (LUACC)
,肺癌　腺様嚢胞癌,Adenoid Cystic Carcinoma of the Lung (LUACC)
Atypical Lung Carcinoid (ALUCA)_肺非定型的肺カルチノイド,Atypical cartinoid tumor,Atypical Lung Carcinoid (ALUCA)
Atypical Lung Carcinoid (ALUCA)_肺非定型的肺カルチノイド,Atypical carcinoid,Atypical Lung Carcinoid (ALUCA)
Atypical Lung Carcinoid (ALUCA)_肺非定型的肺カルチノイド,"Metastatic tumor, consistent with metastasis of the atypical carcinoid of the lung",Atypical Lung Carcinoid (ALUCA)
,Atypical carcinoid,Atypical Lung Carcinoid (ALUCA)
,Atypical carcinoid tumor,Atypical Lung Carcinoid (ALUCA)
,肺原発淡明細胞癌,Clear Cell Carcinoma of the Lung (CCLC)
Combined Small Cell Lung Carcinoma (CSCLC)_混合型小細胞肺癌,Combined small cell lung carcinoma,Combined Small Cell Lung Carcinoma (CSCLC)
Combined Small Cell Lung Carcinoma (CSCLC)_混合型小細胞肺癌,Combined Small Cell Lung Carcinoma ,Combined Small Cell Lung Carcinoma (CSCLC)
Combined Small Cell Lung Carcinoma (CSCLC)_混合型小細胞肺癌,Combined small cell carcinoma,Combined Small Cell Lung Carcinoma (CSCLC)
Combined Small Cell Lung Carcinoma (CSCLC)_混合型小細胞肺癌,混合型小細胞肺癌,Combined Small Cell Lung Carcinoma (CSCLC)
Combined Small Cell Lung Carcinoma (CSCLC)_混合型小細胞肺癌,SMALL CELLCARCINOMA,Combined Small Cell Lung Carcinoma (CSCLC)
,小細胞癌＋大細胞神経内分泌癌,Combined Small Cell Lung Carcinoma (CSCLC)
,"Small cell carcinoma, combined with adenocarcinoma and large cell neuroendocrine carcinoma",Combined Small Cell Lung Carcinoma (CSCLC)
,combined small cell carcinoma and LCNEC,Combined Small Cell Lung Carcinoma (CSCLC)
,混合性小細胞肺癌,Combined Small Cell Lung Carcinoma (CSCLC)
,Giant cell carcinoma(肺癌）,Giant Cell Carcinoma of the Lung (GCLC)
,Giant cell carcinoma.,Giant Cell Carcinoma of the Lung (GCLC)
Lung (LUNG)_肺,inflammatory myofibroblastic tumor,Inflammatory Myofibroblastic Lung Tumor (IMTL)
Large Cell Lung Carcinoma (LCLC)_肺大細胞癌,"Large cell carcinoma, right upper lobe of the lung.",Large Cell Neuroendocrine Carcinoma (LUNE)
Large Cell Lung Carcinoma (LCLC)_肺大細胞癌,大細胞癌,Large Cell Neuroendocrine Carcinoma (LUNE)
Large Cell Lung Carcinoma (LCLC)_肺大細胞癌,Large cell carcinoma,Large Cell Neuroendocrine Carcinoma (LUNE)
Large Cell Neuroendocrine Carcinoma (LUNE)_肺大細胞神経内分泌癌,Large cell neuroendocrine carcinoma (LCNEC),Large Cell Neuroendocrine Carcinoma (LUNE)
Large Cell Neuroendocrine Carcinoma (LUNE)_肺大細胞神経内分泌癌,Large cell neuroendocrine carcinoma,Large Cell Neuroendocrine Carcinoma (LUNE)
Large Cell Neuroendocrine Carcinoma (LUNE)_肺大細胞神経内分泌癌,large cell neuroecdocrine carcinoma,Large Cell Neuroendocrine Carcinoma (LUNE)
Large Cell Neuroendocrine Carcinoma (LUNE)_肺大細胞神経内分泌癌,Combined large cell neuroendocrine carcinoma and squamous cell carcinoma,Large Cell Neuroendocrine Carcinoma (LUNE)
Large Cell Neuroendocrine Carcinoma (LUNE)_肺大細胞神経内分泌癌,左下葉肺癌,Large Cell Neuroendocrine Carcinoma (LUNE)
Large Cell Neuroendocrine Carcinoma (LUNE)_肺大細胞神経内分泌癌,combined large cell neuroendocrine carcinoma and adenocarcinoma,Large Cell Neuroendocrine Carcinoma (LUNE)
Large Cell Neuroendocrine Carcinoma (LUNE)_肺大細胞神経内分泌癌,Large cell neuroendocrine carcinoma of the lung.,Large Cell Neuroendocrine Carcinoma (LUNE)
Large Cell Neuroendocrine Carcinoma (LUNE)_肺大細胞神経内分泌癌,"Large cell neuroendocrine carcinoma, lung (肺大細胞神経内分泌癌）",Large Cell Neuroendocrine Carcinoma (LUNE)
Large Cell Neuroendocrine Carcinoma (LUNE)_肺大細胞神経内分泌癌,combined large cell neuroendocrine carcinoma,Large Cell Neuroendocrine Carcinoma (LUNE)
Large Cell Neuroendocrine Carcinoma (LUNE)_肺大細胞神経内分泌癌,LCNEC,Large Cell Neuroendocrine Carcinoma (LUNE)
Large Cell Neuroendocrine Carcinoma (LUNE)_肺大細胞神経内分泌癌,Conbined large cell neuroendocrine carcinoma,Large Cell Neuroendocrine Carcinoma (LUNE)
Large Cell Neuroendocrine Carcinoma (LUNE)_肺大細胞神経内分泌癌,肺大細胞神経内分泌癌,Large Cell Neuroendocrine Carcinoma (LUNE)
Large Cell Neuroendocrine Carcinoma (LUNE)_肺大細胞神経内分泌癌,large cell neuroendocrine carcinoma of lung,Large Cell Neuroendocrine Carcinoma (LUNE)
Large Cell Neuroendocrine Carcinoma (LUNE)_肺大細胞神経内分泌癌,肺上葉大細胞神経内分泌癌,Large Cell Neuroendocrine Carcinoma (LUNE)
Large Cell Neuroendocrine Carcinoma (LUNE)_肺大細胞神経内分泌癌,混合型大細胞神経内分泌癌,Large Cell Neuroendocrine Carcinoma (LUNE)
Large Cell Neuroendocrine Carcinoma (LUNE)_肺大細胞神経内分泌癌,,Large Cell Neuroendocrine Carcinoma (LUNE)
Large Cell Neuroendocrine Carcinoma (LUNE)_肺大細胞神経内分泌癌,Combined large cell neuroendocrine carcinoma with lung adenocarcinoma,Large Cell Neuroendocrine Carcinoma (LUNE)
Large Cell Neuroendocrine Carcinoma (LUNE)_肺大細胞神経内分泌癌,large cell neuroendcrine carcioma,Large Cell Neuroendocrine Carcinoma (LUNE)
Large Cell Neuroendocrine Carcinoma (LUNE)_肺大細胞神経内分泌癌,Lung large cell neuroendocrine carcinoma,Large Cell Neuroendocrine Carcinoma (LUNE)
Large Cell Neuroendocrine Carcinoma (LUNE)_肺大細胞神経内分泌癌,Combined large cell neuroendocrine carcinoma and squamous cell carcinoma with focal spindle cell carcinoma component,Large Cell Neuroendocrine Carcinoma (LUNE)
Lung Squamous Cell Carcinoma (LUSC)_肺扁平上皮癌,Large cell neuroendocrine carcinoma ,Large Cell Neuroendocrine Carcinoma (LUNE)
,Large cell neuroendocrine carcinoma,Large Cell Neuroendocrine Carcinoma (LUNE)
,Large cell neuroendcrine carcinoma,Large Cell Neuroendocrine Carcinoma (LUNE)
,肺大細胞神経内分泌癌,Large Cell Neuroendocrine Carcinoma (LUNE)
,Large cell neuroendocrine  carcinoma,Large Cell Neuroendocrine Carcinoma (LUNE)
,Large cell carcinoma with null phenotype,Large Cell Lung Carcinoma (LCLC)
Lung (LUNG)_肺,Adenocarcinoma.,Lung Adenocarcinoma (LUAD)
Lung (LUNG)_肺,Adenocarcinoma,Lung Adenocarcinoma (LUAD)
Lung (LUNG)_肺,腺癌，NOS,Lung Adenocarcinoma (LUAD)
Lung (LUNG)_肺,adenocarcinoma,Lung Adenocarcinoma (LUAD)
Lung (LUNG)_肺,低分化腺癌,Lung Adenocarcinoma (LUAD)
Lung (LUNG)_肺,腺癌,Lung Adenocarcinoma (LUAD)
Lung (LUNG)_肺,Papillary adenocarcinoma,Lung Adenocarcinoma (LUAD)
Lung (LUNG)_肺,肺腺癌,Lung Adenocarcinoma (LUAD)
Lung (LUNG)_肺,原発性肺癌　粘液性腺癌,Lung Adenocarcinoma (LUAD)
Lung (LUNG)_肺,acinar adenocaricnoma (肺癌),Lung Adenocarcinoma (LUAD)
Lung Adenocarcinoma (LUAD)_肺腺癌,肺腺癌,Lung Adenocarcinoma (LUAD)
Lung Adenocarcinoma (LUAD)_肺腺癌,Adenocarcinoma,Lung Adenocarcinoma (LUAD)
Lung Adenocarcinoma (LUAD)_肺腺癌,solid adenocarcinoma,Lung Adenocarcinoma (LUAD)
Lung Adenocarcinoma (LUAD)_肺腺癌,NSCLC favor adenocarcinoma,Lung Adenocarcinoma (LUAD)
Lung Adenocarcinoma (LUAD)_肺腺癌,Adenocarcinoma (lung),Lung Adenocarcinoma (LUAD)
Lung Adenocarcinoma (LUAD)_肺腺癌,Invasive adenocarcinoma,Lung Adenocarcinoma (LUAD)
Lung Adenocarcinoma (LUAD)_肺腺癌,adenocarcinoma,Lung Adenocarcinoma (LUAD)
Lung Adenocarcinoma (LUAD)_肺腺癌,腺癌,Lung Adenocarcinoma (LUAD)
Lung Adenocarcinoma (LUAD)_肺腺癌,肺腺がん,Lung Adenocarcinoma (LUAD)
Lung Adenocarcinoma (LUAD)_肺腺癌,Metastatic adenocarcinoma,Lung Adenocarcinoma (LUAD)
Lung Adenocarcinoma (LUAD)_肺腺癌,,Lung Adenocarcinoma (LUAD)
Lung Adenocarcinoma (LUAD)_肺腺癌,NSCLC(adenocarcinoma),Lung Adenocarcinoma (LUAD)
Lung Adenocarcinoma (LUAD)_肺腺癌,充実型腺癌,Lung Adenocarcinoma (LUAD)
Lung Adenocarcinoma (LUAD)_肺腺癌,原発性肺腺癌,Lung Adenocarcinoma (LUAD)
Lung Adenocarcinoma (LUAD)_肺腺癌,adenocarcinoma（肺腺癌）,Lung Adenocarcinoma (LUAD)
Lung Adenocarcinoma (LUAD)_肺腺癌,Lung adenocarcinoma,Lung Adenocarcinoma (LUAD)
Lung Adenocarcinoma (LUAD)_肺腺癌,adenocarcinoma of the right lung,Lung Adenocarcinoma (LUAD)
Lung Adenocarcinoma (LUAD)_肺腺癌,腺癌，NOS,Lung Adenocarcinoma (LUAD)
Lung Adenocarcinoma (LUAD)_肺腺癌,adenocarcinoma （肺腺癌）,Lung Adenocarcinoma (LUAD)
Lung Adenocarcinoma (LUAD)_肺腺癌,Adenocarcinoma papillary predominant,Lung Adenocarcinoma (LUAD)
Lung Adenocarcinoma (LUAD)_肺腺癌,肺胞腺癌,Lung Adenocarcinoma (LUAD)
Lung Adenocarcinoma (LUAD)_肺腺癌,adenocacinoma,Lung Adenocarcinoma (LUAD)
Lung Adenocarcinoma (LUAD)_肺腺癌,Mixed invasive mucinous and non-mucinous adenocaricinoma,Lung Adenocarcinoma (LUAD)
Lung Adenocarcinoma (LUAD)_肺腺癌,Lung Adenocarcinoma,Lung Adenocarcinoma (LUAD)
Lung Adenocarcinoma (LUAD)_肺腺癌,invasive mucinous adenocarcinoma,Lung Adenocarcinoma (LUAD)
Lung Adenocarcinoma (LUAD)_肺腺癌,Adenocarcinoma of the lung.,Lung Adenocarcinoma (LUAD)
Lung Adenocarcinoma (LUAD)_肺腺癌,右下葉肺腺癌,Lung Adenocarcinoma (LUAD)
Lung Adenocarcinoma (LUAD)_肺腺癌,adenocarcinoma of the lung.,Lung Adenocarcinoma (LUAD)
Lung Adenocarcinoma (LUAD)_肺腺癌,"adenocarcinoma, lung （肺腺癌）",Lung Adenocarcinoma (LUAD)
Lung Adenocarcinoma (LUAD)_肺腺癌,ADENOCARCINOMA,Lung Adenocarcinoma (LUAD)
Lung Adenocarcinoma (LUAD)_肺腺癌,Acinar predominant adenocarcinoma,Lung Adenocarcinoma (LUAD)
Lung Adenocarcinoma (LUAD)_肺腺癌,Lung Adenocarcinoma (LUAD),Lung Adenocarcinoma (LUAD)
Lung Adenocarcinoma (LUAD)_肺腺癌,"non-small cell carcinoma, favor adenocarcinoma of the lung",Lung Adenocarcinoma (LUAD)
Lung Adenocarcinoma (LUAD)_肺腺癌,adnoarcinoma,Lung Adenocarcinoma (LUAD)
Lung Adenocarcinoma (LUAD)_肺腺癌,"Adenocarcinoma, NOS",Lung Adenocarcinoma (LUAD)
Lung Adenocarcinoma (LUAD)_肺腺癌,左上葉肺腺癌,Lung Adenocarcinoma (LUAD)
Lung Adenocarcinoma (LUAD)_肺腺癌,Metastasis of adenocarcinoma,Lung Adenocarcinoma (LUAD)
Lung Adenocarcinoma (LUAD)_肺腺癌,"adenocarcinoma,lung (肺腺癌）",Lung Adenocarcinoma (LUAD)
Lung Adenocarcinoma (LUAD)_肺腺癌,"invasive adenocarcinoma,papillary",Lung Adenocarcinoma (LUAD)
Lung Adenocarcinoma (LUAD)_肺腺癌,Lung Adenocarcinoma ,Lung Adenocarcinoma (LUAD)
Lung Adenocarcinoma (LUAD)_肺腺癌,adenocarcinoma，right　B1b，upper　lobe　of　right　lung，TBLB,Lung Adenocarcinoma (LUAD)
Lung Adenocarcinoma (LUAD)_肺腺癌,Adenocarcinoma，upper　lobe　of　the　left　lung,Lung Adenocarcinoma (LUAD)
Lung Adenocarcinoma (LUAD)_肺腺癌,Adenocarcinoma（肺腺癌）,Lung Adenocarcinoma (LUAD)
Lung Adenocarcinoma (LUAD)_肺腺癌,"Invasive adenocarcinoma, acinar predominant",Lung Adenocarcinoma (LUAD)
Lung Adenocarcinoma (LUAD)_肺腺癌,"Non-small cell carcinoma, adenocarcinoma from the lung",Lung Adenocarcinoma (LUAD)
Lung Adenocarcinoma (LUAD)_肺腺癌,metastatic adenocarcinoma,Lung Adenocarcinoma (LUAD)
Lung Adenocarcinoma (LUAD)_肺腺癌,Adenocarcinoma of the right lung.,Lung Adenocarcinoma (LUAD)
Lung Adenocarcinoma (LUAD)_肺腺癌,papillary adenocarcinoma,Lung Adenocarcinoma (LUAD)
Lung Adenocarcinoma (LUAD)_肺腺癌,Adenocarcinoma of the lung,Lung Adenocarcinoma (LUAD)
Lung Adenocarcinoma (LUAD)_肺腺癌,Poorly differentiated adenocarcinoma,Lung Adenocarcinoma (LUAD)
Lung Adenocarcinoma (LUAD)_肺腺癌,lung adenocarcinoma,Lung Adenocarcinoma (LUAD)
Lung Adenocarcinoma (LUAD)_肺腺癌,非小細胞肺癌　腺癌,Lung Adenocarcinoma (LUAD)
Lung Adenocarcinoma (LUAD)_肺腺癌,浸潤性粘液性肺腺癌,Lung Adenocarcinoma (LUAD)
Lung Adenocarcinoma (LUAD)_肺腺癌,invasive adenocarcinoma,Lung Adenocarcinoma (LUAD)
Lung Adenocarcinoma (LUAD)_肺腺癌,Adenocarcinona,Lung Adenocarcinoma (LUAD)
Lung Adenocarcinoma (LUAD)_肺腺癌,Solid adenocarcinoma,Lung Adenocarcinoma (LUAD)
Lung Adenocarcinoma (LUAD)_肺腺癌,Adenocarcinoma、lung (肺腺癌）,Lung Adenocarcinoma (LUAD)
Lung Adenocarcinoma (LUAD)_肺腺癌,低分化非小細胞肺癌　腺癌　,Lung Adenocarcinoma (LUAD)
Lung Adenocarcinoma (LUAD)_肺腺癌,"Invasive mucinous adenocarcinoma, right lower lobe of the lung.",Lung Adenocarcinoma (LUAD)
Lung Adenocarcinoma (LUAD)_肺腺癌,"Non-small cell carcinoma, favor adenocarcinoma",Lung Adenocarcinoma (LUAD)
Lung Adenocarcinoma (LUAD)_肺腺癌,Lepidic adenocarcinoma,Lung Adenocarcinoma (LUAD)
Lung Adenocarcinoma (LUAD)_肺腺癌,Mixed mucinous and non-mucinous adenocarcinoma.,Lung Adenocarcinoma (LUAD)
Lung Adenocarcinoma (LUAD)_肺腺癌,"Non-small cell carcinoma,favor adenocarcinoma",Lung Adenocarcinoma (LUAD)
Lung Adenocarcinoma (LUAD)_肺腺癌,Adenocarcinoｍa,Lung Adenocarcinoma (LUAD)
Lung Adenocarcinoma (LUAD)_肺腺癌,Poorly differntiated adenocarcinoma,Lung Adenocarcinoma (LUAD)
Lung Adenocarcinoma (LUAD)_肺腺癌,Adenocarcinoma（左下葉肺癌）,Lung Adenocarcinoma (LUAD)
Lung Adenocarcinoma (LUAD)_肺腺癌,"adenocarcinoma, lung (肺腺癌）",Lung Adenocarcinoma (LUAD)
Lung Adenocarcinoma (LUAD)_肺腺癌,Adenocaricnoma,Lung Adenocarcinoma (LUAD)
Lung Adenocarcinoma (LUAD)_肺腺癌,Invasive mucinous adenocarcinoma,Lung Adenocarcinoma (LUAD)
Lung Adenocarcinoma (LUAD)_肺腺癌,papirally adenocarcinoma,Lung Adenocarcinoma (LUAD)
Lung Adenocarcinoma (LUAD)_肺腺癌,"Acinar Adenocarcinoma,G3,upper lobe of left lung（腺房腺癌）",Lung Adenocarcinoma (LUAD)
Lung Adenocarcinoma (LUAD)_肺腺癌,Adenocarcinoma of the lung metastatic to the celebellum,Lung Adenocarcinoma (LUAD)
Lung Adenocarcinoma (LUAD)_肺腺癌,Primary lung cancer (Adenocarcinoma),Lung Adenocarcinoma (LUAD)
Lung Adenocarcinoma (LUAD)_肺腺癌,肺低分化腺がん,Lung Adenocarcinoma (LUAD)
Lung Adenocarcinoma (LUAD)_肺腺癌,mucinous adenocarcinoma,Lung Adenocarcinoma (LUAD)
Lung Adenocarcinoma (LUAD)_肺腺癌,上葉肺腺癌,Lung Adenocarcinoma (LUAD)
Lung Adenocarcinoma (LUAD)_肺腺癌,adenocarcinoma（肺腺がん術後再発、多発肺転移）,Lung Adenocarcinoma (LUAD)
Lung Adenocarcinoma (LUAD)_肺腺癌,左肺腺癌,Lung Adenocarcinoma (LUAD)
Lung Adenocarcinoma (LUAD)_肺腺癌,"Adenocarcinoma,mucinous type",Lung Adenocarcinoma (LUAD)
Lung Adenocarcinoma (LUAD)_肺腺癌,Adenocarcinoma、left　luny,Lung Adenocarcinoma (LUAD)
Lung Adenocarcinoma (LUAD)_肺腺癌,"Non-small cell carcinoma, favor adenocarcinoma.",Lung Adenocarcinoma (LUAD)
Lung Adenocarcinoma (LUAD)_肺腺癌,well differentiated adenocarcinoma with mixed subtypes,Lung Adenocarcinoma (LUAD)
Lung Adenocarcinoma (LUAD)_肺腺癌,"adenpcarcinoma, lung （肺腺癌）",Lung Adenocarcinoma (LUAD)
Lung Adenocarcinoma (LUAD)_肺腺癌,Non-small　cell　carcinoma，favor　adenocarcinoma，right　lung,Lung Adenocarcinoma (LUAD)
Lung Adenocarcinoma (LUAD)_肺腺癌,"mucinous adenocarcinoma,right upper lung（粘液性腺癌）",Lung Adenocarcinoma (LUAD)
Lung Adenocarcinoma (LUAD)_肺腺癌,Non-small　cell　carcinoma，favor　adenocarcinoma，lung,Lung Adenocarcinoma (LUAD)
Lung Adenocarcinoma (LUAD)_肺腺癌,adnocarcinoma,Lung Adenocarcinoma (LUAD)
Lung Adenocarcinoma (LUAD)_肺腺癌,Adencarcinoma,Lung Adenocarcinoma (LUAD)
Lung Adenocarcinoma (LUAD)_肺腺癌,Lung Adenocarcinoma (LUAD)_肺腺癌,Lung Adenocarcinoma (LUAD)
Lung Adenocarcinoma (LUAD)_肺腺癌,"Adenocarcinoma, right upper lung",Lung Adenocarcinoma (LUAD)
Lung Adenocarcinoma (LUAD)_肺腺癌,"Non-small cell carcinoma , favor adenocarcinoma ",Lung Adenocarcinoma (LUAD)
Lung Adenocarcinoma (LUAD)_肺腺癌,右上葉肺腺癌,Lung Adenocarcinoma (LUAD)
Lung Adenocarcinoma (LUAD)_肺腺癌,Ｌｕｎｇ　Ａｄｅｎｏｃａｒｃｉｎｏｍａ,Lung Adenocarcinoma (LUAD)
Lung Adenocarcinoma (LUAD)_肺腺癌,"Metastatic adenocarcinoma, chest",Lung Adenocarcinoma (LUAD)
Lung Adenocarcinoma (LUAD)_肺腺癌,"Metastatic cancer, adenocarcinoma",Lung Adenocarcinoma (LUAD)
Lung Adenocarcinoma (LUAD)_肺腺癌,肺がん・胸腺がん 肺 腺癌,Lung Adenocarcinoma (LUAD)
Lung Adenocarcinoma (LUAD)_肺腺癌,Adenocarcinoma mixed type,Lung Adenocarcinoma (LUAD)
Lung Adenocarcinoma (LUAD)_肺腺癌,Invasive　Adenocarcinoma,Lung Adenocarcinoma (LUAD)
Lung Adenocarcinoma (LUAD)_肺腺癌,Invasive adenocaricinoma,Lung Adenocarcinoma (LUAD)
Lung Adenocarcinoma (LUAD)_肺腺癌,腺がん,Lung Adenocarcinoma (LUAD)
Lung Adenocarcinoma (LUAD)_肺腺癌,adenocarcioma,Lung Adenocarcinoma (LUAD)
Lung Adenocarcinoma (LUAD)_肺腺癌,肺門部肺腺癌,Lung Adenocarcinoma (LUAD)
Lung Adenocarcinoma (LUAD)_肺腺癌,Adenocarcinoma ,Lung Adenocarcinoma (LUAD)
Lung Adenocarcinoma (LUAD)_肺腺癌,Enteric adenocarcinoma,Lung Adenocarcinoma (LUAD)
Lung Adenocarcinoma (LUAD)_肺腺癌,Metastasisi of adenocarcinoma,Lung Adenocarcinoma (LUAD)
Lung Adenocarcinoma (LUAD)_肺腺癌,adenocarcinoma(肺腺癌),Lung Adenocarcinoma (LUAD)
Lung Adenocarcinoma (LUAD)_肺腺癌,右下葉肺腺癌術後再発,Lung Adenocarcinoma (LUAD)
Lung Adenocarcinoma (LUAD)_肺腺癌,"carcinomatous pleuritis, consistent with lung origin",Lung Adenocarcinoma (LUAD)
Lung Adenocarcinoma (LUAD)_肺腺癌,Acinar　adenocarcinoma,Lung Adenocarcinoma (LUAD)
Lung Adenocarcinoma (LUAD)_肺腺癌,Adenomacarcinoma　of　pulmonary　origin.,Lung Adenocarcinoma (LUAD)
Lung Adenocarcinoma (LUAD)_肺腺癌,肺乳頭状腺癌,Lung Adenocarcinoma (LUAD)
Lung Adenocarcinoma (LUAD)_肺腺癌,micropapillary　adenocarcinoma,Lung Adenocarcinoma (LUAD)
Lung Adenocarcinoma (LUAD)_肺腺癌,Invasive　adenocarcinoma,Lung Adenocarcinoma (LUAD)
Lung Adenocarcinoma (LUAD)_肺腺癌,adenocartinoma,Lung Adenocarcinoma (LUAD)
Lung Adenocarcinoma (LUAD)_肺腺癌,腺癌，ＮＯＳ,Lung Adenocarcinoma (LUAD)
Lung Adenocarcinoma (LUAD)_肺腺癌,Colloid adenocarcinoma,Lung Adenocarcinoma (LUAD)
Lung Adenocarcinoma (LUAD)_肺腺癌,Adenocarcinomama,Lung Adenocarcinoma (LUAD)
Lung Adenocarcinoma (LUAD)_肺腺癌,Papillary adenocarcinoma,Lung Adenocarcinoma (LUAD)
Lung Adenocarcinoma (LUAD)_肺腺癌,右肺腺癌,Lung Adenocarcinoma (LUAD)
Lung Adenocarcinoma (LUAD)_肺腺癌,"Lung cancer,adenocarcinoma",Lung Adenocarcinoma (LUAD)
Lung Adenocarcinoma (LUAD)_肺腺癌,原発性肺癌,Lung Adenocarcinoma (LUAD)
Lung Adenocarcinoma (LUAD)_肺腺癌,肺癌,Lung Adenocarcinoma (LUAD)
Lung Adenocarcinoma (LUAD)_肺腺癌,右下葉肺癌,Lung Adenocarcinoma (LUAD)
Lung Adenocarcinoma (LUAD)_肺腺癌,肺がん,Lung Adenocarcinoma (LUAD)
Lung Adenocarcinoma (LUAD)_肺腺癌,lung cancer,Lung Adenocarcinoma (LUAD)
Lung Adenocarcinoma In Situ (LAIS)_肺上皮内腺癌,Adenocarcinoma,Lung Adenocarcinoma (LUAD)
Lung Adenocarcinoma In Situ (LAIS)_肺上皮内腺癌,adenocarcinoma,Lung Adenocarcinoma (LUAD)
Lung Adenosquamous Carcinoma (LUAS)_肺腺扁平上皮癌,Adenosquamous cell carcinoma of the left lung.,Lung Adenocarcinoma (LUAD)
Lung Adenosquamous Carcinoma (LUAS)_肺腺扁平上皮癌,Lung Adenosquamous carcinoma,Lung Adenocarcinoma (LUAD)
Lung Neuroendocrine Tumor (LNET)_肺神経内分泌腫瘍,SMACA4 difficiency neuroendocrine dfferentiation,Lung Adenocarcinoma (LUAD)
Lung Neuroendocrine Tumor (LNET)_肺神経内分泌腫瘍,Neuroendocrine carcinoma,Lung Adenocarcinoma (LUAD)
Lung Squamous Cell Carcinoma (LUSC)_肺扁平上皮癌,"Non-small cell lung cancer, favor squamous cell carcinoma",Lung Adenocarcinoma (LUAD)
Lung Squamous Cell Carcinoma (LUSC)_肺扁平上皮癌,adenocarcinoma,Lung Adenocarcinoma (LUAD)
Non-Small Cell Lung Cancer (NSCLC)_非小細胞肺癌,"Carcinoma, non-small cell, favor adenocarcinoma",Lung Adenocarcinoma (LUAD)
Non-Small Cell Lung Cancer (NSCLC)_非小細胞肺癌,Invasive　Adenocarcinoma,Lung Adenocarcinoma (LUAD)
Non-Small Cell Lung Cancer (NSCLC)_非小細胞肺癌,Lung adenocarcinoma with mixed subtypes,Lung Adenocarcinoma (LUAD)
Non-Small Cell Lung Cancer (NSCLC)_非小細胞肺癌,Adenocarcinoma,Lung Adenocarcinoma (LUAD)
Non-Small Cell Lung Cancer (NSCLC)_非小細胞肺癌,肺低分化腺がん,Lung Adenocarcinoma (LUAD)
Non-Small Cell Lung Cancer (NSCLC)_非小細胞肺癌,adenocarcinoma,Lung Adenocarcinoma (LUAD)
Non-Small Cell Lung Cancer (NSCLC)_非小細胞肺癌,Invasive mucinous adenocarcinoma,Lung Adenocarcinoma (LUAD)
Non-Small Cell Lung Cancer (NSCLC)_非小細胞肺癌,腺癌,Lung Adenocarcinoma (LUAD)
Non-Small Cell Lung Cancer (NSCLC)_非小細胞肺癌,Non-small cell carcinoma favor adenocarcinoma,Lung Adenocarcinoma (LUAD)
Non-Small Cell Lung Cancer (NSCLC)_非小細胞肺癌,Adenocarcinoma in the lung,Lung Adenocarcinoma (LUAD)
Non-Small Cell Lung Cancer (NSCLC)_非小細胞肺癌,低分化癌,Lung Adenocarcinoma (LUAD)
Non-Small Cell Lung Cancer (NSCLC)_非小細胞肺癌,"Adenocarcinoma,right lung",Lung Adenocarcinoma (LUAD)
Non-Small Cell Lung Cancer (NSCLC)_非小細胞肺癌,adenocarcinoma with partially neuroendocrine differentiation,Lung Adenocarcinoma (LUAD)
Non-Small Cell Lung Cancer (NSCLC)_非小細胞肺癌,肺腺癌,Lung Adenocarcinoma (LUAD)
Non-Small Cell Lung Cancer (NSCLC)_非小細胞肺癌,腺癌，ＮＯＳ,Lung Adenocarcinoma (LUAD)
Non-Small Cell Lung Cancer (NSCLC)_非小細胞肺癌,Moderately differentiated adenocarcinoma,Lung Adenocarcinoma (LUAD)
Pleomorphic Carcinoma of the Lung (LUPC)_肺多形癌,Invasive adenocarcinoma,Lung Adenocarcinoma (LUAD)
Poorly Differentiated Non-Small Cell Lung Cancer (NSCLCPD)_低分化非小細胞肺癌,肺腺癌,Lung Adenocarcinoma (LUAD)
Sarcomatoid Carcinoma of the Lung (SARCL)_肺肉腫様癌,肺腺癌,Lung Adenocarcinoma (LUAD)
Small Cell Lung Cancer (SCLC)_小細胞肺癌,肺がん・胸腺がん,Lung Adenocarcinoma (LUAD)
,Solid predominat adenocaricoma,Lung Adenocarcinoma (LUAD)
,肺腺癌,Lung Adenocarcinoma (LUAD)
,adenocarcinoma,Lung Adenocarcinoma (LUAD)
,Adenocarcinoma,Lung Adenocarcinoma (LUAD)
,腺癌,Lung Adenocarcinoma (LUAD)
,Invasive papillary adenocarcinoma,Lung Adenocarcinoma (LUAD)
,Lung cancer(invasive adenocarcinoma),Lung Adenocarcinoma (LUAD)
,Metastatic adenocarcinoma,Lung Adenocarcinoma (LUAD)
,"Micropapillary adenocarcinoma , nonmucinous",Lung Adenocarcinoma (LUAD)
,"adenocarcinoma,acinar type",Lung Adenocarcinoma (LUAD)
,肺腺がん,Lung Adenocarcinoma (LUAD)
,Non small cell carcinoma (Adeno Carcinoma),Lung Adenocarcinoma (LUAD)
,Well to moderrately differentiated adenocarcinoma ,Lung Adenocarcinoma (LUAD)
,Adenocarcinoma（Poorly differentiated）,Lung Adenocarcinoma (LUAD)
,Adenocarcinoma ,Lung Adenocarcinoma (LUAD)
,Adenocarcinoma of the upper lobe of right lung,Lung Adenocarcinoma (LUAD)
,ADENOCARCINOMA,Lung Adenocarcinoma (LUAD)
,invasive adenocarcinoma,Lung Adenocarcinoma (LUAD)
,invasive adenocarcinoma(肺腺癌),Lung Adenocarcinoma (LUAD)
,Lung Adenocarcinoma,Lung Adenocarcinoma (LUAD)
,Poorly differntiated adenocarcinoma of the lung,Lung Adenocarcinoma (LUAD)
,"Lung, squamous cell carcinoma",Lung Adenocarcinoma (LUAD)
,"Adenocarcinoma, NOS",Lung Adenocarcinoma (LUAD)
,adenocarcinoma　(肺癌）,Lung Adenocarcinoma (LUAD)
,adenocarcinoma of the right upper lung,Lung Adenocarcinoma (LUAD)
,"Adenocarcinoma, metastatic",Lung Adenocarcinoma (LUAD)
,Papillary adenomarcinoma,Lung Adenocarcinoma (LUAD)
,adenocarcinoma of upper lobe of the left lung,Lung Adenocarcinoma (LUAD)
,Invasive acinar adenocarcinoma,Lung Adenocarcinoma (LUAD)
,肺癌（非小細胞肺癌、腺癌）,Lung Adenocarcinoma (LUAD)
,Adenocarcinoma of the lung.,Lung Adenocarcinoma (LUAD)
,Adenocarcinom,Lung Adenocarcinoma (LUAD)
,"Carcinoma of the lung, resection：Invasive adenocarcinoma, predominantly papillary type",Lung Adenocarcinoma (LUAD)
,adenocarcinoma（肺腺癌）,Lung Adenocarcinoma (LUAD)
,Mucin-producing adenocarcinoma,Lung Adenocarcinoma (LUAD)
,Invasive adenocarcinoma,Lung Adenocarcinoma (LUAD)
,Small Cell Carcinoma（肺小細胞がん）,Lung Adenocarcinoma (LUAD)
,adenocarcinoma with mixed subtypes,Lung Adenocarcinoma (LUAD)
,低分化腺癌,Lung Adenocarcinoma (LUAD)
,腺がん,Lung Adenocarcinoma (LUAD)
,"Acinar adenocarcinoma, with sarcomatoid minor component",Lung Adenocarcinoma (LUAD)
,adenocarcinoma （肺腺癌）,Lung Adenocarcinoma (LUAD)
,Invasive　adenocarcinoma,Lung Adenocarcinoma (LUAD)
,Fragments of adenocarcinoma,Lung Adenocarcinoma (LUAD)
,"Adenocarcinoma, lung and pleura.",Lung Adenocarcinoma (LUAD)
,Adenocarcinoma of the right upper lobe of the lung,Lung Adenocarcinoma (LUAD)
,"Adenocarcinoma, right lung",Lung Adenocarcinoma (LUAD)
,"adenocarcinoma, lung（肺腺癌）",Lung Adenocarcinoma (LUAD)
,Papillary adenocarcinoma,Lung Adenocarcinoma (LUAD)
,Adenocartinoma　Poorly　differentiated,Lung Adenocarcinoma (LUAD)
,非小細胞肺癌（favor adenocarcinoma),Lung Adenocarcinoma (LUAD)
,肺がん、腺がん、胸膜播種（肺腺がん）,Lung Adenocarcinoma (LUAD)
,"Adenocarcinoma, papillary(50%), acinar(20%),micropapillary(10%) adn lepidic component(10%)",Lung Adenocarcinoma (LUAD)
,肺腺癌　T4N2M1a stageⅣA,Lung Adenocarcinoma (LUAD)
,Acinar adenocarcinoma(AJCC Grade-2),Lung Adenocarcinoma (LUAD)
,Adenocarcinoma，NOS,Lung Adenocarcinoma (LUAD)
,Adenocarcinoma of the lung,Lung Adenocarcinoma (LUAD)
,Acinar adenocarcinoma,Lung Adenocarcinoma (LUAD)
,肺腺がん、adenocarcinoma（右肺腺がん）,Lung Adenocarcinoma (LUAD)
,Invasive mucinous adenocarcinoma,Lung Adenocarcinoma (LUAD)
,"Non-small cell carcinoma,favor adenocarcinoma",Lung Adenocarcinoma (LUAD)
,"Adenocarcinoma, right lung, TBB",Lung Adenocarcinoma (LUAD)
,Adenocarcinoma（左上葉原発性肺癌）,Lung Adenocarcinoma (LUAD)
,adenocacinoma,Lung Adenocarcinoma (LUAD)
,右上葉肺腺癌,Lung Adenocarcinoma (LUAD)
,"Adenocarcinoma metastasis to liver,needle biopsy",Lung Adenocarcinoma (LUAD)
,adenocarcinoma　neuroendcrine differentiation,Lung Adenocarcinoma (LUAD)
,"Non-small cell carcinoma, favor adenocarcinoma",Lung Adenocarcinoma (LUAD)
,"肺がん, adenocarcinoma（原発性肺腺がん）",Lung Adenocarcinoma (LUAD)
,adenocarcinoma 腺癌,Lung Adenocarcinoma (LUAD)
,Soild adenocarcinoma,Lung Adenocarcinoma (LUAD)
,Adenocarcinoma of the right lung.,Lung Adenocarcinoma (LUAD)
,adenocarcinoma of jung,Lung Adenocarcinoma (LUAD)
,Adeno carcinoma,Lung Adenocarcinoma (LUAD)
Lung Adenocarcinoma (LUAD)_肺腺癌,Invasive adenocarcinoma with focal squamous differentiation,Lung Adenosquamous Carcinoma (LUAS)
Lung Adenosquamous Carcinoma (LUAS)_肺腺扁平上皮癌,Adenosquamous carcinoma,Lung Adenosquamous Carcinoma (LUAS)
Lung Carcinoid (LUCA)_肺カルチノイド腫瘍,カルチノイド,Lung Carcinoid (LUCA)
Lung Carcinoid (LUCA)_肺カルチノイド腫瘍,typical carcinoid,Lung Carcinoid (LUCA)
,カルチノイド,Lung Carcinoid (LUCA)
,肺カルチノイド,Lung Carcinoid (LUCA)
Lung Neuroendocrine Tumor (LNET)_肺神経内分泌腫瘍,肺神経内分泌腺癌,Lung Neuroendocrine Carcinoma (LNEC)
Lung Neuroendocrine Tumor (LNET)_肺神経内分泌腫瘍,Neuroendocrinecarcinoma,Lung Neuroendocrine Carcinoma (LNEC)
Lung Neuroendocrine Tumor (LNET)_肺神経内分泌腫瘍,neuroendocrine carcinoma,Lung Neuroendocrine Carcinoma (LNEC)
Small Cell Lung Cancer (SCLC)_小細胞肺癌,Neuroendocrine Carcinoma,Lung Neuroendocrine Carcinoma (LNEC)
Small Cell Lung Cancer (SCLC)_小細胞肺癌,Metastatic neuroendocrine carcinoma,Lung Neuroendocrine Carcinoma (LNEC)
Small Cell Lung Cancer (SCLC)_小細胞肺癌,Neuroendocrinecarcinoma,Lung Neuroendocrine Carcinoma (LNEC)
,神経内分泌癌,Lung Neuroendocrine Carcinoma (LNEC)
,metastatic neuroendocrine carinoma suspected,Lung Neuroendocrine Carcinoma (LNEC)
,High-grade neuroendocrine carcinoma,Lung Neuroendocrine Carcinoma (LNEC)
,肺神経内分泌癌,Lung Neuroendocrine Carcinoma (LNEC)
Lung Neuroendocrine Tumor (LNET)_肺神経内分泌腫瘍,低異型度神経内分泌腫瘍,Lung Neuroendocrine Tumor (LNET)
,"Neuroendocrine tumors (lung, biopsy)",Lung Neuroendocrine Tumor (LNET)
Lung (LUNG)_肺,扁平上皮癌,Lung Squamous Cell Carcinoma (LUSC)
Lung (LUNG)_肺,Keratinaizing squamous cell carcinoma,Lung Squamous Cell Carcinoma (LUSC)
Lung (LUNG)_肺,肺扁平上皮癌,Lung Squamous Cell Carcinoma (LUSC)
Lung (LUNG)_肺,扁平上皮癌，NOS,Lung Squamous Cell Carcinoma (LUSC)
Lung (LUNG)_肺,Squamous cell carcinoma,Lung Squamous Cell Carcinoma (LUSC)
Lung Adenocarcinoma (LUAD)_肺腺癌,Squamous ceｌｌcarcinoma,Lung Squamous Cell Carcinoma (LUSC)
Lung Adenosquamous Carcinoma (LUAS)_肺腺扁平上皮癌,肺腺扁平上皮癌,Lung Adenosquamous Carcinoma (LUAS)
Lung Adenosquamous Carcinoma (LUAS)_肺腺扁平上皮癌,原発性肺癌（腺扁平上皮癌）,Lung Adenosquamous Carcinoma (LUAS)
Lung Squamous Cell Carcinoma (LUSC)_肺扁平上皮癌,non-keratinizing squamous cell carcinoma,Lung Squamous Cell Carcinoma (LUSC)
Lung Squamous Cell Carcinoma (LUSC)_肺扁平上皮癌,squamous cell carcinoma,Lung Squamous Cell Carcinoma (LUSC)
Lung Squamous Cell Carcinoma (LUSC)_肺扁平上皮癌,肺扁平上皮癌,Lung Squamous Cell Carcinoma (LUSC)
Lung Squamous Cell Carcinoma (LUSC)_肺扁平上皮癌,"Squamous cell carcinoma of left lung, upper lobe (S1+S2)",Lung Squamous Cell Carcinoma (LUSC)
Lung Squamous Cell Carcinoma (LUSC)_肺扁平上皮癌,扁平上皮癌,Lung Squamous Cell Carcinoma (LUSC)
Lung Squamous Cell Carcinoma (LUSC)_肺扁平上皮癌,Squamous cell carcinoma,Lung Squamous Cell Carcinoma (LUSC)
Lung Squamous Cell Carcinoma (LUSC)_肺扁平上皮癌,Squamous cell carcinoma（肺扁平上皮がん）,Lung Squamous Cell Carcinoma (LUSC)
Lung Squamous Cell Carcinoma (LUSC)_肺扁平上皮癌,Lung Squamous Cell Carcinoma,Lung Squamous Cell Carcinoma (LUSC)
Lung Squamous Cell Carcinoma (LUSC)_肺扁平上皮癌,keratinizing squamous carcinoma,Lung Squamous Cell Carcinoma (LUSC)
Lung Squamous Cell Carcinoma (LUSC)_肺扁平上皮癌,ＳＣＣ,Lung Squamous Cell Carcinoma (LUSC)
Lung Squamous Cell Carcinoma (LUSC)_肺扁平上皮癌,squamous cell carcinoma ,Lung Squamous Cell Carcinoma (LUSC)
Lung Squamous Cell Carcinoma (LUSC)_肺扁平上皮癌,Squamous cell carcinoma of the lung.,Lung Squamous Cell Carcinoma (LUSC)
Lung Squamous Cell Carcinoma (LUSC)_肺扁平上皮癌,Keratinizing squamous cell carcinoma,Lung Squamous Cell Carcinoma (LUSC)
Lung Squamous Cell Carcinoma (LUSC)_肺扁平上皮癌,肺癌（扁平上皮癌）,Lung Squamous Cell Carcinoma (LUSC)
Lung Squamous Cell Carcinoma (LUSC)_肺扁平上皮癌,keratinizing Squamous cell carcinoma.G2,Lung Squamous Cell Carcinoma (LUSC)
Lung Squamous Cell Carcinoma (LUSC)_肺扁平上皮癌,"Squamous cell carcinoma, poorly differentiated",Lung Squamous Cell Carcinoma (LUSC)
Lung Squamous Cell Carcinoma (LUSC)_肺扁平上皮癌,squamous　cell　carsinoma,Lung Squamous Cell Carcinoma (LUSC)
Lung Squamous Cell Carcinoma (LUSC)_肺扁平上皮癌,Squamous Cell Carcinoma,Lung Squamous Cell Carcinoma (LUSC)
Lung Squamous Cell Carcinoma (LUSC)_肺扁平上皮癌,squamous cell carcinoma nonkeratinizing,Lung Squamous Cell Carcinoma (LUSC)
Lung Squamous Cell Carcinoma (LUSC)_肺扁平上皮癌,Lung Squamous Cell Carcinoma (LUSC),Lung Squamous Cell Carcinoma (LUSC)
Lung Squamous Cell Carcinoma (LUSC)_肺扁平上皮癌,well diffrentiated squamous cell carcinoma,Lung Squamous Cell Carcinoma (LUSC)
Lung Squamous Cell Carcinoma (LUSC)_肺扁平上皮癌,"Squamous　cell carcinoma（metastatic　lung　cancer ,compatible)",Lung Squamous Cell Carcinoma (LUSC)
Lung Squamous Cell Carcinoma (LUSC)_肺扁平上皮癌,Lung sqmamous cell carcinoma,Lung Squamous Cell Carcinoma (LUSC)
Lung Squamous Cell Carcinoma (LUSC)_肺扁平上皮癌,,Lung Squamous Cell Carcinoma (LUSC)
Non-Small Cell Lung Cancer (NSCLC)_非小細胞肺癌,扁平上皮癌，NOS,Lung Squamous Cell Carcinoma (LUSC)
Non-Small Cell Lung Cancer (NSCLC)_非小細胞肺癌,Squamous cell carcinoma,Lung Squamous Cell Carcinoma (LUSC)
Non-Small Cell Lung Cancer (NSCLC)_非小細胞肺癌,"Squamous cell carcinoma, NOS",Lung Squamous Cell Carcinoma (LUSC)
Non-Small Cell Lung Cancer (NSCLC)_非小細胞肺癌,扁平上皮癌,Lung Squamous Cell Carcinoma (LUSC)
,Squamous cell carcinoma,Lung Squamous Cell Carcinoma (LUSC)
,扁平上皮癌,Lung Squamous Cell Carcinoma (LUSC)
,肺扁平上皮癌,Lung Squamous Cell Carcinoma (LUSC)
,squamous cell carcinoma,Lung Squamous Cell Carcinoma (LUSC)
,Squamous  cell carcinoma,Lung Squamous Cell Carcinoma (LUSC)
,Squamous　Cell Carcinoma,Lung Squamous Cell Carcinoma (LUSC)
,扁平上皮癌（nonkeratinizing squamous cell carcinoma ),Lung Squamous Cell Carcinoma (LUSC)
,Squamous cell carcinoma（肺扁平上皮がん）,Lung Squamous Cell Carcinoma (LUSC)
,扁平上皮がん,Lung Squamous Cell Carcinoma (LUSC)
,Non-small cell carcinoma favor squamous cell carcinoma,Lung Squamous Cell Carcinoma (LUSC)
,SCC,Lung Squamous Cell Carcinoma (LUSC)
,Squamous cell carcinoma（肺扁平上皮癌）,Lung Squamous Cell Carcinoma (LUSC)
,Poorly diffrentiated adenocarcinoma with squamous diffrentiation of the lung,Lung Squamous Cell Carcinoma (LUSC)
,"Squamous cell carcinoma , G2",Lung Squamous Cell Carcinoma (LUSC)
,squamous cell carcinoma 扁平上皮癌,Lung Squamous Cell Carcinoma (LUSC)
,Squamous carcinoma,Lung Squamous Cell Carcinoma (LUSC)
,SQUAMOUS　CELL　CARCINOMA,Lung Squamous Cell Carcinoma (LUSC)
Non-Small Cell Lung Cancer (NSCLC)_非小細胞肺癌,,Non-Small Cell Lung Cancer (NSCLC)
Adenoid Cystic Carcinoma of the Lung (LUACC)_肺腺様嚢胞癌,carcinoma (adenoid cystic + pap + etc.),Others
Lung (LUNG)_肺,malignant　melanoma,Others
Lung (LUNG)_肺,肺癌,Others
,肺癌,Others
,肺がん,Others
,,Others
,Lung cancer,Others
,原発性肺癌,Others
,SMARCA4欠損型腫瘍,Others
,Lung Cancer（肺がん）,Others
,脈絡叢乳頭癌,Others
,SMARCA4/A2-deficient thoracic sarcoma,Others
Lung (LUNG)_肺,Pleomorphic carcinoma,Pleomorphic Carcinoma of the Lung (LUPC)
Lung Adenocarcinoma (LUAD)_肺腺癌,肺原発の腺癌ないし腺癌への分化を示す多型癌の肝転移,Pleomorphic Carcinoma of the Lung (LUPC)
Pleomorphic Carcinoma of the Lung (LUPC)_肺多形癌,多型癌,Pleomorphic Carcinoma of the Lung (LUPC)
Pleomorphic Carcinoma of the Lung (LUPC)_肺多形癌,pleomorphic carcinoma,Pleomorphic Carcinoma of the Lung (LUPC)
Pleomorphic Carcinoma of the Lung (LUPC)_肺多形癌,肺多型癌（腺癌成分を含有）,Pleomorphic Carcinoma of the Lung (LUPC)
Pleomorphic Carcinoma of the Lung (LUPC)_肺多形癌,肺多形癌,Pleomorphic Carcinoma of the Lung (LUPC)
Pleomorphic Carcinoma of the Lung (LUPC)_肺多形癌,Pleomorphic carcinoma,Pleomorphic Carcinoma of the Lung (LUPC)
Sarcomatoid Carcinoma of the Lung (SARCL)_肺肉腫様癌,Malignant pleomorphic tumor,Pleomorphic Carcinoma of the Lung (LUPC)
Sarcomatoid Carcinoma of the Lung (SARCL)_肺肉腫様癌,肺肉腫様がん/多形がん,Pleomorphic Carcinoma of the Lung (LUPC)
Sarcomatoid Carcinoma of the Lung (SARCL)_肺肉腫様癌,多形癌,Pleomorphic Carcinoma of the Lung (LUPC)
,Pleomorphic carcinoma,Pleomorphic Carcinoma of the Lung (LUPC)
,多形癌,Pleomorphic Carcinoma of the Lung (LUPC)
,pleomorphic carcinoma,Pleomorphic Carcinoma of the Lung (LUPC)
Lung Adenocarcinoma (LUAD)_肺腺癌,Pulmonary Blastoma,Pleuropulmonary Blastoma (PPB)
Pleuropulmonary Blastoma (PPB)_胸膜肺芽腫,,Pleuropulmonary Blastoma (PPB)
,胸膜肺芽腫,Pleuropulmonary Blastoma (PPB)
Lung (LUNG)_肺,Choriocarcinoma involving of the right lung,Others
Lung (LUNG)_肺,carcinoma,Others
Lung Adenocarcinoma (LUAD)_肺腺癌,Non-small cell carcinoma,Lung Adenocarcinoma (LUAD)
Lung Adenocarcinoma (LUAD)_肺腺癌,carcinoma,Lung Adenocarcinoma (LUAD)
Lung Adenocarcinoma (LUAD)_肺腺癌,"Metastatic carcinoma, liver",Lung Adenocarcinoma (LUAD)
Lung Adenocarcinoma (LUAD)_肺腺癌,Metastatic cancer,Lung Adenocarcinoma (LUAD)
Lung Adenocarcinoma (LUAD)_肺腺癌,"Carcinoma, non-small cell,",Lung Adenocarcinoma (LUAD)
Lung Adenocarcinoma (LUAD)_肺腺癌,非小細胞癌,Lung Adenocarcinoma (LUAD)
Lung Adenocarcinoma (LUAD)_肺腺癌,非小細胞肺がん,Lung Adenocarcinoma (LUAD)
Lung Squamous Cell Carcinoma (LUSC)_肺扁平上皮癌,"Non-small cell carcinoma,favor squamous cell carcinoma",Lung Squamous Cell Carcinoma (LUSC)
Lung Squamous Cell Carcinoma (LUSC)_肺扁平上皮癌,"Non-small cell carcinoma, Poorly differentiated",Lung Squamous Cell Carcinoma (LUSC)
Lung Squamous Cell Carcinoma (LUSC)_肺扁平上皮癌,"Non-small cell carcinoma, favor squamous cell carcinoma",Lung Squamous Cell Carcinoma (LUSC)
Lung Squamous Cell Carcinoma (LUSC)_肺扁平上皮癌,Non-squamous Non-small cell lung cacer,Lung Squamous Cell Carcinoma (LUSC)
Non-Small Cell Lung Cancer (NSCLC)_非小細胞肺癌,Non Small Cell Lung Carcinoma,Lung Squamous Cell Carcinoma (LUSC)
Non-Small Cell Lung Cancer (NSCLC)_非小細胞肺癌,非小細胞肺がん,Non-Small Cell Lung Cancer (NSCLC)
Non-Small Cell Lung Cancer (NSCLC)_非小細胞肺癌,高異型度のcarcinoma,Others
Non-Small Cell Lung Cancer (NSCLC)_非小細胞肺癌,Non-small cell carcinoma,Non-Small Cell Lung Cancer (NSCLC)
Non-Small Cell Lung Cancer (NSCLC)_非小細胞肺癌,"non-small cell carcinoma, NOS, lung.",Non-Small Cell Lung Cancer (NSCLC)
Non-Small Cell Lung Cancer (NSCLC)_非小細胞肺癌,Metastasis of cartinoma,Non-Small Cell Lung Cancer (NSCLC)
Non-Small Cell Lung Cancer (NSCLC)_非小細胞肺癌,非小細胞肺癌,Non-Small Cell Lung Cancer (NSCLC)
Non-Small Cell Lung Cancer (NSCLC)_非小細胞肺癌,進行非小細胞肺癌,Non-Small Cell Lung Cancer (NSCLC)
Non-Small Cell Lung Cancer (NSCLC)_非小細胞肺癌,Carcinoma,Non-Small Cell Lung Cancer (NSCLC)
Non-Small Cell Lung Cancer (NSCLC)_非小細胞肺癌,Non-small cell Lung cancer,Non-Small Cell Lung Cancer (NSCLC)
Non-Small Cell Lung Cancer (NSCLC)_非小細胞肺癌,非小細胞癌,Non-Small Cell Lung Cancer (NSCLC)
Non-Small Cell Lung Cancer (NSCLC)_非小細胞肺癌,非小細胞性肺癌,Non-Small Cell Lung Cancer (NSCLC)
Non-Small Cell Lung Cancer (NSCLC)_非小細胞肺癌,Non-small cell carcinoma　（肺癌）,Non-Small Cell Lung Cancer (NSCLC)
Non-Small Cell Lung Cancer (NSCLC)_非小細胞肺癌,非小細胞肺癌　SMARCA4欠損,Non-Small Cell Lung Cancer (NSCLC)
Non-Small Cell Lung Cancer (NSCLC)_非小細胞肺癌,NSCLC,Non-Small Cell Lung Cancer (NSCLC)
Non-Small Cell Lung Cancer (NSCLC)_非小細胞肺癌,Non-small cell lung cancer,Non-Small Cell Lung Cancer (NSCLC)
Non-Small Cell Lung Cancer (NSCLC)_非小細胞肺癌,Non-Small Cell carcinoma,Non-Small Cell Lung Cancer (NSCLC)
NUT Carcinoma of the Lung (NUTCL)_肺NUT転座癌,Non-small cell carcinoma,Non-Small Cell Lung Cancer (NSCLC)
Poorly Differentiated Non-Small Cell Lung Cancer (NSCLCPD)_低分化非小細胞肺癌,非小細胞肺癌,Poorly Differentiated Non-Small Cell Lung Cancer (NSCLCPD)
Poorly Differentiated Non-Small Cell Lung Cancer (NSCLCPD)_低分化非小細胞肺癌,非小細胞肺癌（NOS),Poorly Differentiated Non-Small Cell Lung Cancer (NSCLCPD)
Poorly Differentiated Non-Small Cell Lung Cancer (NSCLCPD)_低分化非小細胞肺癌,non-small cell carcinoma,Poorly Differentiated Non-Small Cell Lung Cancer (NSCLCPD)
Poorly Differentiated Non-Small Cell Lung Cancer (NSCLCPD)_低分化非小細胞肺癌,低分化非小細胞肺がん,Poorly Differentiated Non-Small Cell Lung Cancer (NSCLCPD)
Poorly Differentiated Non-Small Cell Lung Cancer (NSCLCPD)_低分化非小細胞肺癌,Poorly Differentiated carcinoma,Poorly Differentiated Non-Small Cell Lung Cancer (NSCLCPD)
Poorly Differentiated Non-Small Cell Lung Cancer (NSCLCPD)_低分化非小細胞肺癌,"Carcinoma, poorly differentiated",Poorly Differentiated Non-Small Cell Lung Cancer (NSCLCPD)
Poorly Differentiated Non-Small Cell Lung Cancer (NSCLCPD)_低分化非小細胞肺癌,Metastatic carcinoma,Poorly Differentiated Non-Small Cell Lung Cancer (NSCLCPD)
Poorly Differentiated Non-Small Cell Lung Cancer (NSCLCPD)_低分化非小細胞肺癌,Poorly differentiated  non-small cell carcinoma,Poorly Differentiated Non-Small Cell Lung Cancer (NSCLCPD)
Poorly Differentiated Non-Small Cell Lung Cancer (NSCLCPD)_低分化非小細胞肺癌,carcinoma,Poorly Differentiated Non-Small Cell Lung Cancer (NSCLCPD)
Poorly Differentiated Non-Small Cell Lung Cancer (NSCLCPD)_低分化非小細胞肺癌,Non-Smal Cell Lung Cancer NOS,Poorly Differentiated Non-Small Cell Lung Cancer (NSCLCPD)
Poorly Differentiated Non-Small Cell Lung Cancer (NSCLCPD)_低分化非小細胞肺癌,Poorly differentiated carcinoma,Poorly Differentiated Non-Small Cell Lung Cancer (NSCLCPD)
Poorly Differentiated Non-Small Cell Lung Cancer (NSCLCPD)_低分化非小細胞肺癌,Poorly Differentiated Non-Small Cell Lung Cancer ,Poorly Differentiated Non-Small Cell Lung Cancer (NSCLCPD)
Small Cell Lung Cancer (SCLC)_小細胞肺癌,"Carcinoma, lung",Small Cell Lung Cancer (SCLC)
,Non-small cell carcinoma,Non-Small Cell Lung Cancer (NSCLC)
,"Carcinoma, non-small",Non-Small Cell Lung Cancer (NSCLC)
,carcinoma,Others
,NON-SMALL CELL CARCINOMA,Non-Small Cell Lung Cancer (NSCLC)
,"Carcinoma, non-small cell",Non-Small Cell Lung Cancer (NSCLC)
,"carcinoma, NSCLC",Non-Small Cell Lung Cancer (NSCLC)
,CARCINOMA，NOS（NSCLC),Non-Small Cell Lung Cancer (NSCLC)
,非小細胞肺癌,Non-Small Cell Lung Cancer (NSCLC)
,non-small cell carcinoma,Non-Small Cell Lung Cancer (NSCLC)
,Non small cell carcinoma,Non-Small Cell Lung Cancer (NSCLC)
,非小細胞肺がん,Non-Small Cell Lung Cancer (NSCLC)
,"Non-small carcinoma,NOS, LUNG",Non-Small Cell Lung Cancer (NSCLC)
,Metastatic carcinoma,Others
,非小細胞性肺がん,Non-Small Cell Lung Cancer (NSCLC)
,Non-small cell carcinoma of the right lung,Non-Small Cell Lung Cancer (NSCLC)
,"non small cell carcinoma, NOS",Non-Small Cell Lung Cancer (NSCLC)
,Metastasis of non-small cell carcinoma.,Non-Small Cell Lung Cancer (NSCLC)
,非小細胞性肺癌,Non-Small Cell Lung Cancer (NSCLC)
,Non-small　cell　Carcinoma,Non-Small Cell Lung Cancer (NSCLC)
,non^small cell carcinoma,Non-Small Cell Lung Cancer (NSCLC)
,"Carcinoma,poorly differentiated",Poorly Differentiated Non-Small Cell Lung Cancer (NSCLCPD)
,"Non-small cell lung carcinoma,NOS",Non-Small Cell Lung Cancer (NSCLC)
,Non small cell lung  cancer,Non-Small Cell Lung Cancer (NSCLC)
,NSCLC,Non-Small Cell Lung Cancer (NSCLC)
,非小細胞癌（NOS）,Non-Small Cell Lung Cancer (NSCLC)
Pleuropulmonary Blastoma (PPB)_胸膜肺芽腫,右胸膜肺芽腫,Pleuropulmonary Blastoma (PPB)
Salivary Gland-Type Tumor of the Lung (SGTTL)_唾液腺型肺癌,Myoepithelial　carcinoma,Salivary Gland-Type Tumor of the Lung (SGTTL)
Lung (LUNG)_肺,紡錘形細胞癌，NOS,Sarcomatoid Carcinoma of the Lung (SARCL)
Sarcomatoid Carcinoma of the Lung (SARCL)_肺肉腫様癌,胸壁腫瘍,Sarcomatoid Carcinoma of the Lung (SARCL)
Sarcomatoid Carcinoma of the Lung (SARCL)_肺肉腫様癌,肉腫様肺がん,Sarcomatoid Carcinoma of the Lung (SARCL)
Sarcomatoid Carcinoma of the Lung (SARCL)_肺肉腫様癌,Carcinosarcoma,Sarcomatoid Carcinoma of the Lung (SARCL)
Sarcomatoid Carcinoma of the Lung (SARCL)_肺肉腫様癌,肺がん肉腫,Sarcomatoid Carcinoma of the Lung (SARCL)
Sarcomatoid Carcinoma of the Lung (SARCL)_肺肉腫様癌,肺原発性平滑筋肉腫,Sarcomatoid Carcinoma of the Lung (SARCL)
Sarcomatoid Carcinoma of the Lung (SARCL)_肺肉腫様癌,肉腫様癌,Sarcomatoid Carcinoma of the Lung (SARCL)
Spindle Cell Carcinoma of the Lung (SPCC)_肺紡錘細胞癌,spindle cell carcinoma,Sarcomatoid Carcinoma of the Lung (SARCL)
Spindle Cell Carcinoma of the Lung (SPCC)_肺紡錘細胞癌,Spindle cell　carcinoma,Sarcomatoid Carcinoma of the Lung (SARCL)
,肺滑膜肉腫,Sarcomatoid Carcinoma of the Lung (SARCL)
,Carcinosarcoma,Sarcomatoid Carcinoma of the Lung (SARCL)
,leiomyosarcoma,Others
,sarucomatous carcinoma ,Sarcomatoid Carcinoma of the Lung (SARCL)
,肉腫,Others
,Lung cancer compatible with carcinosarcoma,Sarcomatoid Carcinoma of the Lung (SARCL)
Combined Small Cell Lung Carcinoma (CSCLC)_混合型小細胞肺癌,小細胞肺がん,Small Cell Lung Cancer (SCLC)
Combined Small Cell Lung Carcinoma (CSCLC)_混合型小細胞肺癌,小細胞肺癌,Small Cell Lung Cancer (SCLC)
Lung (LUNG)_肺,小細胞癌，NOS,Small Cell Lung Cancer (SCLC)
Lung (LUNG)_肺,小細胞肺癌,Small Cell Lung Cancer (SCLC)
Small Cell Lung Cancer (SCLC)_小細胞肺癌,肺がん,Small Cell Lung Cancer (SCLC)
Small Cell Lung Cancer (SCLC)_小細胞肺癌,小細胞癌,Small Cell Lung Cancer (SCLC)
Small Cell Lung Cancer (SCLC)_小細胞肺癌,small cell carcinoma,Small Cell Lung Cancer (SCLC)
Small Cell Lung Cancer (SCLC)_小細胞肺癌,Small cell carcinoma,Small Cell Lung Cancer (SCLC)
Small Cell Lung Cancer (SCLC)_小細胞肺癌,小細胞肺癌,Small Cell Lung Cancer (SCLC)
Small Cell Lung Cancer (SCLC)_小細胞肺癌,Small Cell carcinoma,Small Cell Lung Cancer (SCLC)
Small Cell Lung Cancer (SCLC)_小細胞肺癌,Small cell carcinoma of lung,Small Cell Lung Cancer (SCLC)
Small Cell Lung Cancer (SCLC)_小細胞肺癌,Small cell carcinoma of the rt. lung.,Small Cell Lung Cancer (SCLC)
Small Cell Lung Cancer (SCLC)_小細胞肺癌,小細胞肺癌　,Small Cell Lung Cancer (SCLC)
Small Cell Lung Cancer (SCLC)_小細胞肺癌,Small cell lung cancer,Small Cell Lung Cancer (SCLC)
Small Cell Lung Cancer (SCLC)_小細胞肺癌,"Lung cancer,Small cell carcinoma",Small Cell Lung Cancer (SCLC)
Small Cell Lung Cancer (SCLC)_小細胞肺癌,肺小細胞がん,Small Cell Lung Cancer (SCLC)
Small Cell Lung Cancer (SCLC)_小細胞肺癌,肺がん・胸腺がん　肺　小細胞型未分化癌,Small Cell Lung Cancer (SCLC)
Small Cell Lung Cancer (SCLC)_小細胞肺癌,小細胞肺がん,Small Cell Lung Cancer (SCLC)
Small Cell Lung Cancer (SCLC)_小細胞肺癌,Small Cell Lung Cancer,Small Cell Lung Cancer (SCLC)
Small Cell Lung Cancer (SCLC)_小細胞肺癌,small-cell carcinoma,Small Cell Lung Cancer (SCLC)
Small Cell Lung Cancer (SCLC)_小細胞肺癌,,Small Cell Lung Cancer (SCLC)
,Small cell carcinoma,Small Cell Lung Cancer (SCLC)
,"Metastasis of high-grade neuroendocrine carcinoma,compatible with small cell carcinoma",Small Cell Lung Cancer (SCLC)
,肺小細胞癌,Small Cell Lung Cancer (SCLC)
,小細胞癌,Small Cell Lung Cancer (SCLC)
,神経内分泌がん（小細胞がん）,Small Cell Lung Cancer (SCLC)
,小細胞肺癌,Small Cell Lung Cancer (SCLC)
,小細胞肺がん,Small Cell Lung Cancer (SCLC)
,small cell carcinoma,Small Cell Lung Cancer (SCLC)
,Small cell carcinoma  (肺癌）,Small Cell Lung Cancer (SCLC)
,小細胞がん,Small Cell Lung Cancer (SCLC)
,"Small cell carcinoma, meta（小細胞肺癌）",Small Cell Lung Cancer (SCLC)
,"Small Cell
Small cell lung cancer",Small Cell Lung Cancer (SCLC)
,Fragments of small cell carcinoma of the lung.,Small Cell Lung Cancer (SCLC)
,Small cell carcinoma.,Small Cell Lung Cancer (SCLC)
,Small cell carcinoma of the lung,Small Cell Lung Cancer (SCLC)
,Small cell lung cancer,Small Cell Lung Cancer (SCLC)
Lung Carcinoid (LUCA)_肺カルチノイド腫瘍,Carcinoid tumor,Lung Carcinoid (LUCA)
Combined Small Cell Lung Carcinoma (CSCLC)_混合型小細胞肺癌,肺小細胞がん,Combined Small Cell Lung Carcinoma (CSCLC)
Combined Small Cell Lung Carcinoma (CSCLC)_混合型小細胞肺癌,,Combined Small Cell Lung Carcinoma (CSCLC)
Combined Small Cell Lung Carcinoma (CSCLC)_混合型小細胞肺癌,Small cell carcinoma,Combined Small Cell Lung Carcinoma (CSCLC)
Large Cell Lung Carcinoma (LCLC)_肺大細胞癌,大細胞神経内分泌癌,Large Cell Lung Carcinoma (LCLC)
Large Cell Neuroendocrine Carcinoma (LUNE)_肺大細胞神経内分泌癌,Large　cell　neuroendocrine　carcinoma,Large Cell Neuroendocrine Carcinoma (LUNE)
Lung Adenocarcinoma (LUAD)_肺腺癌,Adenocarcinoma of the left lung,Lung Adenocarcinoma (LUAD)
Lung Adenocarcinoma (LUAD)_肺腺癌,肺腺癌（非小細胞肺癌）,Lung Adenocarcinoma (LUAD)
Lung Adenocarcinoma (LUAD)_肺腺癌,adenacarcinoma of lung,Lung Adenocarcinoma (LUAD)
Lung Adenocarcinoma (LUAD)_肺腺癌,"adenocarcinoma, lung",Lung Adenocarcinoma (LUAD)
Lung Adenocarcinoma (LUAD)_肺腺癌,肺腺癌，粘液性,Lung Adenocarcinoma (LUAD)
Lung Adenocarcinoma (LUAD)_肺腺癌,acinar adenocarcinoma,Lung Adenocarcinoma (LUAD)
Lung Adenocarcinoma (LUAD)_肺腺癌,"Invasive mucinous adenocarcinoma, G2",Lung Adenocarcinoma (LUAD)
Lung Adenocarcinoma (LUAD)_肺腺癌,Adenocarcinoma with acinar pattern,Lung Adenocarcinoma (LUAD)
Lung Adenocarcinoma (LUAD)_肺腺癌,Adenocarcinoma（右上葉肺腺癌）,Lung Adenocarcinoma (LUAD)
Lung Adenocarcinoma (LUAD)_肺腺癌,Lung Adenocarcinoma   肺腺癌　,Lung Adenocarcinoma (LUAD)
Lung Adenocarcinoma (LUAD)_肺腺癌,肺胎児性がん,Lung Adenocarcinoma (LUAD)
Lung Adenocarcinoma (LUAD)_肺腺癌,Adenocarcinoma（右中葉肺腺癌）,Lung Adenocarcinoma (LUAD)
Lung Adenocarcinoma (LUAD)_肺腺癌,乳頭状腺癌，ＮＯＳ,Lung Adenocarcinoma (LUAD)
Lung Adenocarcinoma (LUAD)_肺腺癌,poorly differentiated adenocarcinoma,Lung Adenocarcinoma (LUAD)
Lung Adenocarcinoma (LUAD)_肺腺癌,lung adenocarcinoma (肺腺癌）,Lung Adenocarcinoma (LUAD)
Lung Adenocarcinoma (LUAD)_肺腺癌,Adenocarcinoma with acinar and solid patterns,Lung Adenocarcinoma (LUAD)
Lung Adenocarcinoma (LUAD)_肺腺癌,Adenocarcioma,Lung Adenocarcinoma (LUAD)
Lung Adenocarcinoma (LUAD)_肺腺癌,Lung　adenocarcinoma,Lung Adenocarcinoma (LUAD)
Lung Adenocarcinoma (LUAD)_肺腺癌,"Adenocarcinoma, consistent with metastasis of lung cancer",Lung Adenocarcinoma (LUAD)
Lung Adenocarcinoma (LUAD)_肺腺癌,Lung　Adenocarcinoma,Lung Adenocarcinoma (LUAD)
Lung Adenocarcinoma (LUAD)_肺腺癌,Non-small　cell carcinoma,Lung Adenocarcinoma (LUAD)
Lung Adenocarcinoma (LUAD)_肺腺癌,Lung Adenocarcinoma（LUAD）,Lung Adenocarcinoma (LUAD)
Lung Adenocarcinoma (LUAD)_肺腺癌,"Adenocarcinoma，left　lung,TBB",Lung Adenocarcinoma (LUAD)
Lung Adenocarcinoma (LUAD)_肺腺癌,metastasis of papillary carcinoma,Lung Adenocarcinoma (LUAD)
Lung Adenosquamous Carcinoma (LUAS)_肺腺扁平上皮癌,,Lung Adenosquamous Carcinoma (LUAS)
Lung Adenosquamous Carcinoma (LUAS)_肺腺扁平上皮癌,扁平上皮癌,Lung Squamous Cell Carcinoma (LUSC)
Lung Adenosquamous Carcinoma (LUAS)_肺腺扁平上皮癌,肺腺癌扁平上皮癌,Lung Adenosquamous Carcinoma (LUAS)
Lung Adenosquamous Carcinoma (LUAS)_肺腺扁平上皮癌,扁平上皮癌，ＮＯＳ,Lung Squamous Cell Carcinoma (LUSC)
Lung Neuroendocrine Tumor (LNET)_肺神経内分泌腫瘍,neuroendcrine tumor,Lung Neuroendocrine Tumor (LNET)
Lung Neuroendocrine Tumor (LNET)_肺神経内分泌腫瘍,Atypical Lung Carcinoid,Lung Carcinoid (LUCA)
Lung Squamous Cell Carcinoma (LUSC)_肺扁平上皮癌,肺がん,Lung Squamous Cell Carcinoma (LUSC)
Lung Squamous Cell Carcinoma (LUSC)_肺扁平上皮癌,"肺扁平上皮癌（角化型扁平上皮癌）Lung Squamous Cell Carcinoma, Keratinizing Type Squamous Cell Carcinoma",Lung Squamous Cell Carcinoma (LUSC)
Non-Small Cell Lung Cancer (NSCLC)_非小細胞肺癌,CARCINOMA,Non-Small Cell Lung Cancer (NSCLC)
Non-Small Cell Lung Cancer (NSCLC)_非小細胞肺癌,肺細胞診：非小細胞癌NOS、胸水細胞診：陽性（腺癌推定）,Non-Small Cell Lung Cancer (NSCLC)
Non-Small Cell Lung Cancer (NSCLC)_非小細胞肺癌,肺非小細胞肺癌,Non-Small Cell Lung Cancer (NSCLC)
Non-Small Cell Lung Cancer (NSCLC)_非小細胞肺癌,--,Non-Small Cell Lung Cancer (NSCLC)
Poorly Differentiated Non-Small Cell Lung Cancer (NSCLCPD)_低分化非小細胞肺癌,Carcinoma,Poorly Differentiated Non-Small Cell Lung Cancer (NSCLCPD)
Poorly Differentiated Non-Small Cell Lung Cancer (NSCLCPD)_低分化非小細胞肺癌,肺がん・胸腺がん肺　非細胞肺癌（その他）,Poorly Differentiated Non-Small Cell Lung Cancer (NSCLCPD)
Sarcomatoid Carcinoma of the Lung (SARCL)_肺肉腫様癌,Carcinosaurcoma,Sarcomatoid Carcinoma of the Lung (SARCL)
Sarcomatoid Carcinoma of the Lung (SARCL)_肺肉腫様癌,,Sarcomatoid Carcinoma of the Lung (SARCL)
Small Cell Lung Cancer (SCLC)_小細胞肺癌,肺小細胞癌,Small Cell Lung Cancer (SCLC)
Small Cell Lung Cancer (SCLC)_小細胞肺癌,small cell lung carcinoma,Small Cell Lung Cancer (SCLC)
Small Cell Lung Cancer (SCLC)_小細胞肺癌,"Neuroendocrine tumor, small cell cancer",Small Cell Lung Cancer (SCLC)
Small Cell Lung Cancer (SCLC)_小細胞肺癌,small cell lung cancer,Small Cell Lung Cancer (SCLC)