﻿症例.基本情報.がん種.OncoTree..名称.,症例.背景情報.病理診断名,y
,,other
Osteoclastic Giant Cell Tumor (OSGCT)_膵未分化癌 (膵退形成癌)破骨細胞型巨細胞を伴う,Anaplastic carcinoma,other
Pancreas (PANCREAS)_膵臓,検体採取困難なため未施行,other
Pancreatic Adenocarcinoma (PAAD)_膵腺癌,病理組織なし,other
Pancreas (PANCREAS)_膵臓,未実施,other
Pancreas (PANCREAS)_膵臓,未確定,other
Pancreatic Adenocarcinoma (PAAD)_膵腺癌,なし,other
Pancreas (PANCREAS)_膵臓,不明,other
Pancreas (PANCREAS)_膵臓,組織学的診断不明,other
Pancreatic Adenocarcinoma (PAAD)_膵腺癌,転移性卵巣腫瘍　粘液性腺癌,other
Pancreatic Adenocarcinoma (PAAD)_膵腺癌,病理未確定（画像診断）,other
Pancreatic Adenocarcinoma (PAAD)_膵腺癌,病理診断なし,other
Pancreatic Adenocarcinoma (PAAD)_膵腺癌,詳細不明,other
Pancreas (PANCREAS)_膵臓,切除歴が無いため不明,other
Pancreas (PANCREAS)_膵臓,検体採取できず,other
Pancreas (PANCREAS)_膵臓,組織学的検査実施なしのため不明,other
Pancreas (PANCREAS)_膵臓,atypical cell,other
Pancreas (PANCREAS)_膵臓,Pancreas,other
Pancreas (PANCREAS)_膵臓,低分化膵癌,other
Pancreas (PANCREAS)_膵臓,malignant neoplasm,other
,Acinar cell carcinoma,PAAC_腺房細胞癌
,acinar cell caecinoma with neuroendocrine differentiation,PAAC_腺房細胞癌
,膵腺房細胞癌,PAAC_腺房細胞癌
,Aciner cell carcinoma,PAAC_腺房細胞癌
,Acinar cell carcinoma of the pancreas head.,PAAC_腺房細胞癌
,Aciner cell carcinoma in the liver,PAAC_腺房細胞癌
,Mucinous carcinoma with focal anaplastic/undifferentiated carcinoma,PAAC_腺房細胞癌
,anaplastic carcinoma,PAAC_腺房細胞癌
,"Pancreatoblastoma,acinar cell carcinoma cannot be ruled out",PAAC_腺房細胞癌
Pancreas (PANCREAS)_膵臓,膵腺房細胞癌,PAAC_腺房細胞癌
,acinar cell carcinoma,PAAC_腺房細胞癌
Acinar Cell Carcinoma of the Pancreas (PAAC)_膵腺房細胞癌,膵腺房細胞癌,PAAC_腺房細胞癌
Acinar Cell Carcinoma of the Pancreas (PAAC)_膵腺房細胞癌,acinar cell carcinoma,PAAC_腺房細胞癌
Acinar Cell Carcinoma of the Pancreas (PAAC)_膵腺房細胞癌,"mixed acinar-neuroendocrine carcinoma(tumor),pancreas(膵頭部癌)",PAAC_腺房細胞癌
Acinar Cell Carcinoma of the Pancreas (PAAC)_膵腺房細胞癌,Acinar cell carcinoma,PAAC_腺房細胞癌
Acinar Cell Carcinoma of the Pancreas (PAAC)_膵腺房細胞癌,Acinar-cell carcinoma,PAAC_腺房細胞癌
Acinar Cell Carcinoma of the Pancreas (PAAC)_膵腺房細胞癌,腺房細胞癌,PAAC_腺房細胞癌
Acinar Cell Carcinoma of the Pancreas (PAAC)_膵腺房細胞癌,Acinar cell carcinoma of the Pancreas（膵頭部がん、腺房細胞癌）,PAAC_腺房細胞癌
Acinar Cell Carcinoma of the Pancreas (PAAC)_膵腺房細胞癌,"acinar cell carcinoma with neudoendocrine differentiation,pancreas,",PAAC_腺房細胞癌
Pancreas (PANCREAS)_膵臓,acinar cell carcinoma（膵尾部腺房細胞癌、多発肝転移、リンパ節転移）,PAAC_腺房細胞癌
Pancreas (PANCREAS)_膵臓,intraductal papillary-mucinous carcinoma,PAAC_腺房細胞癌
Acinar Cell Carcinoma of the Pancreas (PAAC)_膵腺房細胞癌,"Carcinoma,suspicious of duct-acinar cell carcinoma",PAAC_腺房細胞癌
Acinar Cell Carcinoma of the Pancreas (PAAC)_膵腺房細胞癌,ACINAR CELL CARCINOMA,PAAC_腺房細胞癌
Pancreas (PANCREAS)_膵臓,Mixed acinar-ductal carcinoma,PAAC_腺房細胞癌
,低分化型腺癌,PAAD_腺癌
,adenocarcinoma,PAAD_腺癌
,invasive ductal carcinoma,PAAD_腺癌
,Adenocarcinoma,PAAD_腺癌
,中〜高文化型管状腺癌,PAAD_腺癌
,中分化型管状腺癌および退形成癌,PAAD_腺癌
,Tubular adenocarcinoma,PAAD_腺癌
Pancreatic Adenocarcinoma (PAAD)_膵腺癌,Invasive ductal carcinoma,PAAD_腺癌
,"Pancreas carcinoma, invasive ductal ca. tub2 ",PAAD_腺癌
,腺癌,PAAD_腺癌
,"adenocarcinoma,of pancreas",PAAD_腺癌
,"Adenocarcinoma, metastatic",PAAD_腺癌
,"Adenocarcinoma, tub2",PAAD_腺癌
,"Adenocarcinoma, tub1",PAAD_腺癌
,中分化型腺癌,PAAD_腺癌
,Invasive ductal carcinoma,PAAD_腺癌
,膵頭部癌,PAAD_腺癌
Pancreas (PANCREAS)_膵臓,Invasive ductal carcinoma of the pancreas(wel>mod),PAAD_腺癌
,浸潤性膵管癌tub2+tub1+por,PAAD_腺癌
,膵頭部癌肝転移,PAAD_腺癌
,Neuroendocrine Carcinoma,PAAD_腺癌
,Moderately differenciated tubular adenocarcinoma,PAAD_腺癌
,膵癌,PAAD_腺癌
,"Invasive ductal carcinoma, adenocarcinoma(mod)",PAAD_腺癌
,中分化型管状腺癌,PAAD_腺癌
Pancreas (PANCREAS)_膵臓,腺がん,PAAD_腺癌
,Pancreatic adenocarcinoma of the liver,PAAD_腺癌
,adenocarinoma,PAAD_腺癌
,膵尾部癌,PAAD_腺癌
,Invasive ductal carcinoma of the pancreas,PAAD_腺癌
,"Invasive ductal carcinoma, pancreas",PAAD_腺癌
Pancreas (PANCREAS)_膵臓,腺癌，NOS,PAAD_腺癌
,adenocarcinoma of the pancreas,PAAD_腺癌
,浸潤性膵管がん,PAAD_腺癌
,Invasive ductal carcinoma ,PAAD_腺癌
,膵癌　carcinoma of the pancres,PAAD_腺癌
,Peｒｉｔｏｎｅｕｍ,PAAD_腺癌
Pancreatic Adenocarcinoma (PAAD)_膵腺癌,膵癌,PAAD_腺癌
,中分化腺癌,PAAD_腺癌
,Invasive ductal carcinoma of pancreas,PAAD_腺癌
,Well to moderately differentiated adenocarcinoma,PAAD_腺癌
,Tubular adenocarcinoma ,PAAD_腺癌
,Invasive ductal carcinoma of the pancreas head,PAAD_腺癌
,Adonocarcinoma of the pancreas,PAAD_腺癌
,Adenocarcinoma of the pancreas,PAAD_腺癌
,中分化管状腺癌,PAAD_腺癌
,膵腺癌,PAAD_腺癌
,Pancreatic cancer,PAAD_腺癌
,Consistent with metastatic adenocarcinoma,PAAD_腺癌
Pancreas (PANCREAS)_膵臓,腺癌,PAAD_腺癌
,moderately differentiated tubular adenocarcinoma,PAAD_腺癌
,moderately differentiated tubular adenocarcinoma.,PAAD_腺癌
,adenocarcinoma，pancreas,PAAD_腺癌
Pancreas (PANCREAS)_膵臓,Adenocarcinoma,PAAD_腺癌
,"Adenocarcinoma,compatible,of the pancreas",PAAD_腺癌
,Ductal adenocarcinoma,PAAD_腺癌
,Pancreatic Adenocarcinoma ,PAAD_腺癌
Pancreas (PANCREAS)_膵臓,中分化型腺癌,PAAD_腺癌
Pancreas (PANCREAS)_膵臓,新生物，悪性,PAAD_腺癌
,"Pancreatic cancer,tub1>tub2",PAAD_腺癌
,moderately differentiated adenocarcinoma,PAAD_腺癌
,adenocarcinoma（通常型膵管癌）,PAAD_腺癌
,Tubuler adenocarcinoma,PAAD_腺癌
,neoplstic cell clusters,PAAD_腺癌
,"Invasive ductal carcinoma [adenocarcinoma(well)+intraductal papillary mucinous carcinoma,mixed type(infi]trative type + cystic type)",PAAD_腺癌
,Adenocarcinoma of the pancrea,PAAD_腺癌
,Anaplastic carcinoma,PAAD_腺癌
,Adenocarcinoma of the pancreatic head,PAAD_腺癌
,腺がん,PAAD_腺癌
,Adenocaricnoma,PAAD_腺癌
,Invasive ductal adenocarcinoma,PAAD_腺癌
,moderately〜poorly adenocarcinoma,PAAD_腺癌
,浸潤性膵管癌、中分化型腺癌,PAAD_腺癌
,浸潤性膵管癌,PAAD_腺癌
,Well　differentiated tublar adenocarcinoma,PAAD_腺癌
,Invasive ductal carcinoma with anaplastic component,PAAD_腺癌
,"Invasive ductal carcinoma , adenocarcinoma",PAAD_腺癌
,Carcinoma,PAAD_腺癌
,膵体部癌、肝転移、肺転移,PAAD_腺癌
,ADENOCARCINOMA,PAAD_腺癌
Pancreas (PANCREAS)_膵臓,Invasive ductal carcinoma (G2-G3),PAAD_腺癌
,"Invasive ductal carcinoma,[Pt,TS2(30×26×24㎜),infiltrative type,tub1>tub2（膵癌）",PAAD_腺癌
,"膵臓　invasive ductal carcinoma, tub1",PAAD_腺癌
,膵体尾部癌,PAAD_腺癌
,Metastatic adenocarcinoma in the liver,PAAD_腺癌
,Pancreus cancer,PAAD_腺癌
Pancreas (PANCREAS)_膵臓,"adenocarinoma,moderately differeniated type　(tub2>>por)",PAAD_腺癌
,Moderately differentiated adenocarcinoma,PAAD_腺癌
,Pancreatic Adenocarcinoma,PAAD_腺癌
,Adenocarcinoma of pancreas,PAAD_腺癌
Pancreas (PANCREAS)_膵臓,癌腫，NOS,PAAD_腺癌
,Ｐａｎｃｅｒｅａｓ　ｃａｎｃｅｒ，ｉｎｖａｓｉｖｅ　ｄｕｃｔａｌ　ｃａｒｃｉｎｏｍａ，　ｗｅｌｌ　ｄｉｆｆｅｒｅｎｔｉａｔｅｄ　ｔｙｐｅ,PAAD_腺癌
,膵がん,PAAD_腺癌
,管状腺癌,PAAD_腺癌
,"adenocarcinoma
    adenocarcinoma(膵癌）",PAAD_腺癌
Pancreas (PANCREAS)_膵臓,膵癌,PAAD_腺癌
,moderately tubular adenocarcinoma (膵体部癌）,PAAD_腺癌
,Invasive　ductal　carcinoma,PAAD_腺癌
,Well to poorly differentiated adenocarcinoma,PAAD_腺癌
Pancreas (PANCREAS)_膵臓,癌腫，退形成性，NOS,PAAD_腺癌
,中?低分化型腺癌,PAAD_腺癌
,膵体部癌,PAAD_腺癌
,"Invasive ductal carcinoma: Tubular adenocarcinoma, moderately",PAAD_腺癌
,膵頭部癌、腺癌、中分化型,PAAD_腺癌
,膵尾部癌（腺癌）,PAAD_腺癌
,adenocarcinoma 膵頭部癌術後再発,PAAD_腺癌
,Invasive ductal carcinoma (膵体部がん),PAAD_腺癌
,Adenocrcinoma,PAAD_腺癌
,浸潤性膵菅癌-中〜低分化腺癌,PAAD_腺癌
,"invasive ductal carcinoma,mucinous carcinoma（膵体尾部がん）",PAAD_腺癌
,pancreatic cancer,PAAD_腺癌
,Well differentiated ductal adenocarcinoma,PAAD_腺癌
,膵管癌,PAAD_腺癌
,膵頭部がん,PAAD_腺癌
,Adenocarcinoma、metastasis（膵がん）,PAAD_腺癌
,Pancrestic adenocarcinoma,PAAD_腺癌
,Adenocarcinom　of the pancreas,PAAD_腺癌
,膵癌、肝転移（膵がん）,PAAD_腺癌
Pancreas (PANCREAS)_膵臓,"腺癌(mod>wel,por)",PAAD_腺癌
,ductal adenocarcinoma,PAAD_腺癌
,Adenocarcinoma　of the pancreas,PAAD_腺癌
Pancreas (PANCREAS)_膵臓,Invasive ductal carcinoma,PAAD_腺癌
,Adenocarcinom of the pancreas,PAAD_腺癌
,浸潤性膵管癌（腺癌）,PAAD_腺癌
,"Adenocarcinoma (pancreas, EUS-FNA)",PAAD_腺癌
,Adenocarcinoma in the pancreas,PAAD_腺癌
,"adenocarcinoma, 膵体部癌・腹膜播種・傍大動脈リンパ節転移",PAAD_腺癌
,"Pancreatic carcinoma, invasive ductal carcinoma, mod-por",PAAD_腺癌
,"Invasive ductal carcinoma,pancreas head",PAAD_腺癌
,Adenocarcinoma of the Pancreas,PAAD_腺癌
,膵頭部癌、低分化型腺癌,PAAD_腺癌
,pancreatic adenocarcinoma,PAAD_腺癌
,Moderately to poorly differentiated tubular adenocarcinoma,PAAD_腺癌
,metastatic carcinoma,PAAD_腺癌
,膵臓がん,PAAD_腺癌
,膵腺管癌,PAAD_腺癌
,"adenocarcinoma, moderately differentiated",PAAD_腺癌
,Adenocacinoma,PAAD_腺癌
,"膵頭部癌, Adenocarcinoma, tub2（膵がん）",PAAD_腺癌
,Ductal adenocarcinoma ,PAAD_腺癌
," Residue of invasive ductal carcinoma of the pancreas, post-chemoradiotherapy",PAAD_腺癌
Pancreas (PANCREAS)_膵臓,膵癌　adenocarcinoma,PAAD_腺癌
," adenocarcinoma, moderately to poorly defferentiated type",PAAD_腺癌
,Moderately differentiated tubular adenocarcinoma,PAAD_腺癌
Pancreas (PANCREAS)_膵臓,"Invasive ductal carcinoma,mod",PAAD_腺癌
,"膵管腺がん,tub1-2　肺転移（膵がん、肺転移）",PAAD_腺癌
,"Adenocarcinoma, pancreas",PAAD_腺癌
,invasive ductal carcinoma(膵管腺がん）,PAAD_腺癌
,Mixed acinar-ductal carcinoma,PAAD_腺癌
,"Invasive ductal carcinoma, tub1（膵がん）",PAAD_腺癌
Pancreas (PANCREAS)_膵臓,carcinoma,PAAD_腺癌
,"Adenocarcinoma of pancreas,head",PAAD_腺癌
,"Adenocarcinoma,moderately differentiated type.",PAAD_腺癌
,膵頭部腺癌,PAAD_腺癌
,膵臓癌,PAAD_腺癌
,膵臓癌　膵癌　膵管腺癌,PAAD_腺癌
,Adenocarcinoma of the pancreas ,PAAD_腺癌
,invasive ductal adenocarinoma,PAAD_腺癌
,膵癌（腺癌）,PAAD_腺癌
Pancreas (PANCREAS)_膵臓,Invasive ductal　carcinoma,PAAD_腺癌
,Adenocarcinoma (膵体部癌）,PAAD_腺癌
,invasive ductal carcinoma of the pancreas,PAAD_腺癌
,"Invasive ductal carcinoma of the pancreatic head,pancreaticoduodenectomy",PAAD_腺癌
,膵尾部がん,PAAD_腺癌
,膵癌、浸潤性膵管癌 (mod)、adenocarcinoma（膵がん）,PAAD_腺癌
,"膵がん、invasive ductal carcinoma,tub2（膵体部がん）",PAAD_腺癌
,"Invasive ductal carcinoma, Tubular adenocarcinoma, moderately to well differentiated",PAAD_腺癌
,"Adenocarcinoma, EUS-FNA from pancreas.",PAAD_腺癌
,invasive ductal carcinoma of pancreas,PAAD_腺癌
Pancreas (PANCREAS)_膵臓,"Invasive ductal carcinoma,por>mod",PAAD_腺癌
,IDC of the pancreas（膵体尾部癌）,PAAD_腺癌
,"Invasive ductal carcinoma,adenocarcinoma(mod>wel>por)",PAAD_腺癌
,膵体部がん,PAAD_腺癌
,adenocaricinoma,PAAD_腺癌
,"Tubular adenocarcinoma,[pPh,pTS2(TS 25x20x15㎜),tubl+tub2,pT3,nodular type,intermediate type,INFb,ly１,v１,mpd０,pCH０,pDU１,prp０,pPV１(PVsm),PL０,pPCM０,pBCM０,pDPM０],SSPPD(膵鈎部癌)",PAAD_腺癌
,"膵がん, adenocarcinoma, tub2（膵がん）",PAAD_腺癌
,膵の管状腺癌,PAAD_腺癌
,膵がん、adenocarcinoma（膵がん）,PAAD_腺癌
,adenocarcinomas,PAAD_腺癌
,adenocarcinoma (膵頭部癌術後再発・多発リンパ節転移）,PAAD_腺癌
,腺癌(中分化型）,PAAD_腺癌
,adenocarcinoma　(膵臓癌),PAAD_腺癌
,ductal carcinoma,PAAD_腺癌
Pancreas (PANCREAS)_膵臓,高分化腺がん,PAAD_腺癌
,"Invasive ductal carcinoma, adenocarcinoma, well differentiated type",PAAD_腺癌
,Invasive ductal carcinoma （膵頭部膵癌）,PAAD_腺癌
,moderately differentialted tubular adenocarcinoa,PAAD_腺癌
,"adenocarcinoma, metastatic",PAAD_腺癌
Pancreas (PANCREAS)_膵臓,pancreatic cancer,PAAD_腺癌
,moderate〜poorly adenocarcinoma,PAAD_腺癌
,Adenocarcinoma ,PAAD_腺癌
Pancreas (PANCREAS)_膵臓,"adenocarcinoma,moderately differentiated type",PAAD_腺癌
,"Adenocarcinoma of the pancreatic body,fine needle aspiration biopsy",PAAD_腺癌
,膵がん adenocarcinoma（膵がん）,PAAD_腺癌
Pancreas (PANCREAS)_膵臓,adenocarcinoma,PAAD_腺癌
,膵がん、浸潤性膵管癌、tub2（膵がん術後再発）,PAAD_腺癌
,"Tubular adenocarcinoma,compatible with metastasis of pancreas cancer",PAAD_腺癌
,pancreatic　cancer,PAAD_腺癌
,tubular adenocarcinoma,PAAD_腺癌
,膵癌切除後　肺転移　胸膜転移　骨転移,PAAD_腺癌
,"Adenocarcinoma 
Adenocarcinoma 
Adenocarcinoma 
Adenocarcinoma",PAAD_腺癌
,"invasive ductal carcinoma of pancreas,moderately topoorly differentiated",PAAD_腺癌
,"Invasive ductal adenocarcinoma, Pancreas（膵臓癌）",PAAD_腺癌
,Adenocarcinoma of Pancreas,PAAD_腺癌
,"Metastatic carcinoma of pancreatic orign (invasive ductal carcinoma, tub2-pap>por)",PAAD_腺癌
,Adenocarinoma of the pancreas,PAAD_腺癌
Pancreas (PANCREAS)_膵臓,Invasive ductal carcinoma of the pancreas,PAAD_腺癌
,moderately differentiated adenocarinoma,PAAD_腺癌
,中から低分化管状腺癌　膵頭部癌,PAAD_腺癌
,Metastatic poorly to moderately differentiated adenocarcinoma,PAAD_腺癌
,"adenocarcinoma, involving the upper lobe of the right lung.",PAAD_腺癌
,Moderately differentiated adenocarcinoma.,PAAD_腺癌
,腺癌+,PAAD_腺癌
Pancreas (PANCREAS)_膵臓,低分化腺癌,PAAD_腺癌
,膵癌術後肝転移再発,PAAD_腺癌
,"Adenocarcinoma, moderately to poorly differentiated（膵尾部癌）",PAAD_腺癌
,adenocarcinoma of the pacreas,PAAD_腺癌
,adenocarcinoma (残膵癌・腹膜播種）,PAAD_腺癌
,"Invasive ductal carcinoma , moderately to poorly differentiated adnocarcinoma",PAAD_腺癌
,"Invasive ductal carcinoma,tubular adenocarcinoma,moderately differentiated type(tub2)",PAAD_腺癌
,膵頭部癌骨転移,PAAD_腺癌
,carcinoma,PAAD_腺癌
,Invasive ductal carcinoma / Pancreatic ductal adenocarcinoma,PAAD_腺癌
,invasive ductal carcinoma of the pancreatic head,PAAD_腺癌
,poorly differentiated adenocarcinoma,PAAD_腺癌
,"Adenocarcinoma,compatible with metastatic adenocarcinoma,of the liver,fine needle aspiration",PAAD_腺癌
,"invasive ductal carcinoma, tubular adenocarcinoma, moderately differentiated, surgical 膵体部癌",PAAD_腺癌
,膵がん、 adenocarcinoma tub2>por（膵がん）,PAAD_腺癌
Pancreatic Adenocarcinoma (PAAD)_膵腺癌,adenocarcinoma,PAAD_腺癌
,moderately differenciated adenocarcinoma,PAAD_腺癌
,"Invasive ductal carcinoma, Pancreas",PAAD_腺癌
,Invasive ductal carcinoma of pancreas head,PAAD_腺癌
Pancreas (PANCREAS)_膵臓,異所性膵癌,PAAD_腺癌
,Metastatic nuroendocrine tumor in the liver.,PAAD_腺癌
,adenocarcinma（膵臓癌）,PAAD_腺癌
,adenocarcinoma (膵癌）,PAAD_腺癌
,"Adenocarcinoma, pancreatic head, fine needle aspiration biopsy",PAAD_腺癌
,浸潤性膵管癌・低分化型腺癌,PAAD_腺癌
,"Invasive ductal carcinoma,well to moderately differentiated",PAAD_腺癌
,Metastatic carcinoma（adenocarcinoma)（原発Tubular adenocarcinoma moderate diff),PAAD_腺癌
,poorly differenciated carcinoma of pancreas,PAAD_腺癌
,Metastatic adenocarcinoma,PAAD_腺癌
Pancreas (PANCREAS)_膵臓,Adenocartinoma,PAAD_腺癌
,Adenocarcinoma　,PAAD_腺癌
,"Tubular adenocarcinoma,moderately differentiated （膵頭部癌）",PAAD_腺癌
,adenocarcimoma,PAAD_腺癌
Pancreatic Adenocarcinoma (PAAD)_膵腺癌,Adenocarcinoma,PAAD_腺癌
,poorly differentiated carcinoma,PAAD_腺癌
,"Invasive ductal carcinoma,pancreas",PAAD_腺癌
,浸潤性膵管癌（中分化型腺癌）,PAAD_腺癌
Pancreas (PANCREAS)_膵臓,Adenocarcinoma(tub2>tub1),PAAD_腺癌
,Adenocarcinoma　of　pancreas,PAAD_腺癌
,poorly differentiated adenocarcinoma or anaplastic carcinoma,PAAD_腺癌
Pancreas (PANCREAS)_膵臓,"Adenocarcinoma, poorly differentiated > moderately differentiated type",PAAD_腺癌
,Adenocaricinoma,PAAD_腺癌
,"adenocarcinoma, pancreas",PAAD_腺癌
,膵頭部癌（腺癌）,PAAD_腺癌
,Adenocarinoma,PAAD_腺癌
,Invasive ductal carcinoma of pancreas head ,PAAD_腺癌
,NEUROENDOCRINE TUMOR,PAAD_腺癌
,well differentiated adenocarcinoma,PAAD_腺癌
,invasiv ductal carcinoma,PAAD_腺癌
,"Adenocarcinoma, moderately differentiated type（膵尾部癌）",PAAD_腺癌
,膵癌　adenocarcinoma,PAAD_腺癌
,adenocarcinoma　of　pancreas,PAAD_腺癌
Pancreas (PANCREAS)_膵臓,"Invasive ductal carcinoma, mucinous carcinoma derived from IPMC",PAAD_腺癌
Pancreatic Adenocarcinoma (PAAD)_膵腺癌,中分化腺癌,PAAD_腺癌
Pancreas (PANCREAS)_膵臓,酔眼,PAAD_腺癌
Pancreas (PANCREAS)_膵臓,Carcinoma of the pancreas,PAAD_腺癌
Pancreatic Adenocarcinoma (PAAD)_膵腺癌,腺癌,PAAD_腺癌
Pancreatic Adenocarcinoma (PAAD)_膵腺癌,ADENOCARCINOMA,PAAD_腺癌
Pancreatic Adenocarcinoma (PAAD)_膵腺癌,"Invasive ductal carcinoma, mod",PAAD_腺癌
Pancreatic Adenocarcinoma (PAAD)_膵腺癌,腺癌，NOS,PAAD_腺癌
Pancreas (PANCREAS)_膵臓,Adenocarcinoma of the pancreatic head,PAAD_腺癌
Pancreatic Adenocarcinoma (PAAD)_膵腺癌,Adenocarcinoma of the Pancreas.,PAAD_腺癌
Pancreatic Adenocarcinoma (PAAD)_膵腺癌,中分化管状腺癌,PAAD_腺癌
Pancreatic Adenocarcinoma (PAAD)_膵腺癌,浸潤性膵管癌,PAAD_腺癌
Pancreas (PANCREAS)_膵臓,Adenocarcinoma（低分化）,PAAD_腺癌
Pancreatic Adenocarcinoma (PAAD)_膵腺癌,"Well differentiated adenocarcinoma, pancreas(高分化型腺癌 膵癌)",PAAD_腺癌
,adenocarcinoma　(膵癌、多発肺転移）,PAAD_腺癌
,"Invasive ductal carcinoma, poorly differentiated　（膵癌）",PAAD_腺癌
Pancreas (PANCREAS)_膵臓,浸潤性膵管癌,PAAD_腺癌
Pancreatic Adenocarcinoma (PAAD)_膵腺癌,"Invasive ductal carcinoma, pancreas",PAAD_腺癌
Pancreatic Adenocarcinoma (PAAD)_膵腺癌,Pancreatic Adenocarcinoma,PAAD_腺癌
Pancreas (PANCREAS)_膵臓,invasive ductal carcinoma,PAAD_腺癌
Pancreatic Adenocarcinoma (PAAD)_膵腺癌,invasive ductal carcinoma,PAAD_腺癌
Pancreatic Adenocarcinoma (PAAD)_膵腺癌,adenocarcnoma,PAAD_腺癌
,"Adenocarcinoma, consistent with meta, from the pancreas 
adenocarcinoma",PAAD_腺癌
Pancreatic Adenocarcinoma (PAAD)_膵腺癌,"Invasive ductal carcinoma,Adenocarcinoma,mod>por>wel",PAAD_腺癌
Pancreatic Adenocarcinoma (PAAD)_膵腺癌,"Invasive ductal carcinoma,moderately differentiated type",PAAD_腺癌
,膵癌肝転移,PAAD_腺癌
Pancreatic Adenocarcinoma (PAAD)_膵腺癌,Tubular ADENOCARCINOMA,PAAD_腺癌
Pancreatic Adenocarcinoma (PAAD)_膵腺癌,"膵体尾部がん,adenocarcinoma, tub2（膵がん）",PAAD_腺癌
,Residue of invasive ductal carcinoma ,PAAD_腺癌
Pancreatic Adenocarcinoma (PAAD)_膵腺癌,膵頭部腺癌,PAAD_腺癌
Pancreatic Adenocarcinoma (PAAD)_膵腺癌,pancreas ductal adenocarcinoma,PAAD_腺癌
Pancreatic Adenocarcinoma (PAAD)_膵腺癌,"Adenocarcinoma pancreas, biopsy",PAAD_腺癌
Pancreatic Adenocarcinoma (PAAD)_膵腺癌,invasive ductal adenocatcinoma,PAAD_腺癌
Pancreatic Adenocarcinoma (PAAD)_膵腺癌,Pancreatic Adenocarcinoma ,PAAD_腺癌
Pancreas (PANCREAS)_膵臓,Well differentiated tubular adenocarcinoma,PAAD_腺癌
Pancreas (PANCREAS)_膵臓,Adeocarcinoma,PAAD_腺癌
Pancreatic Adenocarcinoma (PAAD)_膵腺癌,invasive ductal adenocarcinoma,PAAD_腺癌
,Residue of invasive ductal carcinoma of the pancreas,PAAD_腺癌
Pancreatic Adenocarcinoma (PAAD)_膵腺癌,,PAAD_腺癌
Pancreatic Adenocarcinoma (PAAD)_膵腺癌,adenocarcinoma of pancreas,PAAD_腺癌
Pancreatic Adenocarcinoma (PAAD)_膵腺癌,"Invasive ductal carcinoma,adenocarcinoma",PAAD_腺癌
,"Invasive ductal carcinoma, moderately differentiated",PAAD_腺癌
,高分化〜低分化腺癌,PAAD_腺癌
Pancreatic Adenocarcinoma (PAAD)_膵腺癌,膵臓癌,PAAD_腺癌
Pancreatic Adenocarcinoma (PAAD)_膵腺癌,adenocarcionoma,PAAD_腺癌
Pancreatic Adenocarcinoma (PAAD)_膵腺癌,膵尾部癌（adenocarcinoma),PAAD_腺癌
Pancreatic Adenocarcinoma (PAAD)_膵腺癌,Ductal adenocarcinoma,PAAD_腺癌
Pancreatic Adenocarcinoma (PAAD)_膵腺癌,adenocarinoma,PAAD_腺癌
Pancreatic Adenocarcinoma (PAAD)_膵腺癌,pancreatic adenocarcinoma,PAAD_腺癌
Pancreatic Adenocarcinoma (PAAD)_膵腺癌,膵　腺癌,PAAD_腺癌
Pancreatic Adenocarcinoma (PAAD)_膵腺癌,invasive adenocarcinoma of the pancreas:poorly differentiated ductal carcinoma,PAAD_腺癌
,"poorly differentiated    
　　　adenocarcinoma 
poorly differentiated adenocarcinoma",PAAD_腺癌
Pancreatic Adenocarcinoma (PAAD)_膵腺癌,Invasive ductal carcinoma.,PAAD_腺癌
Pancreatic Adenocarcinoma (PAAD)_膵腺癌,Invasive ductal carcinoma of the pancreatic tail-body,PAAD_腺癌
Pancreatic Adenocarcinoma (PAAD)_膵腺癌,膵体部癌,PAAD_腺癌
Pancreatic Adenocarcinoma (PAAD)_膵腺癌,Moderately differentiated tubular adenocarcinoma of pancreas,PAAD_腺癌
,adenocarcinoma（膵尾部癌・多発肝転移・骨転移）,PAAD_腺癌
Pancreatic Adenocarcinoma (PAAD)_膵腺癌,"invasive ductal adenocarcinoma, well differentiated type",PAAD_腺癌
Acinar Cell Carcinoma of the Pancreas (PAAC)_膵腺房細胞癌,Adenocarcinoma of the pancreas.,PAAD_腺癌
Pancreatic Adenocarcinoma (PAAD)_膵腺癌,Invasive ductal carcinoma(mod>por),PAAD_腺癌
Pancreatic Adenocarcinoma (PAAD)_膵腺癌,invasive ductal carcinoma of pancreas,PAAD_腺癌
,Suspected carcinoma,PAAD_腺癌
,"carcinoma, metastatic",PAAD_腺癌
Pancreatic Adenocarcinoma (PAAD)_膵腺癌,膵未分化癌,PAAD_腺癌
Pancreatic Adenocarcinoma (PAAD)_膵腺癌,ductal carcinoma,PAAD_腺癌
Pancreatic Adenocarcinoma (PAAD)_膵腺癌,Invasive ductal carcinoma ,PAAD_腺癌
Pancreatic Adenocarcinoma (PAAD)_膵腺癌,adenocarcinoma of the pancreas,PAAD_腺癌
Pancreatic Adenocarcinoma (PAAD)_膵腺癌,Invasive ductal carcinoma of the pancreas,PAAD_腺癌
Pancreatic Adenocarcinoma (PAAD)_膵腺癌,"intraductal papillary-mucinous carcinoma, invasive",PAAD_腺癌
Pancreatic Adenocarcinoma (PAAD)_膵腺癌,Adenocarcinoma pancreas,PAAD_腺癌
Pancreatic Adenocarcinoma (PAAD)_膵腺癌,well differentiated adneocarcinama,PAAD_腺癌
Pancreatic Adenocarcinoma (PAAD)_膵腺癌,"tubular adenocarcinoma ,well to moderately differentiated type",PAAD_腺癌
Pancreatic Adenocarcinoma (PAAD)_膵腺癌,poorly differentiated adenocarcinoma,PAAD_腺癌
Pancreatic Adenocarcinoma (PAAD)_膵腺癌,膵尾部癌,PAAD_腺癌
,Adenocarcinoam,PAAD_腺癌
,"Invasive ductal carcinoma, Tubular adenocarcinoma, well differentiated",PAAD_腺癌
Pancreatic Adenocarcinoma (PAAD)_膵腺癌,Adenocarcinoma of the pancreas,PAAD_腺癌
Pancreatic Adenocarcinoma (PAAD)_膵腺癌,"Ductal adenocarcinoma, well differentiated",PAAD_腺癌
Pancreatic Adenocarcinoma (PAAD)_膵腺癌,tubular adenocarcinoma well differentiated type,PAAD_腺癌
,invasive ductal carcinoma(mod),PAAD_腺癌
Pancreatic Adenocarcinoma (PAAD)_膵腺癌,"Adenocarcinoma,moderately differentiated with well differentiated component,pancreas（膵尾部癌）",PAAD_腺癌
Pancreatic Adenocarcinoma (PAAD)_膵腺癌,Invasive ductal carcinoma of pancreas (膵臓癌）,PAAD_腺癌
Pancreatic Neuroendocrine Tumor (PANET)_膵神経内分泌腫瘍,Mixed neuroendocrine-non-neuroendocrine neoplasms(MiNEN)（膵内分泌腫瘍）,PAAD_腺癌
Pancreatic Adenocarcinoma (PAAD)_膵腺癌,中分化型腺癌,PAAD_腺癌
Pancreatic Adenocarcinoma (PAAD)_膵腺癌,Invasive ductal caarcinoma of the pancreas,PAAD_腺癌
Pancreatic Adenocarcinoma (PAAD)_膵腺癌,"Adenocarcinom,moderately differentiated with well and poorly differentiated(膵頭部癌）",PAAD_腺癌
Pancreatic Adenocarcinoma (PAAD)_膵腺癌,膵腺癌,PAAD_腺癌
Pancreatic Adenocarcinoma (PAAD)_膵腺癌,Pancreatic cancer,PAAD_腺癌
Pancreatic Adenocarcinoma (PAAD)_膵腺癌,中分化型管状腺癌,PAAD_腺癌
,浸潤性膵管腺癌,PAAD_腺癌
,中〜高分化管状腺癌,PAAD_腺癌
Pancreatic Adenocarcinoma (PAAD)_膵腺癌,"invasive ductal carcinoma, mucinoma carcinoma",PAAD_腺癌
Pancreatic Adenocarcinoma (PAAD)_膵腺癌,高分化腺癌,PAAD_腺癌
Pancreatic Adenocarcinoma (PAAD)_膵腺癌,Adenocorcinoma,PAAD_腺癌
Pancreatic Adenocarcinoma (PAAD)_膵腺癌,"Invasive ductal carcinoma, Tubular adenocarcinoma, moderately differentiated",PAAD_腺癌
Pancreatic Adenocarcinoma (PAAD)_膵腺癌,"Invasive ductal carcinoma,well differentiated adenocarcinoma",PAAD_腺癌
Pancreatic Adenocarcinoma (PAAD)_膵腺癌,"adenocarcinoma, pancreas (膵癌）",PAAD_腺癌
Pancreatic Adenocarcinoma (PAAD)_膵腺癌,浸潤性膵管癌、腺癌、高分化型,PAAD_腺癌
,adenocarcinoma（膵頭部癌、多発肝転移、腹膜播種）,PAAD_腺癌
Pancreas (PANCREAS)_膵臓,"Carcinoma,　Poorly　differentiated　",PAAD_腺癌
Undifferentiated Carcinoma of the Pancreas (UCP)_膵未分化癌 (膵退形成癌),Undifferentiated Carcinoma,PAAD_腺癌
Pancreatic Adenocarcinoma (PAAD)_膵腺癌,well diff.tublar ducctal adenocarcinoma,PAAD_腺癌
Pancreatic Adenocarcinoma (PAAD)_膵腺癌,"Invasive ductal carcinoma, pancrease",PAAD_腺癌
,adenocarcinoma（膵頭部癌、多発肝転移）,PAAD_腺癌
Pancreatic Adenocarcinoma (PAAD)_膵腺癌,"invasive ductal carcinoma, adenocarcinoma",PAAD_腺癌
Pancreatic Adenocarcinoma (PAAD)_膵腺癌,adenocarcinoma、poorly　differentiated,PAAD_腺癌
Pancreatic Adenocarcinoma (PAAD)_膵腺癌,膵頭部癌,PAAD_腺癌
Pancreatic Adenocarcinoma (PAAD)_膵腺癌,高分化型腺癌,PAAD_腺癌
Pancreas (PANCREAS)_膵臓,腺癌（浸潤性膵管癌）,PAAD_腺癌
Adenosquamous Carcinoma of the Pancreas (PAASC)_膵腺扁平上皮癌,Adenocaricinoma with squamous differentiation ,PAAD_腺癌
Intraductal Tubulopapillary Neoplasm (ITPN)_膵管内乳頭管状腫瘍,Invasive ductal carcinoma,PAAD_腺癌
Pancreatic Adenocarcinoma (PAAD)_膵腺癌,"Adenocarcinoma, well differentiated type",PAAD_腺癌
Pancreatic Adenocarcinoma (PAAD)_膵腺癌,Carcinoma,PAAD_腺癌
Pancreas (PANCREAS)_膵臓,"Carcinoma,adenocarcinoma or adenosquamous carcinoma ",PAAD_腺癌
Pancreatic Adenocarcinoma (PAAD)_膵腺癌,膵管癌,PAAD_腺癌
Adenosquamous Carcinoma of the Pancreas (PAASC)_膵腺扁平上皮癌,Adenosquamous carcinoma,PAAD_腺癌
Pancreatic Adenocarcinoma (PAAD)_膵腺癌,Ductal carcinoma in the heterotopic pancreas,PAAD_腺癌
Pancreatic Adenocarcinoma (PAAD)_膵腺癌,膵癌　anaplastic carcinoma(pleomorphic type),PAAD_腺癌
Pancreatic Adenocarcinoma (PAAD)_膵腺癌,膵癌　転移性肝腫瘍,PAAD_腺癌
Pancreatic Adenocarcinoma (PAAD)_膵腺癌,"invasive ductal carcinoma, pancreas",PAAD_腺癌
Pancreatic Adenocarcinoma (PAAD)_膵腺癌,"Adenocarcinoma, tub2",PAAD_腺癌
Pancreas (PANCREAS)_膵臓,Adenocarcinoma　metastatic to lymph node,PAAD_腺癌
Pancreatic Neuroendocrine Tumor (PANET)_膵神経内分泌腫瘍,"腫瘍,NOS",PAAD_腺癌
Pancreatic Adenocarcinoma (PAAD)_膵腺癌,"Invasive ductal carcinoma,Adenocarcinoma moderately differentiated type,pancreas",PAAD_腺癌
Pancreatic Adenocarcinoma (PAAD)_膵腺癌,Adenocarcinoma　moderately differentiated type,PAAD_腺癌
Pancreatic Adenocarcinoma (PAAD)_膵腺癌,"Invasive ductal carcinoma, adenocarcinoma, moderately differentiated type(膵頭部癌)",PAAD_腺癌
Pancreatic Adenocarcinoma (PAAD)_膵腺癌,Invasive ductal carcinoma of the pancreatic head,PAAD_腺癌
Pancreatic Adenocarcinoma (PAAD)_膵腺癌,Invasive ductal carcinoma of pancreas,PAAD_腺癌
Pancreatic Adenocarcinoma (PAAD)_膵腺癌,Invasive carcinoma,PAAD_腺癌
Pancreatic Adenocarcinoma (PAAD)_膵腺癌,浸潤性膵管癌（wel>>mod）,PAAD_腺癌
Pancreatic Adenocarcinoma (PAAD)_膵腺癌,"Adenocarcinoma,Squamaous cell carcinoma",PAAD_腺癌
Pancreatic Adenocarcinoma (PAAD)_膵腺癌,"Adenocarcinoma, poorly differentiated, of the pancreas",PAAD_腺癌
Pancreatic Adenocarcinoma (PAAD)_膵腺癌,Pancriatic Adenocacinoma,PAAD_腺癌
Pancreatic Adenocarcinoma (PAAD)_膵腺癌,膵管腺癌,PAAD_腺癌
Pancreatic Adenocarcinoma (PAAD)_膵腺癌,"Invasive ductal carcinoma, well differntiated adenocarcinoma of the pancreas",PAAD_腺癌
Pancreatic Adenocarcinoma (PAAD)_膵腺癌,Pancreatic Adenocarinoma,PAAD_腺癌
Pancreatic Adenocarcinoma (PAAD)_膵腺癌,Mucinous adenocarcinoma,PAAD_腺癌
Pancreatic Adenocarcinoma (PAAD)_膵腺癌,Tubular adenocarcinoma of the pancreas,PAAD_腺癌
,adenocarcinoma（膵頭部癌、多発肺転移）,PAAD_腺癌
Pancreatic Adenocarcinoma (PAAD)_膵腺癌,浸潤性膵管がん,PAAD_腺癌
Mucinous Cystic Neoplasm (MCN)_膵粘液性嚢胞腫瘍,"mucinous cystadenocarcinoma, invasive",PAAD_腺癌
Pancreatic Adenocarcinoma (PAAD)_膵腺癌,膵尾部腺癌,PAAD_腺癌
Pancreatic Adenocarcinoma (PAAD)_膵腺癌,Intraductal papillary mucinous carcinoma,PAAD_腺癌
Pancreatic Adenocarcinoma (PAAD)_膵腺癌,carcinoma,PAAD_腺癌
Pancreatic Adenocarcinoma (PAAD)_膵腺癌,低分化腺癌,PAAD_腺癌
Pancreatic Adenocarcinoma (PAAD)_膵腺癌,"ADENOCARCINOMA 
ADENOCARCINOMA 
ADENOCARCINOMA 
Adenocarcinoma",PAAD_腺癌
Pancreatic Adenocarcinoma (PAAD)_膵腺癌,adenocarcinoma　,PAAD_腺癌
Pancreatic Adenocarcinoma (PAAD)_膵腺癌,"膵原発腺癌(浸潤性膵管癌, 中分化型)",PAAD_腺癌
Pancreatic Adenocarcinoma (PAAD)_膵腺癌,浸潤性膵管癌、腺癌,PAAD_腺癌
Pancreatic Adenocarcinoma (PAAD)_膵腺癌,"Invasive ductal carcinoma,pancreas",PAAD_腺癌
Pancreatic Adenocarcinoma (PAAD)_膵腺癌,"Tubular adenocarcinoma,Well differentiated(tub1>tub2)",PAAD_腺癌
Pancreatic Adenocarcinoma (PAAD)_膵腺癌,Adenocarcinoma（膵がん）,PAAD_腺癌
Pancreatic Adenocarcinoma (PAAD)_膵腺癌,膵臓癌　肺転移,PAAD_腺癌
Pancreatic Adenocarcinoma (PAAD)_膵腺癌,Adenocarinoma,PAAD_腺癌
Pancreatic Adenocarcinoma (PAAD)_膵腺癌,Adenocarcinoma　of the pancreas,PAAD_腺癌
Pancreatic Adenocarcinoma (PAAD)_膵腺癌,Adenocarcinoma ,PAAD_腺癌
Pancreatic Adenocarcinoma (PAAD)_膵腺癌,carcinoma of the pancreas,PAAD_腺癌
Pancreas (PANCREAS)_膵臓,Carcinoma,PAAD_腺癌
Pancreatic Adenocarcinoma (PAAD)_膵腺癌,pancreatic ductal adenocarcinoma,PAAD_腺癌
Pancreatic Adenocarcinoma (PAAD)_膵腺癌,"Adenocarcinoma,moderately differentiated type",PAAD_腺癌
Pancreatic Adenocarcinoma (PAAD)_膵腺癌,"Adenocarcinoma,head of pancreas（膵頭部癌）",PAAD_腺癌
Pancreas (PANCREAS)_膵臓,Invasive　ductal carcinoma,PAAD_腺癌
Adenosquamous Carcinoma of the Pancreas (PAASC)_膵腺扁平上皮癌,adenosquamous carcinoma,PAAD_腺癌
,"Adenosquamous carcinoma, metastatic",PAAD_腺癌
Pancreatic Adenocarcinoma (PAAD)_膵腺癌,Pnacreatic ductal adenocarcinoma,PAAD_腺癌
Pancreatic Adenocarcinoma (PAAD)_膵腺癌,adenocarcinoma（膵尾部癌）,PAAD_腺癌
Pancreatic Adenocarcinoma (PAAD)_膵腺癌,"Invasive ductal carcinoma(adenocarcinoma,moderately differentiated with poorly differentiated component)(膵頭部癌)",PAAD_腺癌
Pancreatic Adenocarcinoma (PAAD)_膵腺癌,Invasible ductal carcinoma,PAAD_腺癌
Pancreatic Adenocarcinoma (PAAD)_膵腺癌,poorly diff. adencarcinoma,PAAD_腺癌
Pancreatic Adenocarcinoma (PAAD)_膵腺癌,Adenocarcinoma in the liver,PAAD_腺癌
Pancreatic Adenocarcinoma (PAAD)_膵腺癌,ductal adenocarcinoma (pancreas),PAAD_腺癌
Pancreatic Adenocarcinoma (PAAD)_膵腺癌,invasive ductal carcinoma. por>mod,PAAD_腺癌
Pancreatic Adenocarcinoma (PAAD)_膵腺癌,新生物，悪性,PAAD_腺癌
Pancreatic Adenocarcinoma (PAAD)_膵腺癌,Adenocarcinoma of the pancreas（膵腺癌）,PAAD_腺癌
Pancreatic Adenocarcinoma (PAAD)_膵腺癌,Invasive ductal carcinoma of the pancreas head.,PAAD_腺癌
Pancreatic Adenocarcinoma (PAAD)_膵腺癌,Invasive　ductal　carcinoma,PAAD_腺癌
Pancreatic Adenocarcinoma (PAAD)_膵腺癌,metastasis of pancreatic carcinoma,PAAD_腺癌
Pancreatic Adenocarcinoma (PAAD)_膵腺癌,"Invasive ductal carcinoma,adenocarcinoma,moderately differentiated type,tail of pancreas（膵尾部癌)",PAAD_腺癌
Pancreatic Adenocarcinoma (PAAD)_膵腺癌,"adenocarcinoma, consistent with metastasis of pancreatic adenocarcinoma.",PAAD_腺癌
Pancreatic Adenocarcinoma (PAAD)_膵腺癌,"Invasive ductal carcinoma,well differentiated adenocarcinoma,head of pancreas（膵頭部癌）",PAAD_腺癌
Pancreas (PANCREAS)_膵臓,膵管癌,PAAD_腺癌
Pancreatic Adenocarcinoma (PAAD)_膵腺癌,膵癌腹膜播種,PAAD_腺癌
Pancreatic Adenocarcinoma (PAAD)_膵腺癌,"carcinoma of ectopic pancreas, located in the duodenum",PAAD_腺癌
Pancreatic Adenocarcinoma (PAAD)_膵腺癌,Adenocarcinoma of Pancreas,PAAD_腺癌
Pancreatic Adenocarcinoma (PAAD)_膵腺癌,tub2>por,PAAD_腺癌
Acinar Cell Carcinoma of the Pancreas (PAAC)_膵腺房細胞癌,Adenocarcinoma,PAAD_腺癌
Adenosquamous Carcinoma of the Pancreas (PAASC)_膵腺扁平上皮癌,Ductal Carcnoma,PAAD_腺癌
Pancreatic Adenocarcinoma (PAAD)_膵腺癌,膵癌　膵管腺癌,PAAD_腺癌
Pancreatic Adenocarcinoma (PAAD)_膵腺癌,"adenocarcinoma, pancreas",PAAD_腺癌
Pancreatic Adenocarcinoma (PAAD)_膵腺癌,"invasive ductal carcinoma, moderately and poorly differentiated adenocarcinoma(tub2-por)（膵頭部がん）",PAAD_腺癌
Pancreatic Adenocarcinoma (PAAD)_膵腺癌,PDAC,PAAD_腺癌
Pancreatic Adenocarcinoma (PAAD)_膵腺癌,Invasive ductal carcinoma pancreas,PAAD_腺癌
Pancreatic Adenocarcinoma (PAAD)_膵腺癌,Tubular adenocarcinoma,PAAD_腺癌
Pancreatic Adenocarcinoma (PAAD)_膵腺癌,"ADENOCARCINOMA 
ADENOCARCINOMA 
Adenocaricinoma",PAAD_腺癌
Adenosquamous Carcinoma of the Pancreas (PAASC)_膵腺扁平上皮癌,adenocarcinoma,PAAD_腺癌
Pancreatic Adenocarcinoma (PAAD)_膵腺癌,adanocarcinoma,PAAD_腺癌
Pancreas (PANCREAS)_膵臓,,PAAD_腺癌
Pancreatic Adenocarcinoma (PAAD)_膵腺癌,酔眼,PAAD_腺癌
Pancreatic Adenocarcinoma (PAAD)_膵腺癌,Adenocarcinoma of the pancreas.,PAAD_腺癌
Pancreatic Adenocarcinoma (PAAD)_膵腺癌,adenocarcinoma　of　pancreas,PAAD_腺癌
Pancreatic Adenocarcinoma (PAAD)_膵腺癌,Adenocarcinoｍa,PAAD_腺癌
Pancreatic Adenocarcinoma (PAAD)_膵腺癌,"Invasive ductal carcinoma of the pancreas head, state after chemotherapy,",PAAD_腺癌
Pancreatic Adenocarcinoma (PAAD)_膵腺癌,膵癌　腺癌,PAAD_腺癌
Pancreatic Adenocarcinoma (PAAD)_膵腺癌,adenocarcinoma of panceas（膵臓癌）,PAAD_腺癌
Pancreatic Adenocarcinoma (PAAD)_膵腺癌,"Adenocarcinoma,metastatic",PAAD_腺癌
Acinar Cell Carcinoma of the Pancreas (PAAC)_膵腺房細胞癌,Carcinoma of the Pancreas,PAAD_腺癌
Pancreatic Adenocarcinoma (PAAD)_膵腺癌,腺がん,PAAD_腺癌
Intraductal Papillary Mucinous Neoplasm (IPMN)_膵管内乳頭粘液性腫瘍,膵管内乳頭粘液線癌,PAAD_腺癌
Pancreatic Adenocarcinoma (PAAD)_膵腺癌,"Adenocarcinoma of the pancreas,EUS-FNA",PAAD_腺癌
Pancreatic Adenocarcinoma (PAAD)_膵腺癌,"intraductal papillary mucinous carcinoma, invasive",PAAD_腺癌
Pancreas (PANCREAS)_膵臓,膵粘液癌,PAAD_腺癌
Pancreatic Adenocarcinoma (PAAD)_膵腺癌,"ADENOCARCINOMA 
ADENOCARCINOMA 
ADENOCARCINOMA 
ADENOCARCINOMA 
ADENOCARCINOMA",PAAD_腺癌
Pancreatic Adenocarcinoma (PAAD)_膵腺癌,Peritoneum Metastatic Adnocarcinoma,PAAD_腺癌
Pancreatic Adenocarcinoma (PAAD)_膵腺癌,"Metastatic Adenocarcinoma,originated in pancreatic cancer",PAAD_腺癌
Pancreas (PANCREAS)_膵臓,adenocarinoma（膵尾部癌術後、腹膜播種、リンパ節転移）,PAAD_腺癌
Pancreatic Adenocarcinoma (PAAD)_膵腺癌,tubular aenocarcinoma,PAAD_腺癌
Pancreatic Adenocarcinoma (PAAD)_膵腺癌,Moderately differentiated tubular adenocarcinoma of the pancreas.,PAAD_腺癌
Pancreatic Adenocarcinoma (PAAD)_膵腺癌,Invasive ductal adenocarcinoma,PAAD_腺癌
Pancreatic Adenocarcinoma (PAAD)_膵腺癌,"invasive ductal carcinoma, adenocarcinoma(moderately>poorly differentiated type)",PAAD_腺癌
Pancreatic Adenocarcinoma (PAAD)_膵腺癌,tubular adenocaricnoma,PAAD_腺癌
Pancreatic Adenocarcinoma (PAAD)_膵腺癌,Moderately differentiated tubular adenocarcinoma,PAAD_腺癌
Pancreatic Adenocarcinoma (PAAD)_膵腺癌,Pancreatic cancer(Invasive ductal carcinoma),PAAD_腺癌
Pancreatic Adenocarcinoma (PAAD)_膵腺癌,Moderately differentiated adenocarcinoma,PAAD_腺癌
Pancreatic Neuroendocrine Tumor (PANET)_膵神経内分泌腫瘍,"NEUROENDOCRINE TUMOR
NEUROENDOCRINE TUMOR",PAAD_腺癌
Pancreatic Adenocarcinoma (PAAD)_膵腺癌,IDC Tub Ad.,PAAD_腺癌
Pancreatic Adenocarcinoma (PAAD)_膵腺癌,pancreas adenocarcinoma,PAAD_腺癌
Pancreatic Adenocarcinoma (PAAD)_膵腺癌,膵癌（adenocarcinoma),PAAD_腺癌
Pancreatic Adenocarcinoma (PAAD)_膵腺癌,高分化管状腺癌,PAAD_腺癌
Pancreatic Adenocarcinoma (PAAD)_膵腺癌,moderately differentiated tubular adenocarcinoma,PAAD_腺癌
Pancreatic Adenocarcinoma (PAAD)_膵腺癌,adenoCa,PAAD_腺癌
Pancreatic Adenocarcinoma (PAAD)_膵腺癌,"Adenocarcinoma,well differentiated type",PAAD_腺癌
Undifferentiated Carcinoma of the Pancreas (UCP)_膵未分化癌 (膵退形成癌),hepatoiod carcinoma,PAAD_腺癌
Pancreatic Adenocarcinoma (PAAD)_膵腺癌,adenocarcinoma（膵がん）,PAAD_腺癌
Pancreatic Adenocarcinoma (PAAD)_膵腺癌,"Invasive ductal carcinoma,poorly to moderately differentiated tubular adenocarcinoma(por>mod)",PAAD_腺癌
Pancreatic Adenocarcinoma (PAAD)_膵腺癌,"adenocarcinoma, panreas (膵臓腺癌）",PAAD_腺癌
Pancreatic Adenocarcinoma (PAAD)_膵腺癌,Metastatic pancreatic adenocarcinoma,PAAD_腺癌
Pancreatic Adenocarcinoma (PAAD)_膵腺癌,"Invasive ductal carcinoma; Tubular adenocarcinoma, moderately differentiated",PAAD_腺癌
Pancreatic Adenocarcinoma (PAAD)_膵腺癌,Invasive ductal adenocarcinoma of pancreas,PAAD_腺癌
Acinar Cell Carcinoma of the Pancreas (PAAC)_膵腺房細胞癌,CARCINOMA,PAAD_腺癌
Pancreatic Adenocarcinoma (PAAD)_膵腺癌,"ADENOCARCINOMA 
ADENOCARCINOMA 
ADENOCARCINOMA",PAAD_腺癌
Pancreatic Adenocarcinoma (PAAD)_膵腺癌,腫瘍細胞，悪性,PAAD_腺癌
Adenosquamous Carcinoma of the Pancreas (PAASC)_膵腺扁平上皮癌,Carcinoma,PAAD_腺癌
Pancreatic Adenocarcinoma (PAAD)_膵腺癌,"adenocarcinoma, poorly diff. of pancreas body, (EUS-FNA)",PAAD_腺癌
Pancreatic Adenocarcinoma (PAAD)_膵腺癌,Ａｄｅｎｏｃａｒｃｉｎｏｍａ,PAAD_腺癌
Pancreatic Adenocarcinoma (PAAD)_膵腺癌,"Invasive ductal carcinoma, adenocarcinoma",PAAD_腺癌
Pancreatic Adenocarcinoma (PAAD)_膵腺癌,"Adenocarcinoma, metastatic",PAAD_腺癌
Pancreatic Adenocarcinoma (PAAD)_膵腺癌,Pancreatic Adenocarcinoma (PAAD)_膵腺癌,PAAD_腺癌
Intraductal Papillary Mucinous Neoplasm (IPMN)_膵管内乳頭粘液性腫瘍,"Intraductal papillary-mucinous carcinoma, invasive (pancreas)",PAAD_腺癌
Pancreas (PANCREAS)_膵臓,adenocarcinoma (膵鉤部癌、多発肺転移）,PAAD_腺癌
Adenosquamous Carcinoma of the Pancreas (PAASC)_膵腺扁平上皮癌,Carcinoma of the pancreas,PAAD_腺癌
Pancreatic Adenocarcinoma (PAAD)_膵腺癌,"moderately differentiated tubular adenocarcinoma , pancreas",PAAD_腺癌
Pancreatic Adenocarcinoma (PAAD)_膵腺癌,"Adenocarcinoma,moderately differentiated component,pancreas（膵頭部癌）",PAAD_腺癌
Pancreatic Adenocarcinoma (PAAD)_膵腺癌,"Pancreas carcinoma, invasive ductal carcinoma, tub2（膵がん）",PAAD_腺癌
Pancreatic Adenocarcinoma (PAAD)_膵腺癌,"Adenocarcinoma (pancreas, EUS-FNA)",PAAD_腺癌
Pancreatic Adenocarcinoma (PAAD)_膵腺癌,metastatic adenocarcinoma of liver (origin:pancreas cancer),PAAD_腺癌
Pancreatic Adenocarcinoma (PAAD)_膵腺癌,Adenocarcinoma (poorly differentiated type),PAAD_腺癌
Pancreatic Adenocarcinoma (PAAD)_膵腺癌,"adenocarinoma tub1, tub2",PAAD_腺癌
Pancreatic Adenocarcinoma (PAAD)_膵腺癌,Ductal　Adenocarcinoma,PAAD_腺癌
Pancreatic Adenocarcinoma (PAAD)_膵腺癌,"Invasive ductal carcinoma, well differentiated type",PAAD_腺癌
Pancreatic Adenocarcinoma (PAAD)_膵腺癌,moderately differentiated adenocarcinoma,PAAD_腺癌
Pancreatic Adenocarcinoma (PAAD)_膵腺癌,Well differentiated adenocarcinoma of the pancreas.,PAAD_腺癌
Pancreatic Adenocarcinoma (PAAD)_膵腺癌,"断 
ADENOCARCINOMA 
ADENOCARCINOMA",PAAD_腺癌
Pancreas (PANCREAS)_膵臓,pancreatic carcinoma,PAAD_腺癌
Pancreatic Adenocarcinoma (PAAD)_膵腺癌,"Adenocarcinoma,highly suspected, pancreas",PAAD_腺癌
Pancreatic Adenocarcinoma (PAAD)_膵腺癌,Moderately to poorly differentiated adenocarcinoma,PAAD_腺癌
Pancreatic Adenocarcinoma (PAAD)_膵腺癌,Duct adenocarcinoma,PAAD_腺癌
Pancreatic Adenocarcinoma (PAAD)_膵腺癌,"Invasive ductal carcinoma, moderetaly differentiated",PAAD_腺癌
Pancreas (PANCREAS)_膵臓,中分化型管状腺癌,PAAD_腺癌
Intraductal Papillary Mucinous Neoplasm (IPMN)_膵管内乳頭粘液性腫瘍,膵癌,PAAD_腺癌
Pancreatic Adenocarcinoma (PAAD)_膵腺癌,"Tubular adenocarcinoma,poorly differentiated type（por2>tub2）",PAAD_腺癌
Pancreas (PANCREAS)_膵臓,adenocarcinoma (por),PAAD_腺癌
Intraductal Papillary Mucinous Neoplasm (IPMN)_膵管内乳頭粘液性腫瘍,膵管内乳頭粘液性膵癌,PAAD_腺癌
Pancreas (PANCREAS)_膵臓,膵体部癌　invasive ductal adenocarcinoma,PAAD_腺癌
Pancreatic Adenocarcinoma (PAAD)_膵腺癌,管状腺癌,PAAD_腺癌
Pancreatic Adenocarcinoma (PAAD)_膵腺癌,膵臓癌 膵管腺癌,PAAD_腺癌
Pancreatic Adenocarcinoma (PAAD)_膵腺癌,adenocarcinoma（膵癌）,PAAD_腺癌
Pancreas (PANCREAS)_膵臓,中分化型腺癌　膵癌,PAAD_腺癌
Pancreatic Adenocarcinoma (PAAD)_膵腺癌,"adenocarcinoma, pancreas （膵腺癌）",PAAD_腺癌
Pancreatic Adenocarcinoma (PAAD)_膵腺癌,"a small amount of invasive carcinoma of the pancreas,poorly differented",PAAD_腺癌
Pancreatic Adenocarcinoma (PAAD)_膵腺癌,adenocarcinoma（膵頭部癌）,PAAD_腺癌
Pancreatic Adenocarcinoma (PAAD)_膵腺癌,膵頭部癌（腺癌＋神経内分泌腫瘍）,PAAD_腺癌
Pancreatic Adenocarcinoma (PAAD)_膵腺癌,Carcinoma，suspicious　of　adenocarcinoma，pancreas,PAAD_腺癌
Pancreatic Adenocarcinoma (PAAD)_膵腺癌,"Adenocarcinoma,needle biopsy",PAAD_腺癌
Pancreatic Adenocarcinoma (PAAD)_膵腺癌,膵体尾部癌　腺癌,PAAD_腺癌
Pancreatic Adenocarcinoma (PAAD)_膵腺癌,"tubular adenocarcinoma, moderately differenciated type",PAAD_腺癌
Pancreatic Adenocarcinoma (PAAD)_膵腺癌,"Invasive adenocarcinoma,pancreas",PAAD_腺癌
Pancreatic Adenocarcinoma (PAAD)_膵腺癌,pancreas cancer adenocarcinoma,PAAD_腺癌
Pancreas (PANCREAS)_膵臓,Pancreatic cancer(clinical diagnosis)（膵尾部癌）,PAAD_腺癌
Pancreatic Adenocarcinoma (PAAD)_膵腺癌,Pancreatic carcinoma,PAAD_腺癌
Intraductal Papillary Mucinous Neoplasm (IPMN)_膵管内乳頭粘液性腫瘍,"Intraductal papillary mucinous neoplasm with an associated invasive carcinoma (Intraductal papillary mucinous carcinoma, invasive)",PAAD_腺癌
Pancreatic Adenocarcinoma (PAAD)_膵腺癌,膵体部腺癌,PAAD_腺癌
Pancreatic Adenocarcinoma (PAAD)_膵腺癌,adenocarcnioma,PAAD_腺癌
Undifferentiated Carcinoma of the Pancreas (UCP)_膵未分化癌 (膵退形成癌),metastatic adenocarcinoma_probably serous adenocarcinoma,PAAD_腺癌
Pancreatic Adenocarcinoma (PAAD)_膵腺癌,高文化型腺癌,PAAD_腺癌
Adenosquamous Carcinoma of the Pancreas (PAASC)_膵腺扁平上皮癌,adenosquamous cell carcinoma of pancreas,PAAD_腺癌
Pancreatic Adenocarcinoma (PAAD)_膵腺癌,Pancreatic Adenocarcinoma（膵体部がん）,PAAD_腺癌
Intraductal Papillary Mucinous Neoplasm (IPMN)_膵管内乳頭粘液性腫瘍,Intraductal papillary-mucinous carcinoma,PAAD_腺癌
Intraductal Papillary Mucinous Neoplasm (IPMN)_膵管内乳頭粘液性腫瘍,膵管内乳頭粘液性腺癌,PAAD_腺癌
Pancreatic Adenocarcinoma (PAAD)_膵腺癌,Pancreatic adenocarcinoma,PAAD_腺癌
Pancreatic Adenocarcinoma (PAAD)_膵腺癌,膵がん,PAAD_腺癌
Intraductal Papillary Mucinous Neoplasm (IPMN)_膵管内乳頭粘液性腫瘍,膵管内乳頭粘液性癌,PAAD_腺癌
Pancreas (PANCREAS)_膵臓,Adenocarcinoma (膵臓癌),PAAD_腺癌
Pancreatic Adenocarcinoma (PAAD)_膵腺癌,invasible ductal carcinoma,PAAD_腺癌
Pancreatic Adenocarcinoma (PAAD)_膵腺癌, Adenocarcinoma,PAAD_腺癌
Pancreatic Adenocarcinoma (PAAD)_膵腺癌,adenocarcinoma(por),PAAD_腺癌
Pancreas (PANCREAS)_膵臓,adenocarcinoma suspected,PAAD_腺癌
Pancreas (PANCREAS)_膵臓,腺癌　膵癌,PAAD_腺癌
Pancreatic Adenocarcinoma (PAAD)_膵腺癌,Pancreas,PAAD_腺癌
Pancreatic Adenocarcinoma (PAAD)_膵腺癌,"invasive ductal carcinoma of the pancrers,moderately differentiated",PAAD_腺癌
Pancreatic Adenocarcinoma (PAAD)_膵腺癌,invasive pancreatic adenocarcinoma,PAAD_腺癌
Pancreatic Adenocarcinoma (PAAD)_膵腺癌,Invsdive ductal carcinoma,PAAD_腺癌
Pancreatic Adenocarcinoma (PAAD)_膵腺癌,metastatic tubular adenocarcinoma,PAAD_腺癌
Pancreatic Adenocarcinoma (PAAD)_膵腺癌,Invasive ductal carcinoma moderately differentiated carcinoma,PAAD_腺癌
Pancreatic Adenocarcinoma (PAAD)_膵腺癌,"pancreatic cancer, adenocarcinoma",PAAD_腺癌
Pancreatic Adenocarcinoma (PAAD)_膵腺癌,膵臓がん,PAAD_腺癌
Pancreatic Adenocarcinoma (PAAD)_膵腺癌,Panceas,PAAD_腺癌
Pancreatic Adenocarcinoma (PAAD)_膵腺癌,tubular adenocarcinoma,PAAD_腺癌
Pancreatic Adenocarcinoma (PAAD)_膵腺癌,tublar adenocarcinoma,PAAD_腺癌
Pancreatic Adenocarcinoma (PAAD)_膵腺癌,"adenocarcinoma,moderately to poorly differentiated",PAAD_腺癌
Pancreatic Adenocarcinoma (PAAD)_膵腺癌,adenocarcinoma　consistent　with　metastasis　of　pancreatic　cancer　,PAAD_腺癌
Pancreatic Adenocarcinoma (PAAD)_膵腺癌,invasive ductal caricnoma,PAAD_腺癌
Pancreatic Adenocarcinoma (PAAD)_膵腺癌,invasive ductal adenocarcinoma of pancreas,PAAD_腺癌
Pancreatic Adenocarcinoma (PAAD)_膵腺癌,"Tubular adenocarcinoma,moderately differentiated type",PAAD_腺癌
Intraductal Papillary Mucinous Neoplasm (IPMN)_膵管内乳頭粘液性腫瘍,Intraductal papillary mucinous carcinoma,PAAD_腺癌
Pancreatic Adenocarcinoma (PAAD)_膵腺癌,Adenocarinoma（膵）,PAAD_腺癌
Intraductal Papillary Mucinous Neoplasm (IPMN)_膵管内乳頭粘液性腫瘍,"intraductal papillary mucinous carcinoma, invasive",PAAD_腺癌
Mucinous Cystic Neoplasm (MCN)_膵粘液性嚢胞腫瘍,adenocarcinoma,PAAD_腺癌
Pancreatic Adenocarcinoma (PAAD)_膵腺癌,Pancreatic Adenocarcinoma (PAAD),PAAD_腺癌
Pancreatic Adenocarcinoma (PAAD)_膵腺癌,adenocarcinoma　膵体部癌,PAAD_腺癌
Pancreatic Adenocarcinoma (PAAD)_膵腺癌,膵癌（腺癌）,PAAD_腺癌
Pancreatic Adenocarcinoma (PAAD)_膵腺癌,"invasive ductal carcinoma tubular adenocarcinoma, moderately differentiated(膵頭部がん）",PAAD_腺癌
Pancreatic Adenocarcinoma (PAAD)_膵腺癌,tub2,PAAD_腺癌
Adenosquamous Carcinoma of the Pancreas (PAASC)_膵腺扁平上皮癌,Invasive　carcinoma,PAAD_腺癌
Pancreatic Adenocarcinoma (PAAD)_膵腺癌,Peritoneal dissemination of pancreas adenocarcinoma(膵がん、腹膜播種）,PAAD_腺癌
Pancreas (PANCREAS)_膵臓,"Adenocarcinoma, see description. (liver, biopsy)",PAAD_腺癌
Pancreatic Adenocarcinoma (PAAD)_膵腺癌,Poory differentiated carcinoma; pancreas,PAAD_腺癌
Pancreatic Adenocarcinoma (PAAD)_膵腺癌,pancreatic adenocarcinoma with lymph node metastasis,PAAD_腺癌
Pancreatic Adenocarcinoma (PAAD)_膵腺癌,腺癌，ＮＯＳ,PAAD_腺癌
Pancreatic Adenocarcinoma (PAAD)_膵腺癌,Adenocarcinoma、　Well　differentiated,PAAD_腺癌
Intraductal Papillary Mucinous Neoplasm (IPMN)_膵管内乳頭粘液性腫瘍,Intraductal papillary mucinous neoplasm with an associated invasive carcinoma,PAAD_腺癌
Pancreatic Adenocarcinoma (PAAD)_膵腺癌,Adenocarcinoma ; compatible with metastatic pancreatic adenocarcinoma,PAAD_腺癌
Pancreas (PANCREAS)_膵臓,膵管腺癌,PAAD_腺癌
Pancreatic Adenocarcinoma (PAAD)_膵腺癌,膵癌　Adenocarcinoma,PAAD_腺癌
Pancreatic Adenocarcinoma (PAAD)_膵腺癌,"Adenocarcinoma, consistent with metastasis of pancreatic cancer,skin（膵癌皮膚転移）",PAAD_腺癌
Pancreatic Adenocarcinoma (PAAD)_膵腺癌,"Adenocarcinoma,　Well　to　Moderately　differentiated",PAAD_腺癌
Pancreatic Adenocarcinoma (PAAD)_膵腺癌,"Invasive ductal carcinoma,well to moderately adenocarcinoma",PAAD_腺癌
Pancreatic Adenocarcinoma (PAAD)_膵腺癌,"Adenocarcinoma, head of pancreas.",PAAD_腺癌
Pancreatic Adenocarcinoma (PAAD)_膵腺癌,adenocarcinoma，pancreas，biopsy,PAAD_腺癌
Pancreatic Adenocarcinoma (PAAD)_膵腺癌,suspicious of adenocarcinoma（膵体部癌）,PAAD_腺癌
Pancreatic Adenocarcinoma (PAAD)_膵腺癌,膵癌 管状腺癌,PAAD_腺癌
Pancreatic Adenocarcinoma (PAAD)_膵腺癌,"Invasive adenocarcinoma,  pancreas.",PAAD_腺癌
Pancreatic Adenocarcinoma (PAAD)_膵腺癌,"Adenocarcinoma (pancreas, biopsy)",PAAD_腺癌
Pancreas (PANCREAS)_膵臓,adenocarcinoma(por) (膵臓がん),PAAD_腺癌
Pancreatic Adenocarcinoma (PAAD)_膵腺癌,Pancreatic Adenocarcinoma(PAAD),PAAD_腺癌
Pancreatic Adenocarcinoma (PAAD)_膵腺癌,低分化型腺癌,PAAD_腺癌
Pancreatic Adenocarcinoma (PAAD)_膵腺癌,膵臓 adenocarcinoma,PAAD_腺癌
Pancreatic Adenocarcinoma (PAAD)_膵腺癌,切除不能局所進行膵癌,PAAD_腺癌
Pancreatic Adenocarcinoma (PAAD)_膵腺癌,Invasive pancreatic ductal adenocarcinoma,PAAD_腺癌
Pancreatic Adenocarcinoma (PAAD)_膵腺癌,adenocaricinoma,PAAD_腺癌
Pancreatic Adenocarcinoma (PAAD)_膵腺癌,高分化型管状腺癌,PAAD_腺癌
Pancreatic Adenocarcinoma (PAAD)_膵腺癌,"Adenocarcinoma,moderately differentiated type(wel)，pancreas",PAAD_腺癌
Pancreatic Adenocarcinoma (PAAD)_膵腺癌,Pancreatic adenocarcinoma（膵体部がん）,PAAD_腺癌
Pancreatic Adenocarcinoma (PAAD)_膵腺癌,浸潤性膵管ガン,PAAD_腺癌
Pancreatic Adenocarcinoma (PAAD)_膵腺癌,原発不明癌,PAAD_腺癌
Pancreatic Adenocarcinoma (PAAD)_膵腺癌,Invasive ductal carcinoma（浸潤性管状腺癌）,PAAD_腺癌
Pancreatic Adenocarcinoma (PAAD)_膵腺癌,"Adenocarcinoma and intraductal papillary mucinous neoplasm,pancreas",PAAD_腺癌
Pancreatic Adenocarcinoma (PAAD)_膵腺癌,膵癌Adenocarcinoma,PAAD_腺癌
Pancreatic Adenocarcinoma (PAAD)_膵腺癌,IPMN with invasive carcinoma,PAAD_腺癌
Pancreatic Adenocarcinoma (PAAD)_膵腺癌,局所進行酔眼（膵体部）,PAAD_腺癌
Pancreatic Adenocarcinoma (PAAD)_膵腺癌,lnvasive　ductal　carcinoma,PAAD_腺癌
Pancreatic Adenocarcinoma (PAAD)_膵腺癌,Poorly differentiated adenocarcinoma,PAAD_腺癌
Pancreas (PANCREAS)_膵臓,膵臓癌,PAAD_腺癌
Pancreatic Adenocarcinoma (PAAD)_膵腺癌,IPMC,PAAD_腺癌
Pancreatic Adenocarcinoma (PAAD)_膵腺癌,"Adenocarcinoma of the pancreas,body-tail.",PAAD_腺癌
Pancreatic Adenocarcinoma (PAAD)_膵腺癌,adenocarcinomma,PAAD_腺癌
Pancreatic Adenocarcinoma (PAAD)_膵腺癌,Pancreatic Adenocarcinoma(PAAD) 膵腺癌,PAAD_腺癌
Pancreatic Adenocarcinoma (PAAD)_膵腺癌,"Invasive ductal carcinoma, moderately diff. type of pancreas cancer",PAAD_腺癌
Pancreatic Adenocarcinoma (PAAD)_膵腺癌,invasive ductal carcimona,PAAD_腺癌
Pancreatic Adenocarcinoma (PAAD)_膵腺癌,Pancreatic cancer（膵癌）,PAAD_腺癌
Pancreatic Adenocarcinoma (PAAD)_膵腺癌,asdenocarcinoma,PAAD_腺癌
Pancreatic Adenocarcinoma (PAAD)_膵腺癌,腺癌（膵尾部）　,PAAD_腺癌
Pancreatic Adenocarcinoma (PAAD)_膵腺癌,Adenocarcinoma metastasis to the liver,PAAD_腺癌
Acinar Cell Carcinoma of the Pancreas (PAAC)_膵腺房細胞癌,adenocarcioma（膵臓癌）,PAAD_腺癌
Pancreas (PANCREAS)_膵臓,pancreas carcinoma (膵臓癌、臨床診断）,PAAD_腺癌
Pancreas (PANCREAS)_膵臓,PANCREAS　CARCINOMA,PAAD_腺癌
Pancreas (PANCREAS)_膵臓,膵腺癌,PAAD_腺癌
Undifferentiated Carcinoma of the Pancreas (UCP)_膵未分化癌 (膵退形成癌),Undifferentiated carcinoma,PAAD_腺癌
Pancreatic Adenocarcinoma (PAAD)_膵腺癌,切除不能膵頭部癌,PAAD_腺癌
Pancreatic Adenocarcinoma (PAAD)_膵腺癌,粘液癌,PAAD_腺癌
Pancreatic Adenocarcinoma (PAAD)_膵腺癌,"ADENOCARCINOMA 
Adenocarcinoma",PAAD_腺癌
Acinar Cell Carcinoma of the Pancreas (PAAC)_膵腺房細胞癌,腺癌，NOS,PAAD_腺癌
Pancreatic Adenocarcinoma (PAAD)_膵腺癌,Adenocarcinoma（膵）,PAAD_腺癌
Pancreatic Adenocarcinoma (PAAD)_膵腺癌,Adenocarcinoma(por),PAAD_腺癌
Pancreatic Adenocarcinoma (PAAD)_膵腺癌,Group4　adenocarcinoma,PAAD_腺癌
Pancreatic Adenocarcinoma (PAAD)_膵腺癌,Moderate-poorly differentiated adenocarcinoma(tub2),PAAD_腺癌
Pancreatic Adenocarcinoma (PAAD)_膵腺癌,"Invasive Ductal Carcinoma, tubular adenocarcinoma",PAAD_腺癌
Pancreatic Adenocarcinoma (PAAD)_膵腺癌,Adenocarcinoma; pancreas,PAAD_腺癌
Pancreatic Adenocarcinoma (PAAD)_膵腺癌,膵臓中分化型腺癌,PAAD_腺癌
Intraductal Papillary Mucinous Neoplasm (IPMN)_膵管内乳頭粘液性腫瘍,intraductal papillary mucinous carcinoma，invasive,PAAD_腺癌
Pancreatic Adenocarcinoma (PAAD)_膵腺癌,Invasive Ductal carcinoma,PAAD_腺癌
Pancreatic Adenocarcinoma (PAAD)_膵腺癌,adenocarinoma（膵体部癌・腹膜播種・肝転移）,PAAD_腺癌
Pancreatic Adenocarcinoma (PAAD)_膵腺癌,well to moderately differentiated tubular adenocarcinoma,PAAD_腺癌
Pancreatic Adenocarcinoma (PAAD)_膵腺癌,"Adenocarcinoma :  
  -pancreas, pancreatoduodenectomy 
Adenocarcinoma :  
  -pancreas, pancreatoduodenectomy 
Adenocarcinoma",PAAD_腺癌
Pancreatic Adenocarcinoma (PAAD)_膵腺癌,well differentiated adenocarcinoma of pancreas,PAAD_腺癌
Pancreatic Adenocarcinoma (PAAD)_膵腺癌,unknown （膵頭部、腹膜播種、多発肺転移）,PAAD_腺癌
Pancreatic Adenocarcinoma (PAAD)_膵腺癌,不明（膵癌・多発肺転移）,PAAD_腺癌
Pancreatic Adenocarcinoma (PAAD)_膵腺癌,"Invasive ductal carcinoma,adenocarcinoma,moderately to poorly differentiated type",PAAD_腺癌
Acinar Cell Carcinoma of the Pancreas (PAAC)_膵腺房細胞癌,膵頭部癌,PAAD_腺癌
Pancreatic Adenocarcinoma (PAAD)_膵腺癌,Invasive Ductal Carcinoma,PAAD_腺癌
Intraductal Papillary Mucinous Neoplasm (IPMN)_膵管内乳頭粘液性腫瘍,intraductal papillary mucinous carcinoma,PAAD_腺癌
Pancreatic Adenocarcinoma (PAAD)_膵腺癌,膵尾部癌、多発肝転移,PAAD_腺癌
Pancreatic Adenocarcinoma (PAAD)_膵腺癌,"Ph, TS1,浸潤型,invasive ductal carcinoma, wel>mod, pT3, int, INFb, ly1,Vv0,ne1,mpd0,pCH1,pDU0,pS0,pRP0,pPV0,pA0,pPL0,pOO0,pPCM0,pBCM0,pDPM0,pN1b",PAAD_腺癌
Pancreatic Adenocarcinoma (PAAD)_膵腺癌,Pancreas cancer,PAAD_腺癌
Pancreatic Adenocarcinoma (PAAD)_膵腺癌,Adenocarcinoma（膵体尾部がん）,PAAD_腺癌
Pancreatic Adenocarcinoma (PAAD)_膵腺癌,"膵腺癌（por>med,wel)",PAAD_腺癌
Acinar Cell Carcinoma of the Pancreas (PAAC)_膵腺房細胞癌,Carcinoma,PAAD_腺癌
Pancreatic Adenocarcinoma (PAAD)_膵腺癌,poorly　differenciated adenocarcinoma,PAAD_腺癌
Pancreatic Adenocarcinoma (PAAD)_膵腺癌,"Adenocarcinoma, pancreas",PAAD_腺癌
Pancreatic Adenocarcinoma (PAAD)_膵腺癌,"Invasive ductal carcinoma, pancreas. FNA",PAAD_腺癌
Pancreatic Adenocarcinoma (PAAD)_膵腺癌,Tubular　adenocarcinoma,PAAD_腺癌
Pancreatic Adenocarcinoma (PAAD)_膵腺癌,膵腺癌（por>mod）,PAAD_腺癌
Pancreatic Adenocarcinoma (PAAD)_膵腺癌,"Invasive ductal carcinoma, moderately differentiated adenocarcinoma（膵頭部癌）",PAAD_腺癌
Pancreatic Adenocarcinoma (PAAD)_膵腺癌,腺管癌,PAAD_腺癌
Pancreatic Adenocarcinoma (PAAD)_膵腺癌,adenocarcinoma (膵臓),PAAD_腺癌
Pancreatic Adenocarcinoma (PAAD)_膵腺癌,Adenocarcinoma，suspected,PAAD_腺癌
Pancreatic Adenocarcinoma (PAAD)_膵腺癌,ductal adenocarcinoma,PAAD_腺癌
Pancreatic Adenocarcinoma (PAAD)_膵腺癌,膵癌 腺癌,PAAD_腺癌
Pancreatic Adenocarcinoma (PAAD)_膵腺癌,"Invasive ductal carcinoma, tubular adenocarcinoma,tub2",PAAD_腺癌
Pancreas (PANCREAS)_膵臓,病理採取できておりませんが、臨床的に膵癌と診断しました,PAAD_腺癌
Pancreatic Adenocarcinoma (PAAD)_膵腺癌,adenocarcinama,PAAD_腺癌
Pancreatic Adenocarcinoma (PAAD)_膵腺癌,Invasive ductal carcinoma of the pancreas head,PAAD_腺癌
Pancreatic Adenocarcinoma (PAAD)_膵腺癌,Well to moderately differentiated tubular adenocarcinoma,PAAD_腺癌
Pancreatic Adenocarcinoma (PAAD)_膵腺癌,adenocarcinoma (膵頭部癌、多発肝転移、腹膜播種),PAAD_腺癌
Pancreatic Adenocarcinoma (PAAD)_膵腺癌,Moderately differentiated tubular adenocarcinoma 膵臓,PAAD_腺癌
Pancreatic Adenocarcinoma (PAAD)_膵腺癌,Invasive adenocarcinoma,PAAD_腺癌
Pancreatic Adenocarcinoma (PAAD)_膵腺癌,"invacive ductal carcinoma ,well to moderately,infiltrating  into the bile duct and duodenal wall.",PAAD_腺癌
Pancreatic Adenocarcinoma (PAAD)_膵腺癌,adenocarcinoma(tub1),PAAD_腺癌
Undifferentiated Carcinoma of the Pancreas (UCP)_膵未分化癌 (膵退形成癌),Carcinoma,PAAD_腺癌
Pancreatic Adenocarcinoma (PAAD)_膵腺癌,ductal　adenocarcinoma,PAAD_腺癌
Pancreas (PANCREAS)_膵臓,臨床検査による診断,PAAD_腺癌
Pancreatic Adenocarcinoma (PAAD)_膵腺癌,"Invasive ductal carcinoma,well differentiated type",PAAD_腺癌
Pancreatic Adenocarcinoma (PAAD)_膵腺癌,"Tubular adenocarcinoma,poorly differentiated（多発膵癌）",PAAD_腺癌
Intraductal Papillary Mucinous Neoplasm (IPMN)_膵管内乳頭粘液性腫瘍,Intraductal papillary mucinous carcinoma（膵頭部癌）,PAAD_腺癌
Pancreatic Adenocarcinoma (PAAD)_膵腺癌,adenocarcinoma（膵頭部癌術後局所再発）,PAAD_腺癌
Pancreatic Adenocarcinoma (PAAD)_膵腺癌,Adenocarcinoma（膵体部癌）,PAAD_腺癌
Pancreatic Adenocarcinoma (PAAD)_膵腺癌,Adeno Ca.,PAAD_腺癌
Pancreatic Adenocarcinoma (PAAD)_膵腺癌,"invasive IPMC;intraductal papillary mucinous carcinoma,invasive;well differentiated tubular adenocarcinoma with mucin hypersecretion",PAAD_腺癌
Undifferentiated Carcinoma of the Pancreas (UCP)_膵未分化癌 (膵退形成癌),Mucinous cystadenocarcinoma ＋anaplastic carcinoma,PAAD_腺癌
Pancreatic Adenocarcinoma (PAAD)_膵腺癌,Pancreatic Cancer,PAAD_腺癌
Pancreatic Adenocarcinoma (PAAD)_膵腺癌,腺癌，転移性，ＮＯＳ,PAAD_腺癌
Pancreatic Adenocarcinoma (PAAD)_膵腺癌,adenocarcinoma  (膵臓、多発肝転移、リンパ節転移、左副腎転移）,PAAD_腺癌
Pancreatic Adenocarcinoma (PAAD)_膵腺癌,Pancreatic ductal adenocarcinoma,PAAD_腺癌
Pancreatic Adenocarcinoma (PAAD)_膵腺癌,"Invasive ductal carcinoma,Well differentiated",PAAD_腺癌
Pancreatic Adenocarcinoma (PAAD)_膵腺癌,adenocarcinoms,PAAD_腺癌
Acinar Cell Carcinoma of the Pancreas (PAAC)_膵腺房細胞癌,invasive ductal carcinoma of pancreas,PAAD_腺癌
Pancreatic Adenocarcinoma (PAAD)_膵腺癌,"Adenocarcinoma,pancreas,EUS-FNA",PAAD_腺癌
Pancreatic Adenocarcinoma (PAAD)_膵腺癌,Adenocarcinoma(膵尾部癌),PAAD_腺癌
Pancreatic Adenocarcinoma (PAAD)_膵腺癌,adenocarcinoma（膵腺癌）,PAAD_腺癌
Pancreatic Adenocarcinoma (PAAD)_膵腺癌,Invasive ductal carcioma,PAAD_腺癌
Pancreatic Adenocarcinoma (PAAD)_膵腺癌,浸潤性導管癌,PAAD_腺癌
Pancreatic Adenocarcinoma (PAAD)_膵腺癌,膵腺癌、中分化,PAAD_腺癌
Pancreatic Adenocarcinoma (PAAD)_膵腺癌,"Adenocarcinoma, ｍoderately differentiated type",PAAD_腺癌
Pancreatic Adenocarcinoma (PAAD)_膵腺癌,Pancreas adenocarcinoma,PAAD_腺癌
Pancreatic Adenocarcinoma (PAAD)_膵腺癌,"Pancreas, EUS-FNA: Adenocarcinoma, c/w pancreatic ductal carcinoma",PAAD_腺癌
Osteoclastic Giant Cell Tumor (OSGCT)_膵未分化癌 (膵退形成癌)破骨細胞型巨細胞を伴う,膵未分化癌,PAAD_腺癌
Pancreatic Adenocarcinoma (PAAD)_膵腺癌,Invasive ductal carcinoma of pancreas ,PAAD_腺癌
Pancreatic Adenocarcinoma (PAAD)_膵腺癌,"suspicious of adenocarcinoma, pancreas",PAAD_腺癌
Pancreatic Adenocarcinoma (PAAD)_膵腺癌,"Pb, TS1, infiltrative type, invasive ductal carcinoma, mod>por, int, INFb, ly1, v1, ne1, mpd0, pT3, ｐCHX, pDUX, pS0, pRP0, pPV0, pA1(Asp), pPLX, pOO0, pN1a",PAAD_腺癌
Pancreatic Adenocarcinoma (PAAD)_膵腺癌,腺癌（膵癌術後、局所再発）,PAAD_腺癌
Pancreatic Adenocarcinoma (PAAD)_膵腺癌,膵癌（膵管腺癌）,PAAD_腺癌
Pancreas (PANCREAS)_膵臓,膵臓腺癌,PAAD_腺癌
Pancreatic Adenocarcinoma (PAAD)_膵腺癌,adenocarcinoma，poorly　differentiated　type,PAAD_腺癌
Pancreatic Adenocarcinoma (PAAD)_膵腺癌,"Adenocarcinoma, moderately differentiated type (mod)",PAAD_腺癌
Pancreatic Adenocarcinoma (PAAD)_膵腺癌,膵頭部がん,PAAD_腺癌
Pancreatic Adenocarcinoma (PAAD)_膵腺癌,Invasive ductal　carcinoma,PAAD_腺癌
Pancreatic Adenocarcinoma (PAAD)_膵腺癌,moderately−poorly differentiated adenocarcinoma,PAAD_腺癌
Pancreatic Adenocarcinoma (PAAD)_膵腺癌, Invasive ductal carcinoma,PAAD_腺癌
Pancreatic Adenocarcinoma (PAAD)_膵腺癌,adenoacarcinoma,PAAD_腺癌
Pancreatic Adenocarcinoma (PAAD)_膵腺癌,膵尾部がん,PAAD_腺癌
Pancreatic Adenocarcinoma (PAAD)_膵腺癌,膵臓癌　腺癌,PAAD_腺癌
Pancreatic Adenocarcinoma (PAAD)_膵腺癌,腺癌（膵尾部癌、腹膜播種）,PAAD_腺癌
Pancreatic Adenocarcinoma (PAAD)_膵腺癌,adenocarcinoma (well>mod>por),PAAD_腺癌
Pancreatic Adenocarcinoma (PAAD)_膵腺癌,"Pncreas, EUS-FNA: Adenocarcinoma, c/w panceatic ductal carcinoma",PAAD_腺癌
Pancreatic Adenocarcinoma (PAAD)_膵腺癌,well differentiated tubular adenocarcinoma,PAAD_腺癌
Pancreatic Adenocarcinoma (PAAD)_膵腺癌,"Adenocarcinoma,moderately differentiated（膵尾部癌）",PAAD_腺癌
Pancreatic Adenocarcinoma (PAAD)_膵腺癌,Adenocaricinoma,PAAD_腺癌
Pancreatic Adenocarcinoma (PAAD)_膵腺癌,Metastatic adenocarcinoma,PAAD_腺癌
Pancreatic Adenocarcinoma (PAAD)_膵腺癌,Adenocarcinoma（膵管癌）,PAAD_腺癌
Pancreatic Adenocarcinoma (PAAD)_膵腺癌,"adenocarcinoma,invasive ductal carcinoma",PAAD_腺癌
Pancreatic Adenocarcinoma (PAAD)_膵腺癌,Ductal Adenocarcinoma,PAAD_腺癌
Pancreatic Adenocarcinoma (PAAD)_膵腺癌,Well differentiated adenocarcinoma,PAAD_腺癌
Pancreatic Adenocarcinoma (PAAD)_膵腺癌,Adenocarcinoma (膵鈎部癌),PAAD_腺癌
Pancreatic Adenocarcinoma (PAAD)_膵腺癌,Adenocarcinoma of pancreas,PAAD_腺癌
Acinar Cell Carcinoma of the Pancreas (PAAC)_膵腺房細胞癌,adenocarcinoma,PAAD_腺癌
Pancreatic Adenocarcinoma (PAAD)_膵腺癌,膵体部癌（線癌）,PAAD_腺癌
Pancreatic Adenocarcinoma (PAAD)_膵腺癌,Adenocarcinoma（膵頭部がん）,PAAD_腺癌
Pancreatic Adenocarcinoma (PAAD)_膵腺癌,Invasive ductal carcinoma/Pancreatic ductal adenocarcinoma,PAAD_腺癌
Pancreatic Adenocarcinoma (PAAD)_膵腺癌,Adenocarcinoma（膵腺癌）,PAAD_腺癌
Pancreatic Adenocarcinoma (PAAD)_膵腺癌,中〜高分化型腺癌,PAAD_腺癌
Pancreatic Adenocarcinoma (PAAD)_膵腺癌,"Invasive ductal carcinoma of the pancreatic head,moderately differentiated type（tub2）",PAAD_腺癌
Pancreatic Adenocarcinoma (PAAD)_膵腺癌,adenocarcinoma（膵頭部癌、多発肺転移）,PAAD_腺癌
Pancreatic Adenocarcinoma (PAAD)_膵腺癌,膵体部がん,PAAD_腺癌
Pancreatic Adenocarcinoma (PAAD)_膵腺癌,Invasiv ductal carcinoma、 mod＞wel,PAAD_腺癌
Pancreatic Adenocarcinoma (PAAD)_膵腺癌,Mucinous Adenocarcinoma（膵頭部がん）,PAAD_腺癌
Pancreatic Adenocarcinoma (PAAD)_膵腺癌,腺癌(膵体尾部癌、多発肝転移）,PAAD_腺癌
Pancreatic Adenocarcinoma (PAAD)_膵腺癌,膵管癌（腺癌）,PAAD_腺癌
Pancreatic Adenocarcinoma (PAAD)_膵腺癌,mucinous carcinoma and poorly differentiated adenocarcinoma,PAAD_腺癌
Pancreatic Adenocarcinoma (PAAD)_膵腺癌,"Invasive ductal carcinoma,infiltrative type",PAAD_腺癌
Pancreatic Adenocarcinoma (PAAD)_膵腺癌,poorly differentiated adenocarcinoma(膵臓）,PAAD_腺癌
Pancreatic Adenocarcinoma (PAAD)_膵腺癌,"pancreatic adenocarcinoma,invasive ductal carcinoma",PAAD_腺癌
Pancreatic Adenocarcinoma (PAAD)_膵腺癌,Adenocarcinoma疑い,PAAD_腺癌
Pancreatic Adenocarcinoma (PAAD)_膵腺癌,"Ph, TS1(8×6mm), invasive ductal carcinoma, mod, pT1b, int, INFb, ly0,v0,ne0,ｐCH1,ｐDU0,ｐS0,pRP0,pPV0,pA0,pPL0,pOO0, pN0,",PAAD_腺癌
Pancreatic Adenocarcinoma (PAAD)_膵腺癌,膵体尾部癌,PAAD_腺癌
Pancreatic Adenocarcinoma (PAAD)_膵腺癌,膵鉤部癌,PAAD_腺癌
Pancreatic Adenocarcinoma (PAAD)_膵腺癌,poorly differentiated carcinoma,PAAD_腺癌
Pancreatic Adenocarcinoma (PAAD)_膵腺癌,"Adenocarcinoma, NOS",PAAD_腺癌
Pancreatic Adenocarcinoma (PAAD)_膵腺癌,"invasive ductal carcinoma, moderatelydifferenticted type",PAAD_腺癌
Pancreatic Adenocarcinoma (PAAD)_膵腺癌,"Invasive ductal carcinoma, moderately to well differentiated adenocarcinoma",PAAD_腺癌
Pancreatic Adenocarcinoma (PAAD)_膵腺癌,"Adenocarcinoma,pancreas",PAAD_腺癌
Pancreatic Adenocarcinoma (PAAD)_膵腺癌,Adenocaricinoma（膵腺癌）,PAAD_腺癌
Pancreatic Adenocarcinoma (PAAD)_膵腺癌,膵癌　中分化型腺癌,PAAD_腺癌
Pancreatic Adenocarcinoma (PAAD)_膵腺癌,"adenocarcinoma, pancreas (膵腺癌）",PAAD_腺癌
Pancreatic Adenocarcinoma (PAAD)_膵腺癌,病理検体なし(画像的には典型的な浸潤性膵管癌),PAAD_腺癌
Pancreatic Adenocarcinoma (PAAD)_膵腺癌,"invasive ductal carcinoma,poorly differentiated,pancreas",PAAD_腺癌
Pancreatic Adenocarcinoma (PAAD)_膵腺癌,Adenocarcinoma(tub1+tub2),PAAD_腺癌
Pancreatic Adenocarcinoma (PAAD)_膵腺癌,Highly suspicious of adenocarcinoma,PAAD_腺癌
Pancreatic Adenocarcinoma (PAAD)_膵腺癌,Invasive ductal Adenocarcinoma,PAAD_腺癌
Pancreatic Adenocarcinoma (PAAD)_膵腺癌,"Adenocarcinoma,well differentiated type,",PAAD_腺癌
Pancreatic Adenocarcinoma (PAAD)_膵腺癌,adenocarcinoma（膵癌術後、局所再発、多発肝転移、腹膜播種）,PAAD_腺癌
Pancreatic Adenocarcinoma (PAAD)_膵腺癌,"Invasive ductal carcinoma, moderately differentiated type, pancreas",PAAD_腺癌
Pancreatic Adenocarcinoma (PAAD)_膵腺癌,adeno ca,PAAD_腺癌
Pancreatic Adenocarcinoma (PAAD)_膵腺癌,Mucinous cystadenocarcinoma,PAAD_腺癌
Pancreatic Adenocarcinoma (PAAD)_膵腺癌,Invasive ductal carcinoma of the pancreas tail,PAAD_腺癌
Pancreatic Adenocarcinoma (PAAD)_膵腺癌,Adenocarcinoma、Pancress,PAAD_腺癌
Pancreatic Adenocarcinoma (PAAD)_膵腺癌,moderately diferentiated adenocarcinoma of the pancreaｓ tail,PAAD_腺癌
Pancreatic Adenocarcinoma (PAAD)_膵腺癌,Adenocarcino,PAAD_腺癌
Pancreatic Adenocarcinoma (PAAD)_膵腺癌,"Adenocaricinoma, pancreas（膵癌）",PAAD_腺癌
Pancreatic Adenocarcinoma (PAAD)_膵腺癌,膵腺がん,PAAD_腺癌
Pancreatic Adenocarcinoma (PAAD)_膵腺癌,Adenocarcinoma（膵尾部癌）,PAAD_腺癌
Pancreatic Adenocarcinoma (PAAD)_膵腺癌,"Invasive ductal carcinoma.adenocarcinoma,well differentiated type.",PAAD_腺癌
Pancreatic Adenocarcinoma (PAAD)_膵腺癌,adenocarcinoma(mod),PAAD_腺癌
Pancreatic Adenocarcinoma (PAAD)_膵腺癌,Adenocarcinoma（膵体尾部癌）,PAAD_腺癌
Pancreatic Adenocarcinoma (PAAD)_膵腺癌,moderately deffierentiated adenocarcinoma,PAAD_腺癌
Pancreatic Adenocarcinoma (PAAD)_膵腺癌,"Adenocarcinoma,moderately differentiated",PAAD_腺癌
Pancreatic Adenocarcinoma (PAAD)_膵腺癌,"Invasive ductal carcinoma,well to moderately differentiated tubular adenocarcinoma",PAAD_腺癌
Pancreas (PANCREAS)_膵臓,"Invasive ductal carcinoma of pancreas, biopsy",PAAD_腺癌
Pancreatic Adenocarcinoma (PAAD)_膵腺癌,"Invasive ductal carcinoma,moderately differentiated type,pancreas.",PAAD_腺癌
Pancreatic Adenocarcinoma (PAAD)_膵腺癌,Pancreatic Adenocarcinoma（PAAD）,PAAD_腺癌
Pancreatic Adenocarcinoma (PAAD)_膵腺癌,Adenocarcinoma of the Pancreas,PAAD_腺癌
Pancreatic Adenocarcinoma (PAAD)_膵腺癌,Pancreatic　Adenocarcinoma,PAAD_腺癌
Pancreatic Adenocarcinoma (PAAD)_膵腺癌,adenocrcinoma (膵尾部癌、多発肝転移、多発リンパ節転移),PAAD_腺癌
Pancreatic Adenocarcinoma (PAAD)_膵腺癌,Adenocarcinoma　,PAAD_腺癌
Pancreatic Adenocarcinoma (PAAD)_膵腺癌,adenocaricinoma（膵管癌）,PAAD_腺癌
,腺扁平上皮癌,PAASC_腺扁平上皮癌
,adenosquamous carcinoma of the pancreas,PAASC_腺扁平上皮癌
,Squamous cell carcinoma of the pancreas.,PAASC_腺扁平上皮癌
,adenosquamous carcinoma,PAASC_腺扁平上皮癌
,squamous cell carcinoma,PAASC_腺扁平上皮癌
,CARCINOMA WITH SQUAMOUS DIFFERENTIATION,PAASC_腺扁平上皮癌
,Adenosquamous cell carcinoma,PAASC_腺扁平上皮癌
,腺扁平上皮/粘液類上皮癌,PAASC_腺扁平上皮癌
,Adenosquamous,PAASC_腺扁平上皮癌
,"Carcinoma, with squamous differentiation",PAASC_腺扁平上皮癌
,adenosquamouscaricinoma,PAASC_腺扁平上皮癌
,膵癌（腺扁平上皮癌）,PAASC_腺扁平上皮癌
Adenosquamous Carcinoma of the Pancreas (PAASC)_膵腺扁平上皮癌,膵扁平上皮癌,PAASC_腺扁平上皮癌
,扁平上皮癌《推奨表記》,PAASC_腺扁平上皮癌
Adenosquamous Carcinoma of the Pancreas (PAASC)_膵腺扁平上皮癌,膵頭部腺扁平上皮癌,PAASC_腺扁平上皮癌
Pancreas (PANCREAS)_膵臓,Squamous cell carcinoma,PAASC_腺扁平上皮癌
Adenosquamous Carcinoma of the Pancreas (PAASC)_膵腺扁平上皮癌,"Adenosquamous carcinoma,pancreas",PAASC_腺扁平上皮癌
,invasive mucinous cystadenocarcinoma (adenosquamous carcinoma),PAASC_腺扁平上皮癌
,膵扁平上皮癌《推奨表記》,PAASC_腺扁平上皮癌
Adenosquamous Carcinoma of the Pancreas (PAASC)_膵腺扁平上皮癌,腺扁平上皮癌,PAASC_腺扁平上皮癌
,Squamous cell carcinoma : pancreas,PAASC_腺扁平上皮癌
Adenosquamous Carcinoma of the Pancreas (PAASC)_膵腺扁平上皮癌,possibly adenosquamous carcinoma,PAASC_腺扁平上皮癌
Adenosquamous Carcinoma of the Pancreas (PAASC)_膵腺扁平上皮癌,Squamous cell carcinoma,PAASC_腺扁平上皮癌
Adenosquamous Carcinoma of the Pancreas (PAASC)_膵腺扁平上皮癌,Pancreatic adenosquamous carcinoma（膵頭部がん）,PAASC_腺扁平上皮癌
Pancreatic Adenocarcinoma (PAAD)_膵腺癌,Poorly differentiated adenocarcinoma with partial squamous differentiation,PAASC_腺扁平上皮癌
Adenosquamous Carcinoma of the Pancreas (PAASC)_膵腺扁平上皮癌,,PAASC_腺扁平上皮癌
Adenosquamous Carcinoma of the Pancreas (PAASC)_膵腺扁平上皮癌,膵腺扁平上皮癌,PAASC_腺扁平上皮癌
Adenosquamous Carcinoma of the Pancreas (PAASC)_膵腺扁平上皮癌,膵　腺扁平上皮癌,PAASC_腺扁平上皮癌
Adenosquamous Carcinoma of the Pancreas (PAASC)_膵腺扁平上皮癌,膵がん,PAASC_腺扁平上皮癌
,Solid-pseudopapilary neoplasm (膵充実性偽乳頭状腫瘍）,PACT_嚢胞性腫瘍
Pancreas (PANCREAS)_膵臓,Intraductal tubulopapilary carcinoma,PACT_嚢胞性腫瘍
,Intraductal papillary -mucinous carcinoma　,PACT_嚢胞性腫瘍
,"Intraductal papillary-mucinous carcinoma, invasive",PACT_嚢胞性腫瘍
,充実性偽乳頭状膵腫瘍,PACT_嚢胞性腫瘍
,Invasive intraductal papillary mucinous carcinoma,PACT_嚢胞性腫瘍
,IPMC invasive,PACT_嚢胞性腫瘍
,Solid-pseudopapillary neoplasm,PACT_嚢胞性腫瘍
,膵粘液性嚢胞腺癌,PACT_嚢胞性腫瘍
,膵頭部膵管内乳頭粘液性腺癌,PACT_嚢胞性腫瘍
,"Intraductal papillary-mucinous carcinoma, non-invasive",PACT_嚢胞性腫瘍
,Intraductal papillary mucinous carcinoma,PACT_嚢胞性腫瘍
,膵 solid pseudopapillary neoplasm,PACT_嚢胞性腫瘍
,Solid pseudopalilalry neoplasm.,PACT_嚢胞性腫瘍
,Intraductal papillary-mucinous carcinoma,PACT_嚢胞性腫瘍
,Intraductal papillary-mucinous carcinoma　,PACT_嚢胞性腫瘍
,solid peudopapillary tumor,PACT_嚢胞性腫瘍
Intraductal Papillary Mucinous Neoplasm (IPMN)_膵管内乳頭粘液性腫瘍,IPMN,PACT_嚢胞性腫瘍
,Intraductal papillary mucinous neoplasm (IPMN) with associated invasive carcinoma,PACT_嚢胞性腫瘍
,"Residue of intraductal papillary-mucinous carcinoma, invasive ",PACT_嚢胞性腫瘍
,solid-pseudopapillary tumor,PACT_嚢胞性腫瘍
Mucinous Cystic Neoplasm (MCN)_膵粘液性嚢胞腫瘍,"Mucinous cystadenocarcinoma, invasive",PACT_嚢胞性腫瘍
Solid Pseudopapillary Neoplasm of the Pancreas (SPN)_膵充実性偽乳頭状腫瘍,solid　pseudopapillary neoplasm,PACT_嚢胞性腫瘍
Pancreatic Adenocarcinoma (PAAD)_膵腺癌,intraductal papillary mucinous carcinoma,PACT_嚢胞性腫瘍
Pancreatic Adenocarcinoma (PAAD)_膵腺癌,"Intraductal papillary-mucinous carcinoma, minimally invasive, ruptured",PACT_嚢胞性腫瘍
Intraductal Papillary Mucinous Neoplasm (IPMN)_膵管内乳頭粘液性腫瘍,Intraductal Papillaly Mucinous Carcinoma,PACT_嚢胞性腫瘍
Solid Pseudopapillary Neoplasm of the Pancreas (SPN)_膵充実性偽乳頭状腫瘍,Solid-pseudopapillary neoplasm,PACT_嚢胞性腫瘍
Cystic Tumor of the Pancreas (PACT)_膵嚢胞性腫瘍,Intraductal papillary mucinous carcinoma of the pancreas（膵管内乳頭粘液性腫瘍）,PACT_嚢胞性腫瘍
Intraductal Papillary Mucinous Neoplasm (IPMN)_膵管内乳頭粘液性腫瘍,Intraductal papillary mucinouis tumor,PACT_嚢胞性腫瘍
Mucinous Cystic Neoplasm (MCN)_膵粘液性嚢胞腫瘍,膵粘液性嚢胞腫瘍,PACT_嚢胞性腫瘍
Intraductal Papillary Mucinous Neoplasm (IPMN)_膵管内乳頭粘液性腫瘍,,PACT_嚢胞性腫瘍
Intraductal Papillary Mucinous Neoplasm (IPMN)_膵管内乳頭粘液性腫瘍,膵管内乳頭粘液性腫瘍,PACT_嚢胞性腫瘍
Solid Pseudopapillary Neoplasm of the Pancreas (SPN)_膵充実性偽乳頭状腫瘍,Solid pseudopapillary neoplasm,PACT_嚢胞性腫瘍
Intraductal Papillary Mucinous Neoplasm (IPMN)_膵管内乳頭粘液性腫瘍,Intraductal papillary mucinous neoplasm,PACT_嚢胞性腫瘍
Intraductal Papillary Mucinous Neoplasm (IPMN)_膵管内乳頭粘液性腫瘍,Intraductal papillary  mucinous neoplasm,PACT_嚢胞性腫瘍
Mucinous Cystic Neoplasm (MCN)_膵粘液性嚢胞腫瘍,,PACT_嚢胞性腫瘍
,carcinoma with neuroendocrine differentiation,PANEC_膵神経内分泌癌
,"Adenocarcinoma of the pancreas, EUS-FNA. (2019/6/19neuroendocrine carcinomaに診断変更）",PANEC_膵神経内分泌癌
,膵神経内分泌がん,PANEC_膵神経内分泌癌
,膵原発神経内分泌癌,PANEC_膵神経内分泌癌
,膵神経内分泌癌,PANEC_膵神経内分泌癌
,"Neuroendocrine neoplasm, NETG3 or NEC",PANEC_膵神経内分泌癌
,Neuroendocrine carcinoma,PANEC_膵神経内分泌癌
,神経内分泌細胞癌(膵癌),PANEC_膵神経内分泌癌
,Ｍｉｘｅｄ acinar ductal neuroendocrine carcinoma　（膵原発MANEC、多発肝転移、腹膜播種）,PANEC_膵神経内分泌癌
,神経内分泌癌,PANEC_膵神経内分泌癌
Pancreas (PANCREAS)_膵臓,神経内分泌癌,PANEC_膵神経内分泌癌
,Neuroendocrine carcinoma with a focus of ductal adenocarcinoma,PANEC_膵神経内分泌癌
,mixed acinar neuroendocrone carcinoma,PANEC_膵神経内分泌癌
Pancreatic Neuroendocrine Tumor (PANET)_膵神経内分泌腫瘍,neuroendocrine carcinoma,PANEC_膵神経内分泌癌
Pancreas (PANCREAS)_膵臓,Neuroendocrine carcinoma,PANEC_膵神経内分泌癌
Pancreatic Neuroendocrine Tumor (PANET)_膵神経内分泌腫瘍,Pancreatic neuroendocrine carcinoma,PANEC_膵神経内分泌癌
Pancreatic Neuroendocrine Tumor (PANET)_膵神経内分泌腫瘍,Laege cell neuroendocrine carcinoma,PANEC_膵神経内分泌癌
Pancreas (PANCREAS)_膵臓,神経内分泌癌，NOS 小細胞癌,PANEC_膵神経内分泌癌
Pancreatic Neuroendocrine Tumor (PANET)_膵神経内分泌腫瘍,METASTASIS OF　NEUROENDOCRINE CARCINOMA,PANEC_膵神経内分泌癌
Pancreatic Neuroendocrine Tumor (PANET)_膵神経内分泌腫瘍,NEUROENDOCRINE　CARCINOMA,PANEC_膵神経内分泌癌
Pancreatic Neuroendocrine Tumor (PANET)_膵神経内分泌腫瘍,膵神経内分泌癌,PANEC_膵神経内分泌癌
Pancreas (PANCREAS)_膵臓,Large-cell neuroendocrine carcinoma,PANEC_膵神経内分泌癌
Pancreatic Neuroendocrine Tumor (PANET)_膵神経内分泌腫瘍,Neuroendocrine Carcinoma,PANEC_膵神経内分泌癌
Pancreatic Neuroendocrine Tumor (PANET)_膵神経内分泌腫瘍,pancreas neuroendocrine carcinoma,PANEC_膵神経内分泌癌
Pancreatic Neuroendocrine Tumor (PANET)_膵神経内分泌腫瘍,Mixed acinar and neuroendcrine cell carcinoma of pancreas （混合型膵神経内分泌癌）,PANEC_膵神経内分泌癌
Pancreatic Neuroendocrine Tumor (PANET)_膵神経内分泌腫瘍,Neuroendocrine carcinoma,PANEC_膵神経内分泌癌
Pancreatic Neuroendocrine Tumor (PANET)_膵神経内分泌腫瘍,Neuroendocrine carcinoma of the  pancreatic head,PANEC_膵神経内分泌癌
Pancreatic Neuroendocrine Tumor (PANET)_膵神経内分泌腫瘍,Neuroendocrine carcinoma of the pancreas,PANEC_膵神経内分泌癌
Pancreatic Neuroendocrine Tumor (PANET)_膵神経内分泌腫瘍,Neuroedocrine carcinoma,PANEC_膵神経内分泌癌
Pancreatic Neuroendocrine Tumor (PANET)_膵神経内分泌腫瘍,PNET G3,PANEC_膵神経内分泌癌
Pancreatic Neuroendocrine Tumor (PANET)_膵神経内分泌腫瘍,MiNEN,PANEC_膵神経内分泌癌
Pancreatic Neuroendocrine Tumor (PANET)_膵神経内分泌腫瘍,NEUROENDOCRINE CARCINOMA,PANEC_膵神経内分泌癌
Pancreatic Neuroendocrine Tumor (PANET)_膵神経内分泌腫瘍,神経内分泌癌,PANEC_膵神経内分泌癌
,"Neuroendocrine tumor, G3 (liver, biopsy)",PANEC_膵神経内分泌癌
,mixed acinar cell carcinoma nd neuroendocrine tumor G3,PANEC_膵神経内分泌癌
,endcrine carcinoma,PANEC_膵神経内分泌癌
,well differentiated endocrine carcinoma,PANEC_膵神経内分泌癌
,"Neuroendocrine tumor,G3",PANEC_膵神経内分泌癌
,neuroendocrine tumor（NET）G3,PANEC_膵神経内分泌癌
,Neuroendocrine tumor (G3),PANEC_膵神経内分泌癌
Pancreatic Neuroendocrine Tumor (PANET)_膵神経内分泌腫瘍,neuroendocrine tumor G3,PANEC_膵神経内分泌癌
Pancreatic Neuroendocrine Tumor (PANET)_膵神経内分泌腫瘍,膵NET(G3),PANEC_膵神経内分泌癌
Pancreatic Neuroendocrine Tumor (PANET)_膵神経内分泌腫瘍,"Neuroendocrine Tumor（NET,well differentiated neuroendocrine carcinoma),metastasis,G2",PANEC_膵神経内分泌癌
Pancreas (PANCREAS)_膵臓,膵　神経内分泌細胞腫瘍（Pan NEN G3）,PANEC_膵神経内分泌癌
Pancreatic Neuroendocrine Tumor (PANET)_膵神経内分泌腫瘍,P-NEN G3,PANEC_膵神経内分泌癌
Pancreatic Neuroendocrine Tumor (PANET)_膵神経内分泌腫瘍,神経内分泌腫瘍 neuroendocrine tumor G3,PANEC_膵神経内分泌癌
Pancreatic Neuroendocrine Tumor (PANET)_膵神経内分泌腫瘍,Mixed acinar-neuroendocrine carcinoma,PANEC_膵神経内分泌癌
Pancreatic Neuroendocrine Tumor (PANET)_膵神経内分泌腫瘍,Neuroendocrine neoplasm Grade 3,PANEC_膵神経内分泌癌
Pancreatic Neuroendocrine Tumor (PANET)_膵神経内分泌腫瘍,Neuroendocrine carcinoma(神経内分泌癌）,PANEC_膵神経内分泌癌
Pancreatic Neuroendocrine Tumor (PANET)_膵神経内分泌腫瘍,"Neuroendocrine Carcinoma, small cell type",PANEC_膵神経内分泌癌
,膵神経内分泌腫瘍　Grade2,PANET_膵神経内分泌腫瘍
,Neuroendocrine tumor,PANET_膵神経内分泌腫瘍
,"Carcinoma with neuroendocrine feature,pancreas",PANET_膵神経内分泌腫瘍
,Well differentiated endocrine tumor ofpancreas,PANET_膵神経内分泌腫瘍
,膵神経内分泌腫瘍G2,PANET_膵神経内分泌腫瘍
,膵神経内分泌腫瘍G1,PANET_膵神経内分泌腫瘍
,Pancreatic Neuroendocrine Neoplasm,PANET_膵神経内分泌腫瘍
,神経内分泌腫瘍,PANET_膵神経内分泌腫瘍
,"Neuroendocrine tumor (NET),favor G2",PANET_膵神経内分泌腫瘍
,小細胞がん,PANET_膵神経内分泌腫瘍
,neuroendocirine tumor G2,PANET_膵神経内分泌腫瘍
,膵神経内分泌腫瘍,PANET_膵神経内分泌腫瘍
,"pancreatic endocrine tumor,involving liver",PANET_膵神経内分泌腫瘍
,膵内分泌腫瘍,PANET_膵神経内分泌腫瘍
,pancreatic neuroendocrine tumor,PANET_膵神経内分泌腫瘍
,"2020年1月8日　ソマチュリン開始
 Neuroendocrine tumor, metastatic",PANET_膵神経内分泌腫瘍
,neuroendocrine tumor (NET G2)（神経内分泌腫瘍）,PANET_膵神経内分泌腫瘍
,"neuroendocrine tumor, G2",PANET_膵神経内分泌腫瘍
,"neuroendocrine tumor (NET-G2), 膵神経内分泌腫瘍（P-NET G2）、多発肝転移",PANET_膵神経内分泌腫瘍
,膵神経内分泌腫瘍　Neuroendocrine tumor grade2,PANET_膵神経内分泌腫瘍
,高分化型神経内分泌腫瘍,PANET_膵神経内分泌腫瘍
,neuroendocrine tumor,PANET_膵神経内分泌腫瘍
Pancreas (PANCREAS)_膵臓,Neuroendocrine tumor(G2),PANET_膵神経内分泌腫瘍
,"Neuroendocrine tumor(NET,G2)",PANET_膵神経内分泌腫瘍
Pancreatic Neuroendocrine Tumor (PANET)_膵神経内分泌腫瘍,Neuroendocrine tumor,PANET_膵神経内分泌腫瘍
,pancreatic neuroendocrine neoplasms,PANET_膵神経内分泌腫瘍
Pancreatic Neuroendocrine Tumor (PANET)_膵神経内分泌腫瘍,膵神経内分泌腫瘍,PANET_膵神経内分泌腫瘍
Pancreatic Neuroendocrine Tumor (PANET)_膵神経内分泌腫瘍,NEUROENDOCRINE,PANET_膵神経内分泌腫瘍
Pancreatic Neuroendocrine Tumor (PANET)_膵神経内分泌腫瘍,,PANET_膵神経内分泌腫瘍
Pancreatic Neuroendocrine Tumor (PANET)_膵神経内分泌腫瘍,神経内分泌腫瘍　G2,PANET_膵神経内分泌腫瘍
Pancreatic Neuroendocrine Tumor (PANET)_膵神経内分泌腫瘍,神経内分泌腫瘍G2,PANET_膵神経内分泌腫瘍
,neuroendocrine tumor G2,PANET_膵神経内分泌腫瘍
Pancreatic Neuroendocrine Tumor (PANET)_膵神経内分泌腫瘍,Neuroendocrine tumor（G２）,PANET_膵神経内分泌腫瘍
Pancreatic Neuroendocrine Tumor (PANET)_膵神経内分泌腫瘍,Neuroendocrine tumor (G2),PANET_膵神経内分泌腫瘍
Pancreatic Neuroendocrine Tumor (PANET)_膵神経内分泌腫瘍,Neuroendocrine tumors,PANET_膵神経内分泌腫瘍
Pancreatic Neuroendocrine Tumor (PANET)_膵神経内分泌腫瘍,neuroendocrine tumor grade2,PANET_膵神経内分泌腫瘍
Pancreatic Neuroendocrine Tumor (PANET)_膵神経内分泌腫瘍,neuroendocrine tumor,PANET_膵神経内分泌腫瘍
Pancreatic Neuroendocrine Tumor (PANET)_膵神経内分泌腫瘍,"Neuroendocrine tumor,G2",PANET_膵神経内分泌腫瘍
Pancreatic Neuroendocrine Tumor (PANET)_膵神経内分泌腫瘍,"Pancreatic Neuroendocrine Tumor ,G2",PANET_膵神経内分泌腫瘍
Pancreatic Neuroendocrine Tumor (PANET)_膵神経内分泌腫瘍,neuroendocrine tumor G2,PANET_膵神経内分泌腫瘍
Pancreatic Neuroendocrine Tumor (PANET)_膵神経内分泌腫瘍,NEUROENDOCRINE TUMOR,PANET_膵神経内分泌腫瘍
Pancreatic Neuroendocrine Tumor (PANET)_膵神経内分泌腫瘍,"Pancreatic Neuroendocrine Tumor,G2",PANET_膵神経内分泌腫瘍
Pancreas (PANCREAS)_膵臓,神経内分泌腫瘍,PANET_膵神経内分泌腫瘍
Pancreatic Neuroendocrine Tumor (PANET)_膵神経内分泌腫瘍,Neoroendocrine tumor,PANET_膵神経内分泌腫瘍
,"膵神経内分泌腫瘍
膵神経内分泌腫瘍",PANET_膵神経内分泌腫瘍
Pancreatic Neuroendocrine Tumor (PANET)_膵神経内分泌腫瘍,NEUROENDOCRINE NEOPLASM,PANET_膵神経内分泌腫瘍
Pancreatic Neuroendocrine Tumor (PANET)_膵神経内分泌腫瘍,Gastrinoma,PANET_膵神経内分泌腫瘍
Pancreatic Neuroendocrine Tumor (PANET)_膵神経内分泌腫瘍,Metastatic neuroendcrine tumor G2,PANET_膵神経内分泌腫瘍
Pancreatic Neuroendocrine Tumor (PANET)_膵神経内分泌腫瘍,"Neuroendocrine tumor, G2",PANET_膵神経内分泌腫瘍
Pancreatic Neuroendocrine Tumor (PANET)_膵神経内分泌腫瘍,"Neuroendocrine tumor,compatible with metastasis of pancreatic tumor（G2）",PANET_膵神経内分泌腫瘍
Pancreatic Neuroendocrine Tumor (PANET)_膵神経内分泌腫瘍,Neuroendocrine Tumor,PANET_膵神経内分泌腫瘍
Pancreatic Neuroendocrine Tumor (PANET)_膵神経内分泌腫瘍,"neuroendocrine tumor, G2",PANET_膵神経内分泌腫瘍
Pancreatic Neuroendocrine Tumor (PANET)_膵神経内分泌腫瘍,Neuroendocrine neoplasm (G2),PANET_膵神経内分泌腫瘍
Pancreatic Neuroendocrine Tumor (PANET)_膵神経内分泌腫瘍,Pancreaic neuroendocrine neoplasm ,PANET_膵神経内分泌腫瘍
Pancreatic Neuroendocrine Tumor (PANET)_膵神経内分泌腫瘍,NET G2,PANET_膵神経内分泌腫瘍
Pancreatic Neuroendocrine Tumor (PANET)_膵神経内分泌腫瘍,Pancreatic neuroendocrine tumor,PANET_膵神経内分泌腫瘍
Pancreatic Neuroendocrine Tumor (PANET)_膵神経内分泌腫瘍,神経内分泌腫瘍,PANET_膵神経内分泌腫瘍
Pancreatic Neuroendocrine Tumor (PANET)_膵神経内分泌腫瘍,"Neuroendocrine　tumor,G2",PANET_膵神経内分泌腫瘍
Pancreatic Neuroendocrine Tumor (PANET)_膵神経内分泌腫瘍,"Pancreas, NET(NEC)",PANET_膵神経内分泌腫瘍
Pancreatic Neuroendocrine Tumor (PANET)_膵神経内分泌腫瘍,神経内分泌腫瘍《標準病名》,PANET_膵神経内分泌腫瘍
Pancreatic Neuroendocrine Tumor (PANET)_膵神経内分泌腫瘍,膵神経内分泌腫瘍Ｇ2,PANET_膵神経内分泌腫瘍
Pancreatic Neuroendocrine Tumor (PANET)_膵神経内分泌腫瘍,Pancreatic Neuroendocrine Tumor,PANET_膵神経内分泌腫瘍
Pancreatic Neuroendocrine Tumor (PANET)_膵神経内分泌腫瘍,Neuroendocrine tumor of the pancreas.,PANET_膵神経内分泌腫瘍
Pancreatic Neuroendocrine Tumor (PANET)_膵神経内分泌腫瘍,neuroendocrine　neoplasm,PANET_膵神経内分泌腫瘍
Pancreatic Neuroendocrine Tumor (PANET)_膵神経内分泌腫瘍,Neuro endocrine tumor,PANET_膵神経内分泌腫瘍
Pancreatic Neuroendocrine Tumor (PANET)_膵神経内分泌腫瘍,EUROENDOCRINE,PANET_膵神経内分泌腫瘍
,膵芽腫,PB_膵芽腫
Pancreatoblastoma (PB)_膵芽腫,膵芽腫,PB_膵芽腫
,ANAPLASTIC　CARCINOMA,UCP_分類不能
Undifferentiated Carcinoma of the Pancreas (UCP)_膵未分化癌 (膵退形成癌),Anaplastic carcinoma pleomorphic type,UCP_分類不能
Pancreas (PANCREAS)_膵臓,Anaplastic carcinoma of the pancreas. ,UCP_分類不能
Undifferentiated Carcinoma of the Pancreas (UCP)_膵未分化癌 (膵退形成癌),Anaplastic carcinoma,UCP_分類不能
Undifferentiated Carcinoma of the Pancreas (UCP)_膵未分化癌 (膵退形成癌),"Anaplastic carcinoma, pleomorphic type, pancreas (膵臓癌：多形型未分化がん）",UCP_分類不能
Undifferentiated Carcinoma of the Pancreas (UCP)_膵未分化癌 (膵退形成癌),anaplastic carcinoma,UCP_分類不能
Osteoclastic Giant Cell Tumor (OSGCT)_膵未分化癌 (膵退形成癌)破骨細胞型巨細胞を伴う,"Anaplastic carcinoma,with osteoclast-like giant cells",UCP_分類不能
Pancreatic Adenocarcinoma (PAAD)_膵腺癌,Atypical cell,UCP_分類不能
Pancreatic Adenocarcinoma (PAAD)_膵腺癌,"Atypical cells of the pancreas, EUS-FNA",UCP_分類不能
Pancreas (PANCREAS)_膵臓,Inadequate specimen,UCP_分類不能
Pancreatic Neuroendocrine Tumor (PANET)_膵神経内分泌腫瘍,神経内分泌肉腫,UCP_分類不能
Undifferentiated Carcinoma of the Pancreas (UCP)_膵未分化癌 (膵退形成癌),"Anaplastic carcinoma,pancreas",UCP_分類不能
Pancreas (PANCREAS)_膵臓,Cellular atypia,UCP_分類不能
Undifferentiated Carcinoma of the Pancreas (UCP)_膵未分化癌 (膵退形成癌),浸潤性膵管癌,UCP_分類不能
Undifferentiated Carcinoma of the Pancreas (UCP)_膵未分化癌 (膵退形成癌),,UCP_分類不能
Undifferentiated Carcinoma of the Pancreas (UCP)_膵未分化癌 (膵退形成癌),膵退形成癌,UCP_分類不能
Intraductal Papillary Mucinous Neoplasm (IPMN)_膵管内乳頭粘液性腫瘍,"Intraductal Pappillary Mucinous Carcinoma, Adenocarcinoma in Peritoneum（浸潤性膵管内乳頭粘液がん）",PACT_嚢胞性腫瘍